/*
 Navicat Premium Data Transfer

 Source Server         : admin
 Source Server Type    : MySQL
 Source Server Version : 50636
 Source Host           : localhost:3306
 Source Schema         : luowowo

 Target Server Type    : MySQL
 Target Server Version : 50636
 File Encoding         : 65001

 Date: 28/11/2019 16:39:34
*/

SET NAMES utf8mb4;
SET FOREIGN_KEY_CHECKS = 0;

-- ----------------------------
-- Table structure for destination
-- ----------------------------
DROP TABLE IF EXISTS `destination`;
CREATE TABLE `destination`  (
  `id` bigint(20) NOT NULL AUTO_INCREMENT,
  `parent_id` bigint(20) NULL DEFAULT NULL,
  `region_id` bigint(20) NULL DEFAULT NULL,
  `name` varchar(255) CHARACTER SET utf8 COLLATE utf8_general_ci NULL DEFAULT NULL,
  `hot` int(11) NULL DEFAULT NULL,
  `coverUrl` varchar(255) CHARACTER SET utf8 COLLATE utf8_general_ci NULL DEFAULT NULL,
  `info` varchar(255) CHARACTER SET utf8 COLLATE utf8_general_ci NULL DEFAULT NULL,
  `deep` int(11) NULL DEFAULT NULL,
  PRIMARY KEY (`id`) USING BTREE
) ENGINE = InnoDB AUTO_INCREMENT = 3513 CHARACTER SET = utf8 COLLATE = utf8_general_ci ROW_FORMAT = Compact;

-- ----------------------------
-- Records of destination
-- ----------------------------
INSERT INTO `destination` VALUES (1, NULL, 1, '中国', 1, '/738b4710b912c8fc15163168fd039245d78821aa.jpg', '中国，是以华夏文明为源泉、中华文化为基础，并以汉族为主体民族的多民族国家，通用汉语、汉字，汉族与少数民族被统称为“中华民族”，又自称为炎黄子孙、龙的传人。', 1);
INSERT INTO `destination` VALUES (11, NULL, 3, '埃及', 0, NULL, NULL, 1);
INSERT INTO `destination` VALUES (30, NULL, 5, '巴西', 0, NULL, NULL, 1);
INSERT INTO `destination` VALUES (55, NULL, 5, '俄罗斯', 0, NULL, NULL, 1);
INSERT INTO `destination` VALUES (83, NULL, 1, '韩国', 1, NULL, '韩国棒子', 1);
INSERT INTO `destination` VALUES (84, NULL, 5, '荷兰', 1, NULL, NULL, 1);
INSERT INTO `destination` VALUES (93, NULL, 4, '加拿大', 1, NULL, NULL, 1);
INSERT INTO `destination` VALUES (96, NULL, 3, '柬埔寨', 0, NULL, NULL, 1);
INSERT INTO `destination` VALUES (122, NULL, 1, '马尔代夫', 1, NULL, '马尔代夫，度假天堂', 1);
INSERT INTO `destination` VALUES (125, NULL, 1, '马来西亚', 0, NULL, NULL, 1);
INSERT INTO `destination` VALUES (134, NULL, 4, '美国', 1, '/4610b912c8fcc3ced986553d9545d688d43f207d.jpg', '美利坚合众国（英语：United States of America），简称“美国”（United States），是由华盛顿哥伦比亚特区、50个州和关岛等众多海外领土组成的联邦共和立宪制国家', 1);
INSERT INTO `destination` VALUES (142, NULL, 3, '缅甸', 1, NULL, NULL, 1);
INSERT INTO `destination` VALUES (153, NULL, 1, '尼泊尔', 1, NULL, NULL, 1);
INSERT INTO `destination` VALUES (164, NULL, 1, '日本', 1, '/8c1001e93901213feb63580c53e736d12e2e9589.jpg', '日本国（日语：にっぽんこく、にほんこく；英语：Japan），简称“日本”，位于东亚、国名意为“日出之国”，领土由北海道、本州、四国、九州四个大岛及6800多个小岛组成，总面积37.8万平方公里', 1);
INSERT INTO `destination` VALUES (183, NULL, 1, '斯里兰卡', 1, NULL, NULL, 1);
INSERT INTO `destination` VALUES (193, NULL, 3, '泰国', 1, '/35a85edf8db1cb13848fdb06dd54564e93584bc5.jpg', '泰王国（泰语：ราชอาณาจักรไทย，英语：The Kingdom of Thailand），简称“泰国”（Thailand）。是一个位于东南亚的君主立宪制国家', 1);
INSERT INTO `destination` VALUES (201, NULL, 1, '土耳其', 1, NULL, NULL, 1);
INSERT INTO `destination` VALUES (219, NULL, 6, '新西兰', 1, NULL, NULL, 1);
INSERT INTO `destination` VALUES (229, NULL, 3, '印度', 1, NULL, NULL, 1);
INSERT INTO `destination` VALUES (234, NULL, 3, '越南', 1, NULL, NULL, 1);
INSERT INTO `destination` VALUES (240, 1, NULL, '直辖市', NULL, NULL, NULL, 2);
INSERT INTO `destination` VALUES (241, 240, NULL, '北京', 1, '/0bd162d9f2d3572cc08ce2698113632762d0c31d.jpg', '北京，简称“京”，是中华人民共和国的首都，是全国的政治中心、文化中心，国家中心城市、超大城市，是世界著名古都和现代化国际城市。', 3);
INSERT INTO `destination` VALUES (242, 240, NULL, '天津', 1, NULL, NULL, 3);
INSERT INTO `destination` VALUES (243, 1, NULL, '河北', 1, NULL, NULL, 2);
INSERT INTO `destination` VALUES (244, 1, NULL, '山西', 1, NULL, NULL, 2);
INSERT INTO `destination` VALUES (245, 1, NULL, '内蒙古', 1, NULL, NULL, 2);
INSERT INTO `destination` VALUES (246, 1, NULL, '辽宁', 1, NULL, NULL, 2);
INSERT INTO `destination` VALUES (247, 1, NULL, '吉林', 1, NULL, NULL, 2);
INSERT INTO `destination` VALUES (248, 1, NULL, '黑龙江', 1, NULL, NULL, 2);
INSERT INTO `destination` VALUES (249, 240, NULL, '上海', 1, '/faedab64034f78f05ebbe45f7b310a55b2191ced.jpg', '海市，简称“沪”，是中华人民共和国省级行政区。上海是中国共产党诞生地、国家历史文化名城，中国经济、金融、贸易、航运、科技创新中心', 3);
INSERT INTO `destination` VALUES (250, 1, NULL, '江苏', 1, NULL, NULL, 2);
INSERT INTO `destination` VALUES (251, 1, NULL, '浙江', 1, NULL, NULL, 2);
INSERT INTO `destination` VALUES (252, 1, NULL, '安徽', 1, NULL, NULL, 2);
INSERT INTO `destination` VALUES (253, 1, NULL, '福建', 1, NULL, NULL, 2);
INSERT INTO `destination` VALUES (254, 1, NULL, '江西', 1, NULL, NULL, 2);
INSERT INTO `destination` VALUES (255, 1, NULL, '山东', 1, NULL, NULL, 2);
INSERT INTO `destination` VALUES (256, 1, NULL, '河南', 1, NULL, NULL, 2);
INSERT INTO `destination` VALUES (257, 1, NULL, '湖北', 1, NULL, NULL, 2);
INSERT INTO `destination` VALUES (258, 1, NULL, '湖南', 1, NULL, NULL, 2);
INSERT INTO `destination` VALUES (259, 1, NULL, '广东', 1, 'b8389b504fc2d5624b6d4a1bee1190ef77c66cdb.jpg', '广东，简称“粤”，是中华人民共和国省级行政区，省会广州。名由岭南东道、广南东路演变而来。位于南岭以南，南海之滨，与香港、澳门、广西、湖南、江西及福建接壤，与海南隔海相望', 2);
INSERT INTO `destination` VALUES (260, 1, NULL, '广西', 1, NULL, NULL, 2);
INSERT INTO `destination` VALUES (261, 1, NULL, '海南', 1, NULL, NULL, 2);
INSERT INTO `destination` VALUES (262, 240, NULL, '重庆', 1, NULL, NULL, 3);
INSERT INTO `destination` VALUES (263, 1, NULL, '四川', 1, '/f703738da9773912a8505420f1198618367ae279.jpg', '四川，简称“川”或“蜀”，是中华人民共和国省级行政区。省会成都，位于中国西南地区内陆，界于北纬26°03′-34°19′，东经97°21′-108°12′之间，东连重庆，南邻云南、贵州，西接西藏，北界陕西、甘肃、青海，四川省总面积48.6万平方千米', 2);
INSERT INTO `destination` VALUES (264, 1, NULL, '贵州', 1, NULL, NULL, 2);
INSERT INTO `destination` VALUES (265, 1, NULL, '云南', 1, NULL, NULL, 2);
INSERT INTO `destination` VALUES (266, 1, NULL, '西藏', 1, NULL, NULL, 2);
INSERT INTO `destination` VALUES (267, 1, NULL, '陕西', 1, NULL, NULL, 2);
INSERT INTO `destination` VALUES (268, 1, NULL, '甘肃', 1, NULL, NULL, 2);
INSERT INTO `destination` VALUES (269, 1, NULL, '青海', 1, NULL, NULL, 2);
INSERT INTO `destination` VALUES (270, 1, NULL, '宁夏', 1, NULL, NULL, 2);
INSERT INTO `destination` VALUES (271, 1, NULL, '新疆', 1, NULL, NULL, 2);
INSERT INTO `destination` VALUES (272, 1, NULL, '台湾', 1, NULL, NULL, 2);
INSERT INTO `destination` VALUES (273, 1, NULL, '香港', 1, NULL, NULL, 2);
INSERT INTO `destination` VALUES (274, 1, NULL, '澳门', 1, NULL, NULL, 2);
INSERT INTO `destination` VALUES (304, 125, NULL, '吉隆坡', 1, NULL, NULL, 2);
INSERT INTO `destination` VALUES (305, 125, NULL, '马六甲', 1, NULL, NULL, 2);
INSERT INTO `destination` VALUES (311, 125, NULL, '沙巴', 1, NULL, NULL, 2);
INSERT INTO `destination` VALUES (329, 134, NULL, '华盛顿', 1, NULL, NULL, 2);
INSERT INTO `destination` VALUES (350, 134, NULL, '纽约', 1, '/3bf33a87e950352a0b2696185f43fbf2b2118b5f.jpg', '纽约市（New York City，简称NYC），位于美国纽约州东南部大西洋沿岸，是美国第一大城市及第一大港口，纽约都市圈为世界上最大的城市圈之一，与英国伦敦、中国香港并称为“纽伦港”（Nylonkong）', 2);
INSERT INTO `destination` VALUES (356, 134, NULL, '夏威夷', 1, NULL, NULL, 2);
INSERT INTO `destination` VALUES (362, 134, NULL, '印第安那', 1, NULL, NULL, 2);
INSERT INTO `destination` VALUES (493, 11, NULL, '阿斯旺', 1, NULL, NULL, 2);
INSERT INTO `destination` VALUES (494, 11, NULL, '古尔代盖', 1, NULL, NULL, 2);
INSERT INTO `destination` VALUES (495, 11, NULL, '开罗', 1, NULL, NULL, 2);
INSERT INTO `destination` VALUES (641, 30, NULL, '阿克里', 1, NULL, NULL, 2);
INSERT INTO `destination` VALUES (646, 30, NULL, '巴伊亚', 1, NULL, NULL, 2);
INSERT INTO `destination` VALUES (658, 30, NULL, '帕拉', 1, NULL, NULL, 2);
INSERT INTO `destination` VALUES (1232, 84, NULL, '阿姆斯特丹', 1, NULL, NULL, 2);
INSERT INTO `destination` VALUES (1237, 84, NULL, '埃门', 1, NULL, NULL, 2);
INSERT INTO `destination` VALUES (1249, 84, NULL, '鹿特丹', 1, NULL, NULL, 2);
INSERT INTO `destination` VALUES (1311, 93, NULL, '巴里', 1, NULL, NULL, 2);
INSERT INTO `destination` VALUES (1313, 93, NULL, '多伦多', 1, NULL, NULL, 2);
INSERT INTO `destination` VALUES (1322, 93, NULL, '卡里加里', 1, NULL, NULL, 2);
INSERT INTO `destination` VALUES (1363, 96, NULL, '白马', 1, NULL, NULL, 2);
INSERT INTO `destination` VALUES (1368, 96, NULL, '磅士卑', 1, NULL, NULL, 2);
INSERT INTO `destination` VALUES (1377, 96, NULL, '金边', 1, NULL, NULL, 2);
INSERT INTO `destination` VALUES (1669, 122, NULL, '阿杜', 1, NULL, NULL, 2);
INSERT INTO `destination` VALUES (1682, 122, NULL, '马累岛', 1, NULL, NULL, 2);
INSERT INTO `destination` VALUES (1688, 122, NULL, '南尼兰杜', 1, NULL, NULL, 2);
INSERT INTO `destination` VALUES (1782, 142, NULL, '勃固', 1, NULL, NULL, 2);
INSERT INTO `destination` VALUES (1783, 142, NULL, '掸邦', 1, NULL, NULL, 2);
INSERT INTO `destination` VALUES (1794, 142, NULL, '仰光', 1, NULL, NULL, 2);
INSERT INTO `destination` VALUES (1931, 153, NULL, '戈西', 1, NULL, NULL, 2);
INSERT INTO `destination` VALUES (1937, 153, NULL, '梅吉', 1, NULL, NULL, 2);
INSERT INTO `destination` VALUES (1941, 153, NULL, '塞蒂', 1, NULL, NULL, 2);
INSERT INTO `destination` VALUES (2022, 164, NULL, '北海道', 1, NULL, NULL, 2);
INSERT INTO `destination` VALUES (2030, 164, NULL, '东京', 1, '/2fdda3cc7cd98d10a5baf5262b3fb80e7bec90bf.jpg', '东京（とうきょう、Tōkyō），是日本的“都”， [1]  位于日本关东平原中部，是面向东京湾的国际大都市，日本三大都市圈之一东京都市圈的中心城市', 2);
INSERT INTO `destination` VALUES (2034, 164, NULL, '富山', 1, NULL, NULL, 2);
INSERT INTO `destination` VALUES (2039, 164, NULL, '广岛', 1, '/1f178a82b9014a906c391118a1773912b31bee14.png', '广岛（ひろしま）是日本本州岛西部的滨海城市，以广岛市为中心构成了日本三大都市圈之外的广岛都市圈。在第二次世界大战曾受美国原子弹的破坏，后于1958年重建', 2);
INSERT INTO `destination` VALUES (2191, 183, NULL, '巴杜勒', 1, NULL, NULL, 2);
INSERT INTO `destination` VALUES (2196, 183, NULL, '加勒', 1, NULL, NULL, 2);
INSERT INTO `destination` VALUES (2201, 183, NULL, '康提', 1, NULL, NULL, 2);
INSERT INTO `destination` VALUES (2279, 193, NULL, '巴蜀', 1, NULL, NULL, 2);
INSERT INTO `destination` VALUES (2284, 193, NULL, '北大年', 1, NULL, NULL, 2);
INSERT INTO `destination` VALUES (2305, 193, NULL, '甲米', 1, NULL, NULL, 2);
INSERT INTO `destination` VALUES (2318, 193, NULL, '曼谷', 1, '/562c11dfa9ec8a130ce5d5c2f303918fa0ecc011.jpg', '曼谷（泰文：กรุงเทพมหานคร；英文：Bangkok），是泰国首都和最大城市，别名“天使之城”，位于昭披耶河东岸，南临暹罗湾，中南半岛最大城市，东南亚第二大城市，为泰国政治、经济、贸易、交通、文化、科技、教育、宗教与各方面中心', 2);
INSERT INTO `destination` VALUES (2409, 201, NULL, '阿德亚曼', 1, NULL, NULL, 2);
INSERT INTO `destination` VALUES (2414, 201, NULL, '阿勒', 1, NULL, NULL, 2);
INSERT INTO `destination` VALUES (2419, 201, NULL, '埃拉泽', 1, NULL, NULL, 2);
INSERT INTO `destination` VALUES (2424, 201, NULL, '奥尔杜', 1, NULL, NULL, 2);
INSERT INTO `destination` VALUES (2721, 219, NULL, '奥克兰', 1, NULL, NULL, 2);
INSERT INTO `destination` VALUES (2729, 219, NULL, '黑斯廷斯', 1, NULL, NULL, 2);
INSERT INTO `destination` VALUES (2732, 219, NULL, '凯帕拉', 1, NULL, NULL, 2);
INSERT INTO `destination` VALUES (2902, 229, NULL, '班加罗尔', 1, NULL, NULL, 2);
INSERT INTO `destination` VALUES (2911, 229, NULL, '加尔各答', 1, NULL, NULL, 2);
INSERT INTO `destination` VALUES (2926, 229, NULL, '新德里', 1, NULL, NULL, 2);
INSERT INTO `destination` VALUES (2972, 234, NULL, '海防', 1, NULL, NULL, 2);
INSERT INTO `destination` VALUES (2973, 234, NULL, '河内', 1, NULL, NULL, 2);
INSERT INTO `destination` VALUES (2974, 234, NULL, '胡志明', 1, NULL, NULL, 2);
INSERT INTO `destination` VALUES (3015, 241, NULL, '东城区', 1, NULL, NULL, 3);
INSERT INTO `destination` VALUES (3016, 241, NULL, '西城区', 1, NULL, NULL, 3);
INSERT INTO `destination` VALUES (3017, 241, NULL, '朝阳区', 1, NULL, NULL, 3);
INSERT INTO `destination` VALUES (3018, 241, NULL, '丰台区', 1, NULL, NULL, 3);
INSERT INTO `destination` VALUES (3019, 241, NULL, '石景山区', 1, NULL, NULL, 3);
INSERT INTO `destination` VALUES (3020, 241, NULL, '海淀区', 1, NULL, NULL, 3);
INSERT INTO `destination` VALUES (3021, 241, NULL, '门头沟区', 1, NULL, NULL, 3);
INSERT INTO `destination` VALUES (3022, 241, NULL, '房山区', 1, NULL, NULL, 3);
INSERT INTO `destination` VALUES (3023, 241, NULL, '通州区', 1, NULL, NULL, 3);
INSERT INTO `destination` VALUES (3024, 241, NULL, '顺义区', 1, NULL, NULL, 3);
INSERT INTO `destination` VALUES (3025, 241, NULL, '昌平区', 1, NULL, NULL, 3);
INSERT INTO `destination` VALUES (3026, 241, NULL, '大兴区', 1, NULL, NULL, 3);
INSERT INTO `destination` VALUES (3027, 241, NULL, '平谷区', 1, NULL, NULL, 3);
INSERT INTO `destination` VALUES (3028, 241, NULL, '怀柔区', 1, NULL, NULL, 3);
INSERT INTO `destination` VALUES (3029, 241, NULL, '密云县', 1, NULL, NULL, 3);
INSERT INTO `destination` VALUES (3030, 241, NULL, '延庆县', 1, NULL, NULL, 3);
INSERT INTO `destination` VALUES (3031, 242, NULL, '和平区', 1, NULL, NULL, 3);
INSERT INTO `destination` VALUES (3032, 242, NULL, '河东区', 1, NULL, NULL, 3);
INSERT INTO `destination` VALUES (3033, 242, NULL, '河西区', 1, NULL, NULL, 3);
INSERT INTO `destination` VALUES (3034, 242, NULL, '南开区', 1, NULL, NULL, 3);
INSERT INTO `destination` VALUES (3035, 242, NULL, '河北区', 1, NULL, NULL, 3);
INSERT INTO `destination` VALUES (3036, 242, NULL, '红桥区', 1, NULL, NULL, 3);
INSERT INTO `destination` VALUES (3037, 242, NULL, '滨海新区', 1, NULL, NULL, 3);
INSERT INTO `destination` VALUES (3038, 242, NULL, '东丽区', 1, NULL, NULL, 3);
INSERT INTO `destination` VALUES (3039, 242, NULL, '西青区', 1, NULL, NULL, 3);
INSERT INTO `destination` VALUES (3040, 242, NULL, '津南区', 1, NULL, NULL, 3);
INSERT INTO `destination` VALUES (3041, 242, NULL, '北辰区', 1, NULL, NULL, 3);
INSERT INTO `destination` VALUES (3042, 242, NULL, '宁河县', 1, NULL, NULL, 3);
INSERT INTO `destination` VALUES (3043, 242, NULL, '武清', 1, NULL, NULL, 3);
INSERT INTO `destination` VALUES (3044, 242, NULL, '静海县', 1, NULL, NULL, 3);
INSERT INTO `destination` VALUES (3045, 242, NULL, '宝坻', 1, NULL, NULL, 3);
INSERT INTO `destination` VALUES (3046, 242, NULL, '蓟县', 1, NULL, NULL, 3);
INSERT INTO `destination` VALUES (3047, 243, NULL, '石家庄', 1, NULL, NULL, 3);
INSERT INTO `destination` VALUES (3048, 243, NULL, '唐山', 1, NULL, NULL, 3);
INSERT INTO `destination` VALUES (3049, 243, NULL, '秦皇岛', 1, NULL, NULL, 3);
INSERT INTO `destination` VALUES (3050, 243, NULL, '邯郸', 1, NULL, NULL, 3);
INSERT INTO `destination` VALUES (3051, 243, NULL, '邢台', 1, NULL, NULL, 3);
INSERT INTO `destination` VALUES (3052, 243, NULL, '保定', 1, NULL, NULL, 3);
INSERT INTO `destination` VALUES (3053, 243, NULL, '张家口', 1, NULL, NULL, 3);
INSERT INTO `destination` VALUES (3054, 243, NULL, '承德', 1, NULL, NULL, 3);
INSERT INTO `destination` VALUES (3055, 243, NULL, '沧州', 1, NULL, NULL, 3);
INSERT INTO `destination` VALUES (3056, 243, NULL, '廊坊', 1, NULL, NULL, 3);
INSERT INTO `destination` VALUES (3057, 243, NULL, '衡水', 1, NULL, NULL, 3);
INSERT INTO `destination` VALUES (3058, 244, NULL, '太原', 1, NULL, NULL, 3);
INSERT INTO `destination` VALUES (3059, 244, NULL, '大同', 1, NULL, NULL, 3);
INSERT INTO `destination` VALUES (3060, 244, NULL, '阳泉', 1, NULL, NULL, 3);
INSERT INTO `destination` VALUES (3061, 244, NULL, '长治', 1, NULL, NULL, 3);
INSERT INTO `destination` VALUES (3062, 244, NULL, '晋城', 1, NULL, NULL, 3);
INSERT INTO `destination` VALUES (3063, 244, NULL, '朔州', 1, NULL, NULL, 3);
INSERT INTO `destination` VALUES (3064, 244, NULL, '晋中', 1, NULL, NULL, 3);
INSERT INTO `destination` VALUES (3065, 244, NULL, '运城', 1, NULL, NULL, 3);
INSERT INTO `destination` VALUES (3066, 244, NULL, '忻州', 1, NULL, NULL, 3);
INSERT INTO `destination` VALUES (3067, 244, NULL, '临汾', 1, NULL, NULL, 3);
INSERT INTO `destination` VALUES (3068, 244, NULL, '吕梁', 1, NULL, NULL, 3);
INSERT INTO `destination` VALUES (3069, 245, NULL, '呼和浩特', 1, NULL, NULL, 3);
INSERT INTO `destination` VALUES (3070, 245, NULL, '包头', 1, NULL, NULL, 3);
INSERT INTO `destination` VALUES (3071, 245, NULL, '乌海', 1, NULL, NULL, 3);
INSERT INTO `destination` VALUES (3072, 245, NULL, '赤峰', 1, NULL, NULL, 3);
INSERT INTO `destination` VALUES (3073, 245, NULL, '通辽', 1, NULL, NULL, 3);
INSERT INTO `destination` VALUES (3074, 245, NULL, '鄂尔多斯', 1, NULL, NULL, 3);
INSERT INTO `destination` VALUES (3075, 245, NULL, '呼伦贝尔', 1, NULL, NULL, 3);
INSERT INTO `destination` VALUES (3076, 245, NULL, '巴彦淖尔', 1, NULL, NULL, 3);
INSERT INTO `destination` VALUES (3077, 245, NULL, '乌兰察布', 1, NULL, NULL, 3);
INSERT INTO `destination` VALUES (3078, 245, NULL, '兴安盟', 1, NULL, NULL, 3);
INSERT INTO `destination` VALUES (3079, 245, NULL, '锡林郭勒盟', 1, NULL, NULL, 3);
INSERT INTO `destination` VALUES (3080, 245, NULL, '阿拉善盟', 1, NULL, NULL, 3);
INSERT INTO `destination` VALUES (3081, 246, NULL, '沈阳', 1, NULL, NULL, 3);
INSERT INTO `destination` VALUES (3082, 246, NULL, '大连', 1, NULL, NULL, 3);
INSERT INTO `destination` VALUES (3083, 246, NULL, '鞍山', 1, NULL, NULL, 3);
INSERT INTO `destination` VALUES (3084, 246, NULL, '抚顺', 1, NULL, NULL, 3);
INSERT INTO `destination` VALUES (3085, 246, NULL, '本溪', 1, NULL, NULL, 3);
INSERT INTO `destination` VALUES (3086, 246, NULL, '丹东', 1, NULL, NULL, 3);
INSERT INTO `destination` VALUES (3087, 246, NULL, '锦州', 1, NULL, NULL, 3);
INSERT INTO `destination` VALUES (3088, 246, NULL, '营口', 1, NULL, NULL, 3);
INSERT INTO `destination` VALUES (3089, 246, NULL, '阜新', 1, NULL, NULL, 3);
INSERT INTO `destination` VALUES (3090, 246, NULL, '辽阳', 1, NULL, NULL, 3);
INSERT INTO `destination` VALUES (3091, 246, NULL, '盘锦', 1, NULL, NULL, 3);
INSERT INTO `destination` VALUES (3092, 246, NULL, '铁岭', 1, NULL, NULL, 3);
INSERT INTO `destination` VALUES (3093, 246, NULL, '朝阳', 1, NULL, NULL, 3);
INSERT INTO `destination` VALUES (3094, 246, NULL, '葫芦岛', 1, NULL, NULL, 3);
INSERT INTO `destination` VALUES (3095, 247, NULL, '长春', 1, NULL, NULL, 3);
INSERT INTO `destination` VALUES (3096, 247, NULL, '吉林', 1, NULL, NULL, 3);
INSERT INTO `destination` VALUES (3097, 247, NULL, '四平', 1, NULL, NULL, 3);
INSERT INTO `destination` VALUES (3098, 247, NULL, '辽源', 1, NULL, NULL, 3);
INSERT INTO `destination` VALUES (3099, 247, NULL, '通化', 1, NULL, NULL, 3);
INSERT INTO `destination` VALUES (3100, 247, NULL, '白山', 1, NULL, NULL, 3);
INSERT INTO `destination` VALUES (3101, 247, NULL, '松原', 1, NULL, NULL, 3);
INSERT INTO `destination` VALUES (3102, 247, NULL, '白城', 1, NULL, NULL, 3);
INSERT INTO `destination` VALUES (3103, 247, NULL, '延边朝鲜族自治州', 1, NULL, NULL, 3);
INSERT INTO `destination` VALUES (3104, 248, NULL, '哈尔滨', 1, NULL, NULL, 3);
INSERT INTO `destination` VALUES (3105, 248, NULL, '齐齐哈尔', 1, NULL, NULL, 3);
INSERT INTO `destination` VALUES (3106, 248, NULL, '鸡西', 1, NULL, NULL, 3);
INSERT INTO `destination` VALUES (3107, 248, NULL, '鹤岗', 1, NULL, NULL, 3);
INSERT INTO `destination` VALUES (3108, 248, NULL, '双鸭山', 1, NULL, NULL, 3);
INSERT INTO `destination` VALUES (3109, 248, NULL, '大庆', 1, NULL, NULL, 3);
INSERT INTO `destination` VALUES (3110, 248, NULL, '伊春', 1, NULL, NULL, 3);
INSERT INTO `destination` VALUES (3111, 248, NULL, '佳木斯', 1, NULL, NULL, 3);
INSERT INTO `destination` VALUES (3112, 248, NULL, '七台河', 1, NULL, NULL, 3);
INSERT INTO `destination` VALUES (3113, 248, NULL, '牡丹江', 1, NULL, NULL, 3);
INSERT INTO `destination` VALUES (3114, 248, NULL, '黑河', 1, NULL, NULL, 3);
INSERT INTO `destination` VALUES (3115, 248, NULL, '绥化', 1, NULL, NULL, 3);
INSERT INTO `destination` VALUES (3116, 248, NULL, '大兴安岭地区', 1, NULL, NULL, 3);
INSERT INTO `destination` VALUES (3117, 249, NULL, '黄浦区', 1, NULL, NULL, 3);
INSERT INTO `destination` VALUES (3118, 249, NULL, '卢湾区', 1, NULL, NULL, 3);
INSERT INTO `destination` VALUES (3119, 249, NULL, '徐汇区', 1, NULL, NULL, 3);
INSERT INTO `destination` VALUES (3120, 249, NULL, '长宁区', 1, NULL, NULL, 3);
INSERT INTO `destination` VALUES (3121, 249, NULL, '静安区', 1, NULL, NULL, 3);
INSERT INTO `destination` VALUES (3122, 249, NULL, '普陀去', 1, NULL, NULL, 3);
INSERT INTO `destination` VALUES (3123, 249, NULL, '闸北区', 1, NULL, NULL, 3);
INSERT INTO `destination` VALUES (3124, 249, NULL, '虹口区', 1, NULL, NULL, 3);
INSERT INTO `destination` VALUES (3125, 249, NULL, '杨浦区', 1, NULL, NULL, 3);
INSERT INTO `destination` VALUES (3126, 249, NULL, '闵行区', 1, NULL, NULL, 3);
INSERT INTO `destination` VALUES (3127, 249, NULL, '宝山区', 1, NULL, NULL, 3);
INSERT INTO `destination` VALUES (3128, 249, NULL, '嘉定区', 1, NULL, NULL, 3);
INSERT INTO `destination` VALUES (3129, 249, NULL, '浦东新区', 1, NULL, NULL, 3);
INSERT INTO `destination` VALUES (3130, 249, NULL, '金山区', 1, NULL, NULL, 3);
INSERT INTO `destination` VALUES (3131, 249, NULL, '黄山区', 1, NULL, NULL, 3);
INSERT INTO `destination` VALUES (3132, 249, NULL, '奉贤区', 1, NULL, NULL, 3);
INSERT INTO `destination` VALUES (3133, 249, NULL, '青浦区', 1, NULL, NULL, 3);
INSERT INTO `destination` VALUES (3134, 249, NULL, '崇明县', 1, NULL, NULL, 3);
INSERT INTO `destination` VALUES (3135, 250, NULL, '南京', 1, NULL, NULL, 3);
INSERT INTO `destination` VALUES (3136, 250, NULL, '无锡', 1, NULL, NULL, 3);
INSERT INTO `destination` VALUES (3137, 250, NULL, '徐州', 1, NULL, NULL, 3);
INSERT INTO `destination` VALUES (3138, 250, NULL, '常州', 1, NULL, NULL, 3);
INSERT INTO `destination` VALUES (3139, 250, NULL, '苏州', 1, NULL, NULL, 3);
INSERT INTO `destination` VALUES (3140, 250, NULL, '南通', 1, NULL, NULL, 3);
INSERT INTO `destination` VALUES (3141, 250, NULL, '连云港', 1, NULL, NULL, 3);
INSERT INTO `destination` VALUES (3142, 250, NULL, '淮安', 1, NULL, NULL, 3);
INSERT INTO `destination` VALUES (3143, 250, NULL, '盐城', 1, NULL, NULL, 3);
INSERT INTO `destination` VALUES (3144, 250, NULL, '扬州', 1, NULL, NULL, 3);
INSERT INTO `destination` VALUES (3145, 250, NULL, '镇江', 1, NULL, NULL, 3);
INSERT INTO `destination` VALUES (3146, 250, NULL, '泰州', 1, NULL, NULL, 3);
INSERT INTO `destination` VALUES (3147, 250, NULL, '宿迁', 1, NULL, NULL, 3);
INSERT INTO `destination` VALUES (3148, 251, NULL, '杭州', 1, '/0824ab18972bd407440480b671899e510eb309bd.jpg', '杭州，简称“杭”，古称临安、钱塘，是浙江省省会、副省级市、杭州都市圈核心城市，国务院批复确定的浙江省省会和全省经济、文化、科教中心、长江三角洲中心城市之一', 3);
INSERT INTO `destination` VALUES (3149, 251, NULL, '宁波', 1, NULL, NULL, 3);
INSERT INTO `destination` VALUES (3150, 251, NULL, '温州', 1, NULL, NULL, 3);
INSERT INTO `destination` VALUES (3151, 251, NULL, '嘉兴', 1, NULL, NULL, 3);
INSERT INTO `destination` VALUES (3152, 251, NULL, '湖州', 1, NULL, NULL, 3);
INSERT INTO `destination` VALUES (3153, 251, NULL, '绍兴', 1, NULL, NULL, 3);
INSERT INTO `destination` VALUES (3154, 251, NULL, '金华', 1, NULL, NULL, 3);
INSERT INTO `destination` VALUES (3155, 251, NULL, '衢州', 1, NULL, NULL, 3);
INSERT INTO `destination` VALUES (3156, 251, NULL, '舟山', 1, NULL, NULL, 3);
INSERT INTO `destination` VALUES (3157, 251, NULL, '台州', 1, NULL, NULL, 3);
INSERT INTO `destination` VALUES (3158, 251, NULL, '丽水', 1, NULL, NULL, 3);
INSERT INTO `destination` VALUES (3159, 252, NULL, '合肥', 1, NULL, NULL, 3);
INSERT INTO `destination` VALUES (3160, 252, NULL, '芜湖', 1, NULL, NULL, 3);
INSERT INTO `destination` VALUES (3161, 252, NULL, '蚌埠', 1, NULL, NULL, 3);
INSERT INTO `destination` VALUES (3162, 252, NULL, '淮南', 1, NULL, NULL, 3);
INSERT INTO `destination` VALUES (3163, 252, NULL, '马鞍山', 1, NULL, NULL, 3);
INSERT INTO `destination` VALUES (3164, 252, NULL, '淮北', 1, NULL, NULL, 3);
INSERT INTO `destination` VALUES (3165, 252, NULL, '铜陵', 1, NULL, NULL, 3);
INSERT INTO `destination` VALUES (3166, 252, NULL, '安庆', 1, NULL, NULL, 3);
INSERT INTO `destination` VALUES (3167, 252, NULL, '黄山', 1, NULL, NULL, 3);
INSERT INTO `destination` VALUES (3168, 252, NULL, '滁州', 1, NULL, NULL, 3);
INSERT INTO `destination` VALUES (3169, 252, NULL, '阜阳', 1, NULL, NULL, 3);
INSERT INTO `destination` VALUES (3170, 252, NULL, '宿州', 1, NULL, NULL, 3);
INSERT INTO `destination` VALUES (3171, 252, NULL, '六安', 1, NULL, NULL, 3);
INSERT INTO `destination` VALUES (3172, 252, NULL, '亳州', 1, NULL, NULL, 3);
INSERT INTO `destination` VALUES (3173, 252, NULL, '池州', 1, NULL, NULL, 3);
INSERT INTO `destination` VALUES (3174, 252, NULL, '宣城', 1, NULL, NULL, 3);
INSERT INTO `destination` VALUES (3175, 253, NULL, '福州', 1, NULL, NULL, 3);
INSERT INTO `destination` VALUES (3176, 253, NULL, '厦门', 1, NULL, NULL, 3);
INSERT INTO `destination` VALUES (3177, 253, NULL, '莆田', 1, NULL, NULL, 3);
INSERT INTO `destination` VALUES (3178, 253, NULL, '三明', 1, NULL, NULL, 3);
INSERT INTO `destination` VALUES (3179, 253, NULL, '泉州', 1, NULL, NULL, 3);
INSERT INTO `destination` VALUES (3180, 253, NULL, '漳州', 1, NULL, NULL, 3);
INSERT INTO `destination` VALUES (3181, 253, NULL, '南平', 1, NULL, NULL, 3);
INSERT INTO `destination` VALUES (3182, 253, NULL, '龙岩', 1, NULL, NULL, 3);
INSERT INTO `destination` VALUES (3183, 253, NULL, '宁德', 1, NULL, NULL, 3);
INSERT INTO `destination` VALUES (3184, 254, NULL, '南昌', 1, NULL, NULL, 3);
INSERT INTO `destination` VALUES (3185, 254, NULL, '景德镇', 1, NULL, NULL, 3);
INSERT INTO `destination` VALUES (3186, 254, NULL, '萍乡', 1, NULL, NULL, 3);
INSERT INTO `destination` VALUES (3187, 254, NULL, '九江', 1, NULL, NULL, 3);
INSERT INTO `destination` VALUES (3188, 254, NULL, '新余', 1, NULL, NULL, 3);
INSERT INTO `destination` VALUES (3189, 254, NULL, '鹰潭', 1, NULL, NULL, 3);
INSERT INTO `destination` VALUES (3190, 254, NULL, '赣州', 1, NULL, NULL, 3);
INSERT INTO `destination` VALUES (3191, 254, NULL, '吉安', 1, NULL, NULL, 3);
INSERT INTO `destination` VALUES (3192, 254, NULL, '宜春', 1, NULL, NULL, 3);
INSERT INTO `destination` VALUES (3193, 254, NULL, '抚州', 1, NULL, NULL, 3);
INSERT INTO `destination` VALUES (3194, 254, NULL, '上饶', 1, NULL, NULL, 3);
INSERT INTO `destination` VALUES (3195, 255, NULL, '济南', 1, NULL, NULL, 3);
INSERT INTO `destination` VALUES (3196, 255, NULL, '青岛', 1, NULL, NULL, 3);
INSERT INTO `destination` VALUES (3197, 255, NULL, '淄博', 1, NULL, NULL, 3);
INSERT INTO `destination` VALUES (3198, 255, NULL, '枣庄', 1, NULL, NULL, 3);
INSERT INTO `destination` VALUES (3199, 255, NULL, '东营', 1, NULL, NULL, 3);
INSERT INTO `destination` VALUES (3200, 255, NULL, '烟台', 1, NULL, NULL, 3);
INSERT INTO `destination` VALUES (3201, 255, NULL, '潍坊', 1, NULL, NULL, 3);
INSERT INTO `destination` VALUES (3202, 255, NULL, '济宁', 1, NULL, NULL, 3);
INSERT INTO `destination` VALUES (3203, 255, NULL, '泰安', 1, NULL, NULL, 3);
INSERT INTO `destination` VALUES (3204, 255, NULL, '威海', 1, NULL, NULL, 3);
INSERT INTO `destination` VALUES (3205, 255, NULL, '日照', 1, NULL, NULL, 3);
INSERT INTO `destination` VALUES (3206, 255, NULL, '莱芜', 1, NULL, NULL, 3);
INSERT INTO `destination` VALUES (3207, 255, NULL, '临沂', 1, NULL, NULL, 3);
INSERT INTO `destination` VALUES (3208, 255, NULL, '德州', 1, NULL, NULL, 3);
INSERT INTO `destination` VALUES (3209, 255, NULL, '聊城', 1, NULL, NULL, 3);
INSERT INTO `destination` VALUES (3210, 255, NULL, '滨州', 1, NULL, NULL, 3);
INSERT INTO `destination` VALUES (3211, 255, NULL, '菏泽', 1, NULL, NULL, 3);
INSERT INTO `destination` VALUES (3212, 256, NULL, '郑州', 1, NULL, NULL, 3);
INSERT INTO `destination` VALUES (3213, 256, NULL, '开封', 1, NULL, NULL, 3);
INSERT INTO `destination` VALUES (3214, 256, NULL, '洛阳', 1, NULL, NULL, 3);
INSERT INTO `destination` VALUES (3215, 256, NULL, '平顶山', 1, NULL, NULL, 3);
INSERT INTO `destination` VALUES (3216, 256, NULL, '安阳', 1, NULL, NULL, 3);
INSERT INTO `destination` VALUES (3217, 256, NULL, '鹤壁', 1, NULL, NULL, 3);
INSERT INTO `destination` VALUES (3218, 256, NULL, '新乡', 1, NULL, NULL, 3);
INSERT INTO `destination` VALUES (3219, 256, NULL, '焦作', 1, NULL, NULL, 3);
INSERT INTO `destination` VALUES (3220, 256, NULL, '濮阳', 1, NULL, NULL, 3);
INSERT INTO `destination` VALUES (3221, 256, NULL, '许昌', 1, NULL, NULL, 3);
INSERT INTO `destination` VALUES (3222, 256, NULL, '漯河', 1, NULL, NULL, 3);
INSERT INTO `destination` VALUES (3223, 256, NULL, '三门峡', 1, NULL, NULL, 3);
INSERT INTO `destination` VALUES (3224, 256, NULL, '南阳', 1, NULL, NULL, 3);
INSERT INTO `destination` VALUES (3225, 256, NULL, '商丘', 1, NULL, NULL, 3);
INSERT INTO `destination` VALUES (3226, 256, NULL, '信阳', 1, NULL, NULL, 3);
INSERT INTO `destination` VALUES (3227, 256, NULL, '周口', 1, NULL, NULL, 3);
INSERT INTO `destination` VALUES (3228, 256, NULL, '驻马店', 1, NULL, NULL, 3);
INSERT INTO `destination` VALUES (3229, 256, NULL, '济源', 1, NULL, NULL, 3);
INSERT INTO `destination` VALUES (3230, 257, NULL, '武汉', 1, NULL, NULL, 3);
INSERT INTO `destination` VALUES (3231, 257, NULL, '黄石', 1, NULL, NULL, 3);
INSERT INTO `destination` VALUES (3232, 257, NULL, '十堰', 1, NULL, NULL, 3);
INSERT INTO `destination` VALUES (3233, 257, NULL, '宜昌', 1, NULL, NULL, 3);
INSERT INTO `destination` VALUES (3234, 257, NULL, '襄樊', 1, NULL, NULL, 3);
INSERT INTO `destination` VALUES (3235, 257, NULL, '鄂州', 1, NULL, NULL, 3);
INSERT INTO `destination` VALUES (3236, 257, NULL, '荆门', 1, NULL, NULL, 3);
INSERT INTO `destination` VALUES (3237, 257, NULL, '孝感', 1, NULL, NULL, 3);
INSERT INTO `destination` VALUES (3238, 257, NULL, '荆州', 1, NULL, NULL, 3);
INSERT INTO `destination` VALUES (3239, 257, NULL, '黄冈', 1, NULL, NULL, 3);
INSERT INTO `destination` VALUES (3240, 257, NULL, '咸宁', 1, NULL, NULL, 3);
INSERT INTO `destination` VALUES (3241, 257, NULL, '随州', 1, NULL, NULL, 3);
INSERT INTO `destination` VALUES (3242, 257, NULL, '恩施土家族苗族自治州', 1, NULL, NULL, 3);
INSERT INTO `destination` VALUES (3243, 257, NULL, '仙桃', 1, NULL, NULL, 3);
INSERT INTO `destination` VALUES (3244, 257, NULL, '潜江', 1, NULL, NULL, 3);
INSERT INTO `destination` VALUES (3245, 257, NULL, '天门', 1, NULL, NULL, 3);
INSERT INTO `destination` VALUES (3246, 257, NULL, '神农架林区', 1, NULL, NULL, 3);
INSERT INTO `destination` VALUES (3247, 258, NULL, '长沙', 1, NULL, NULL, 3);
INSERT INTO `destination` VALUES (3248, 258, NULL, '株洲', 1, NULL, NULL, 3);
INSERT INTO `destination` VALUES (3249, 258, NULL, '湘潭', 1, NULL, NULL, 3);
INSERT INTO `destination` VALUES (3250, 258, NULL, '衡阳', 1, NULL, NULL, 3);
INSERT INTO `destination` VALUES (3251, 258, NULL, '邵阳', 1, NULL, NULL, 3);
INSERT INTO `destination` VALUES (3252, 258, NULL, '岳阳', 1, NULL, NULL, 3);
INSERT INTO `destination` VALUES (3253, 258, NULL, '常德', 1, NULL, NULL, 3);
INSERT INTO `destination` VALUES (3254, 258, NULL, '张家界', 1, NULL, NULL, 3);
INSERT INTO `destination` VALUES (3255, 258, NULL, '益阳', 1, NULL, NULL, 3);
INSERT INTO `destination` VALUES (3256, 258, NULL, '郴州', 1, NULL, NULL, 3);
INSERT INTO `destination` VALUES (3257, 258, NULL, '永州', 1, NULL, NULL, 3);
INSERT INTO `destination` VALUES (3258, 258, NULL, '怀化', 1, NULL, NULL, 3);
INSERT INTO `destination` VALUES (3259, 258, NULL, '娄底', 1, NULL, NULL, 3);
INSERT INTO `destination` VALUES (3260, 258, NULL, '湘西土家族苗族自治州', 1, NULL, NULL, 3);
INSERT INTO `destination` VALUES (3261, 259, NULL, '广州', 1, '/37d12f2eb9389b5068bd867a8f35e5dde7116e53.jpg', '广州，简称“穗”，别称羊城、花城，是广东省省会、副省级市、国家中心城市、超大城市，国务院批复确定的中国重要的中心城市、国际商贸中心和综合交通枢纽', 3);
INSERT INTO `destination` VALUES (3262, 259, NULL, '韶关', 1, NULL, NULL, 3);
INSERT INTO `destination` VALUES (3263, 259, NULL, '深圳', 1, '/42a98226cffc1e17d7e3214d4690f603738de96a.png', '深圳，简称“深”，别称鹏城，是广东省下辖的副省级市、计划单列市、超大城市，国务院批复确定的中国经济特区、全国性经济中心城市和国际化城市', 3);
INSERT INTO `destination` VALUES (3264, 259, NULL, '珠海', 1, NULL, NULL, 3);
INSERT INTO `destination` VALUES (3265, 259, NULL, '汕头', 1, NULL, NULL, 3);
INSERT INTO `destination` VALUES (3266, 259, NULL, '佛山', 1, NULL, NULL, 3);
INSERT INTO `destination` VALUES (3267, 259, NULL, '江门', 1, NULL, NULL, 3);
INSERT INTO `destination` VALUES (3268, 259, NULL, '湛江', 1, NULL, NULL, 3);
INSERT INTO `destination` VALUES (3269, 259, NULL, '茂名', 1, NULL, NULL, 3);
INSERT INTO `destination` VALUES (3270, 259, NULL, '肇庆', 1, NULL, NULL, 3);
INSERT INTO `destination` VALUES (3271, 259, NULL, '惠州', 1, NULL, NULL, 3);
INSERT INTO `destination` VALUES (3272, 259, NULL, '梅州', 1, NULL, NULL, 3);
INSERT INTO `destination` VALUES (3273, 259, NULL, '汕尾', 1, NULL, NULL, 3);
INSERT INTO `destination` VALUES (3274, 259, NULL, '河源', 1, NULL, NULL, 3);
INSERT INTO `destination` VALUES (3275, 259, NULL, '阳江', 1, NULL, NULL, 3);
INSERT INTO `destination` VALUES (3276, 259, NULL, '清远', 1, NULL, NULL, 3);
INSERT INTO `destination` VALUES (3277, 259, NULL, '东莞', 1, NULL, NULL, 3);
INSERT INTO `destination` VALUES (3278, 259, NULL, '中山', 1, NULL, NULL, 3);
INSERT INTO `destination` VALUES (3279, 259, NULL, '潮州', 1, NULL, NULL, 3);
INSERT INTO `destination` VALUES (3280, 259, NULL, '揭阳', 1, NULL, NULL, 3);
INSERT INTO `destination` VALUES (3281, 259, NULL, '云浮', 1, NULL, NULL, 3);
INSERT INTO `destination` VALUES (3282, 260, NULL, '南宁', 1, NULL, NULL, 3);
INSERT INTO `destination` VALUES (3283, 260, NULL, '柳州', 1, NULL, NULL, 3);
INSERT INTO `destination` VALUES (3284, 260, NULL, '桂林', 1, NULL, NULL, 3);
INSERT INTO `destination` VALUES (3285, 260, NULL, '梧州', 1, NULL, NULL, 3);
INSERT INTO `destination` VALUES (3286, 260, NULL, '北海', 1, NULL, NULL, 3);
INSERT INTO `destination` VALUES (3287, 260, NULL, '防城港', 1, NULL, NULL, 3);
INSERT INTO `destination` VALUES (3288, 260, NULL, '钦州', 1, NULL, NULL, 3);
INSERT INTO `destination` VALUES (3289, 260, NULL, '贵港', 1, NULL, NULL, 3);
INSERT INTO `destination` VALUES (3290, 260, NULL, '玉林', 1, NULL, NULL, 3);
INSERT INTO `destination` VALUES (3291, 260, NULL, '百色', 1, NULL, NULL, 3);
INSERT INTO `destination` VALUES (3292, 260, NULL, '贺州', 1, NULL, NULL, 3);
INSERT INTO `destination` VALUES (3293, 260, NULL, '河池', 1, NULL, NULL, 3);
INSERT INTO `destination` VALUES (3294, 260, NULL, '来宾', 1, NULL, NULL, 3);
INSERT INTO `destination` VALUES (3295, 260, NULL, '崇左', 1, NULL, NULL, 3);
INSERT INTO `destination` VALUES (3296, 261, NULL, '海口', 1, NULL, NULL, 3);
INSERT INTO `destination` VALUES (3297, 261, NULL, '三亚', 1, NULL, NULL, 3);
INSERT INTO `destination` VALUES (3298, 261, NULL, '三沙', 1, NULL, NULL, 3);
INSERT INTO `destination` VALUES (3299, 261, NULL, '五指山', 1, NULL, NULL, 3);
INSERT INTO `destination` VALUES (3300, 261, NULL, '琼海', 1, NULL, NULL, 3);
INSERT INTO `destination` VALUES (3301, 261, NULL, '儋州', 1, NULL, NULL, 3);
INSERT INTO `destination` VALUES (3302, 261, NULL, '文昌', 1, NULL, NULL, 3);
INSERT INTO `destination` VALUES (3303, 261, NULL, '万宁', 1, NULL, NULL, 3);
INSERT INTO `destination` VALUES (3304, 261, NULL, '东方', 1, NULL, NULL, 3);
INSERT INTO `destination` VALUES (3305, 261, NULL, '定安县', 1, NULL, NULL, 3);
INSERT INTO `destination` VALUES (3306, 261, NULL, '屯昌县', 1, NULL, NULL, 3);
INSERT INTO `destination` VALUES (3307, 261, NULL, '澄迈县', 1, NULL, NULL, 3);
INSERT INTO `destination` VALUES (3308, 261, NULL, '临高县', 1, NULL, NULL, 3);
INSERT INTO `destination` VALUES (3309, 261, NULL, '白沙黎族自治县', 1, NULL, NULL, 3);
INSERT INTO `destination` VALUES (3310, 261, NULL, '昌江黎族自治县', 1, NULL, NULL, 3);
INSERT INTO `destination` VALUES (3311, 261, NULL, '乐东黎族自治县', 1, NULL, NULL, 3);
INSERT INTO `destination` VALUES (3312, 261, NULL, '陵水黎族自治县', 1, NULL, NULL, 3);
INSERT INTO `destination` VALUES (3313, 261, NULL, '保亭黎族苗族自治县', 1, NULL, NULL, 3);
INSERT INTO `destination` VALUES (3314, 261, NULL, '琼中黎族苗族自治县', 1, NULL, NULL, 3);
INSERT INTO `destination` VALUES (3315, 262, NULL, '万州区', 1, NULL, NULL, 3);
INSERT INTO `destination` VALUES (3316, 262, NULL, '涪陵区', 1, NULL, NULL, 3);
INSERT INTO `destination` VALUES (3317, 262, NULL, '渝中区', 1, NULL, NULL, 3);
INSERT INTO `destination` VALUES (3318, 262, NULL, '大渡口区', 1, NULL, NULL, 3);
INSERT INTO `destination` VALUES (3319, 262, NULL, '江北区', 1, NULL, NULL, 3);
INSERT INTO `destination` VALUES (3320, 262, NULL, '沙坪坝区', 1, NULL, NULL, 3);
INSERT INTO `destination` VALUES (3321, 262, NULL, '九龙坡区', 1, NULL, NULL, 3);
INSERT INTO `destination` VALUES (3322, 262, NULL, '南岸区', 1, NULL, NULL, 3);
INSERT INTO `destination` VALUES (3323, 262, NULL, '北碚区', 1, NULL, NULL, 3);
INSERT INTO `destination` VALUES (3324, 262, NULL, '两江新区', 1, NULL, NULL, 3);
INSERT INTO `destination` VALUES (3325, 262, NULL, '万盛区', 1, NULL, NULL, 3);
INSERT INTO `destination` VALUES (3326, 262, NULL, '双桥区', 1, NULL, NULL, 3);
INSERT INTO `destination` VALUES (3327, 262, NULL, '渝北区', 1, NULL, NULL, 3);
INSERT INTO `destination` VALUES (3328, 262, NULL, '巴南区', 1, NULL, NULL, 3);
INSERT INTO `destination` VALUES (3329, 262, NULL, '长寿区', 1, NULL, NULL, 3);
INSERT INTO `destination` VALUES (3330, 262, NULL, '綦江县', 1, NULL, NULL, 3);
INSERT INTO `destination` VALUES (3331, 262, NULL, '潼南县', 1, NULL, NULL, 3);
INSERT INTO `destination` VALUES (3332, 262, NULL, '铜梁县', 1, NULL, NULL, 3);
INSERT INTO `destination` VALUES (3333, 262, NULL, '大足县', 1, NULL, NULL, 3);
INSERT INTO `destination` VALUES (3334, 262, NULL, '荣昌县', 1, NULL, NULL, 3);
INSERT INTO `destination` VALUES (3335, 262, NULL, '璧山县', 1, NULL, NULL, 3);
INSERT INTO `destination` VALUES (3336, 262, NULL, '梁平县', 1, NULL, NULL, 3);
INSERT INTO `destination` VALUES (3337, 262, NULL, '城口县', 1, NULL, NULL, 3);
INSERT INTO `destination` VALUES (3338, 262, NULL, '丰都县', 1, NULL, NULL, 3);
INSERT INTO `destination` VALUES (3339, 262, NULL, '垫江县', 1, NULL, NULL, 3);
INSERT INTO `destination` VALUES (3340, 262, NULL, '武隆县', 1, NULL, NULL, 3);
INSERT INTO `destination` VALUES (3341, 262, NULL, '忠县', 1, NULL, NULL, 3);
INSERT INTO `destination` VALUES (3342, 262, NULL, '开县', 1, NULL, NULL, 3);
INSERT INTO `destination` VALUES (3343, 262, NULL, '云阳县', 1, NULL, NULL, 3);
INSERT INTO `destination` VALUES (3344, 262, NULL, '奉节县', 1, NULL, NULL, 3);
INSERT INTO `destination` VALUES (3345, 262, NULL, '巫山县', 1, NULL, NULL, 3);
INSERT INTO `destination` VALUES (3346, 262, NULL, '巫溪县', 1, NULL, NULL, 3);
INSERT INTO `destination` VALUES (3347, 262, NULL, '黔江区', 1, NULL, NULL, 3);
INSERT INTO `destination` VALUES (3348, 262, NULL, '石柱土家族自治县', 1, NULL, NULL, 3);
INSERT INTO `destination` VALUES (3349, 262, NULL, '秀山土家族苗族自治县', 1, NULL, NULL, 3);
INSERT INTO `destination` VALUES (3350, 262, NULL, '酉阳土家族苗族自治县', 1, NULL, NULL, 3);
INSERT INTO `destination` VALUES (3351, 262, NULL, '彭水苗族土家族自治县', 1, NULL, NULL, 3);
INSERT INTO `destination` VALUES (3352, 262, NULL, '江津', 1, NULL, NULL, 3);
INSERT INTO `destination` VALUES (3353, 262, NULL, '合川', 1, NULL, NULL, 3);
INSERT INTO `destination` VALUES (3354, 262, NULL, '永川', 1, NULL, NULL, 3);
INSERT INTO `destination` VALUES (3355, 262, NULL, '南川', 1, NULL, NULL, 3);
INSERT INTO `destination` VALUES (3356, 263, NULL, '成都', 1, '/aec379310a55b319f4cd79c14da98226cffc1749.png', '成都，四川省辖地级市 [1]  ，简称蓉，别称“蓉城、锦城”，是四川省省会、副省级市， [2]  特大城市，西部战区机关驻地， [3]  国务院确定的国家重要高新技术产业基地、 [4]  商贸物流中心和综合交通枢纽，是西部地区重要的中心城市', 3);
INSERT INTO `destination` VALUES (3357, 263, NULL, '自贡', 1, NULL, NULL, 3);
INSERT INTO `destination` VALUES (3358, 263, NULL, '攀枝花', 1, NULL, NULL, 3);
INSERT INTO `destination` VALUES (3359, 263, NULL, '泸州', 1, NULL, NULL, 3);
INSERT INTO `destination` VALUES (3360, 263, NULL, '德阳', 1, NULL, NULL, 3);
INSERT INTO `destination` VALUES (3361, 263, NULL, '绵阳', 1, NULL, NULL, 3);
INSERT INTO `destination` VALUES (3362, 263, NULL, '广元', 1, NULL, NULL, 3);
INSERT INTO `destination` VALUES (3363, 263, NULL, '遂宁', 1, NULL, NULL, 3);
INSERT INTO `destination` VALUES (3364, 263, NULL, '内江', 1, NULL, NULL, 3);
INSERT INTO `destination` VALUES (3365, 263, NULL, '乐山', 1, NULL, NULL, 3);
INSERT INTO `destination` VALUES (3366, 263, NULL, '南充', 1, NULL, NULL, 3);
INSERT INTO `destination` VALUES (3367, 263, NULL, '眉山', 1, NULL, NULL, 3);
INSERT INTO `destination` VALUES (3368, 263, NULL, '宜宾', 1, NULL, NULL, 3);
INSERT INTO `destination` VALUES (3369, 263, NULL, '广安', 1, NULL, NULL, 3);
INSERT INTO `destination` VALUES (3370, 263, NULL, '达州', 1, NULL, NULL, 3);
INSERT INTO `destination` VALUES (3371, 263, NULL, '雅安', 1, NULL, NULL, 3);
INSERT INTO `destination` VALUES (3372, 263, NULL, '巴中', 1, NULL, NULL, 3);
INSERT INTO `destination` VALUES (3373, 263, NULL, '资阳', 1, NULL, NULL, 3);
INSERT INTO `destination` VALUES (3374, 263, NULL, '阿坝藏族羌族自治州', 1, NULL, NULL, 3);
INSERT INTO `destination` VALUES (3375, 263, NULL, '甘孜藏族自治州', 1, NULL, NULL, 3);
INSERT INTO `destination` VALUES (3376, 263, NULL, '凉山彝族自治州', 1, NULL, NULL, 3);
INSERT INTO `destination` VALUES (3377, 264, NULL, '贵阳', 1, NULL, NULL, 3);
INSERT INTO `destination` VALUES (3378, 264, NULL, '六盘水', 1, NULL, NULL, 3);
INSERT INTO `destination` VALUES (3379, 264, NULL, '遵义', 1, NULL, NULL, 3);
INSERT INTO `destination` VALUES (3380, 264, NULL, '安顺', 1, NULL, NULL, 3);
INSERT INTO `destination` VALUES (3381, 264, NULL, '铜仁地区', 1, NULL, NULL, 3);
INSERT INTO `destination` VALUES (3382, 264, NULL, '黔西南布依族苗族自治州', 1, NULL, NULL, 3);
INSERT INTO `destination` VALUES (3383, 264, NULL, '毕节地区', 1, NULL, NULL, 3);
INSERT INTO `destination` VALUES (3384, 264, NULL, '黔东南苗族侗族自治州', 1, NULL, NULL, 3);
INSERT INTO `destination` VALUES (3385, 264, NULL, '黔南布依族苗族自治州', 1, NULL, NULL, 3);
INSERT INTO `destination` VALUES (3386, 265, NULL, '昆明', 1, NULL, NULL, 3);
INSERT INTO `destination` VALUES (3387, 265, NULL, '曲靖', 1, NULL, NULL, 3);
INSERT INTO `destination` VALUES (3388, 265, NULL, '玉溪', 1, NULL, NULL, 3);
INSERT INTO `destination` VALUES (3389, 265, NULL, '保山', 1, NULL, NULL, 3);
INSERT INTO `destination` VALUES (3390, 265, NULL, '昭通', 1, NULL, NULL, 3);
INSERT INTO `destination` VALUES (3391, 265, NULL, '丽江', 1, NULL, NULL, 3);
INSERT INTO `destination` VALUES (3392, 265, NULL, '普洱', 1, NULL, NULL, 3);
INSERT INTO `destination` VALUES (3393, 265, NULL, '临沧', 1, NULL, NULL, 3);
INSERT INTO `destination` VALUES (3394, 265, NULL, '楚雄彝族自治州', 1, NULL, NULL, 3);
INSERT INTO `destination` VALUES (3395, 265, NULL, '红河哈尼族彝族自治州', 1, NULL, NULL, 3);
INSERT INTO `destination` VALUES (3396, 265, NULL, '文山壮族苗族自治州', 1, NULL, NULL, 3);
INSERT INTO `destination` VALUES (3397, 265, NULL, '西双版纳傣族自治州', 1, NULL, NULL, 3);
INSERT INTO `destination` VALUES (3398, 265, NULL, '大理白族自治州', 1, NULL, NULL, 3);
INSERT INTO `destination` VALUES (3399, 265, NULL, '德宏傣族景颇族自治州', 1, NULL, NULL, 3);
INSERT INTO `destination` VALUES (3400, 265, NULL, '怒江傈僳族自治州', 1, NULL, NULL, 3);
INSERT INTO `destination` VALUES (3401, 265, NULL, '迪庆藏族自治州', 1, NULL, NULL, 3);
INSERT INTO `destination` VALUES (3402, 266, NULL, '拉萨', 1, NULL, NULL, 3);
INSERT INTO `destination` VALUES (3403, 266, NULL, '昌都地区', 1, NULL, NULL, 3);
INSERT INTO `destination` VALUES (3404, 266, NULL, '山南地区', 1, NULL, NULL, 3);
INSERT INTO `destination` VALUES (3405, 266, NULL, '日喀则地区', 1, NULL, NULL, 3);
INSERT INTO `destination` VALUES (3406, 266, NULL, '那曲地区', 1, NULL, NULL, 3);
INSERT INTO `destination` VALUES (3407, 266, NULL, '阿里地区', 1, NULL, NULL, 3);
INSERT INTO `destination` VALUES (3408, 266, NULL, '林芝地区', 1, NULL, NULL, 3);
INSERT INTO `destination` VALUES (3409, 267, NULL, '西安', 1, NULL, NULL, 3);
INSERT INTO `destination` VALUES (3410, 267, NULL, '铜川', 1, NULL, NULL, 3);
INSERT INTO `destination` VALUES (3411, 267, NULL, '宝鸡', 1, NULL, NULL, 3);
INSERT INTO `destination` VALUES (3412, 267, NULL, '咸阳', 1, NULL, NULL, 3);
INSERT INTO `destination` VALUES (3413, 267, NULL, '渭南', 1, NULL, NULL, 3);
INSERT INTO `destination` VALUES (3414, 267, NULL, '延安', 1, NULL, NULL, 3);
INSERT INTO `destination` VALUES (3415, 267, NULL, '汉中', 1, NULL, NULL, 3);
INSERT INTO `destination` VALUES (3416, 267, NULL, '榆林', 1, NULL, NULL, 3);
INSERT INTO `destination` VALUES (3417, 267, NULL, '安康', 1, NULL, NULL, 3);
INSERT INTO `destination` VALUES (3418, 267, NULL, '商洛', 1, NULL, NULL, 3);
INSERT INTO `destination` VALUES (3419, 268, NULL, '兰州', 1, NULL, NULL, 3);
INSERT INTO `destination` VALUES (3420, 268, NULL, '嘉峪关', 1, NULL, NULL, 3);
INSERT INTO `destination` VALUES (3421, 268, NULL, '金昌', 1, NULL, NULL, 3);
INSERT INTO `destination` VALUES (3422, 268, NULL, '白银', 1, NULL, NULL, 3);
INSERT INTO `destination` VALUES (3423, 268, NULL, '天水', 1, NULL, NULL, 3);
INSERT INTO `destination` VALUES (3424, 268, NULL, '武威', 1, NULL, NULL, 3);
INSERT INTO `destination` VALUES (3425, 268, NULL, '张掖', 1, NULL, NULL, 3);
INSERT INTO `destination` VALUES (3426, 268, NULL, '平凉', 1, NULL, NULL, 3);
INSERT INTO `destination` VALUES (3427, 268, NULL, '酒泉', 1, NULL, NULL, 3);
INSERT INTO `destination` VALUES (3428, 268, NULL, '庆阳', 1, NULL, NULL, 3);
INSERT INTO `destination` VALUES (3429, 268, NULL, '定西', 1, NULL, NULL, 3);
INSERT INTO `destination` VALUES (3430, 268, NULL, '陇南', 1, NULL, NULL, 3);
INSERT INTO `destination` VALUES (3431, 268, NULL, '临夏回族自治州', 1, NULL, NULL, 3);
INSERT INTO `destination` VALUES (3432, 268, NULL, '甘南藏族自治州', 1, NULL, NULL, 3);
INSERT INTO `destination` VALUES (3433, 269, NULL, '西宁', 1, NULL, NULL, 3);
INSERT INTO `destination` VALUES (3434, 269, NULL, '海东地区', 1, NULL, NULL, 3);
INSERT INTO `destination` VALUES (3435, 269, NULL, '海北藏族自治州', 1, NULL, NULL, 3);
INSERT INTO `destination` VALUES (3436, 269, NULL, '黄南藏族自治州', 1, NULL, NULL, 3);
INSERT INTO `destination` VALUES (3437, 269, NULL, '海南藏族自治州', 1, NULL, NULL, 3);
INSERT INTO `destination` VALUES (3438, 269, NULL, '果洛藏族自治州', 1, NULL, NULL, 3);
INSERT INTO `destination` VALUES (3439, 269, NULL, '玉树藏族自治州', 1, NULL, NULL, 3);
INSERT INTO `destination` VALUES (3440, 269, NULL, '海西蒙古族藏族自治州', 1, NULL, NULL, 3);
INSERT INTO `destination` VALUES (3441, 270, NULL, '银川', 1, NULL, NULL, 3);
INSERT INTO `destination` VALUES (3442, 270, NULL, '石嘴山', 1, NULL, NULL, 3);
INSERT INTO `destination` VALUES (3443, 270, NULL, '吴忠', 1, NULL, NULL, 3);
INSERT INTO `destination` VALUES (3444, 270, NULL, '固原', 1, NULL, NULL, 3);
INSERT INTO `destination` VALUES (3445, 270, NULL, '中卫', 1, NULL, NULL, 3);
INSERT INTO `destination` VALUES (3446, 271, NULL, '乌鲁木齐', 1, NULL, NULL, 3);
INSERT INTO `destination` VALUES (3447, 271, NULL, '克拉玛依', 1, NULL, NULL, 3);
INSERT INTO `destination` VALUES (3448, 271, NULL, '吐鲁番地区', 1, NULL, NULL, 3);
INSERT INTO `destination` VALUES (3449, 271, NULL, '哈密地区', 1, NULL, NULL, 3);
INSERT INTO `destination` VALUES (3450, 271, NULL, '昌吉回族自治州', 1, NULL, NULL, 3);
INSERT INTO `destination` VALUES (3451, 271, NULL, '博尔塔拉蒙古自治州', 1, NULL, NULL, 3);
INSERT INTO `destination` VALUES (3452, 271, NULL, '巴音郭楞蒙古自治州', 1, NULL, NULL, 3);
INSERT INTO `destination` VALUES (3453, 271, NULL, '阿克苏地区', 1, NULL, NULL, 3);
INSERT INTO `destination` VALUES (3454, 271, NULL, '克孜勒苏柯尔克孜自治州', 1, NULL, NULL, 3);
INSERT INTO `destination` VALUES (3455, 271, NULL, '喀什地区', 1, NULL, NULL, 3);
INSERT INTO `destination` VALUES (3456, 271, NULL, '和田地区', 1, NULL, NULL, 3);
INSERT INTO `destination` VALUES (3457, 271, NULL, '伊犁哈萨克自治州', 1, NULL, NULL, 3);
INSERT INTO `destination` VALUES (3458, 271, NULL, '塔城地区', 1, NULL, NULL, 3);
INSERT INTO `destination` VALUES (3459, 271, NULL, '阿勒泰地区', 1, NULL, NULL, 3);
INSERT INTO `destination` VALUES (3460, 271, NULL, '石河子', 1, NULL, NULL, 3);
INSERT INTO `destination` VALUES (3461, 271, NULL, '阿拉尔', 1, NULL, NULL, 3);
INSERT INTO `destination` VALUES (3462, 271, NULL, '图木舒克', 1, NULL, NULL, 3);
INSERT INTO `destination` VALUES (3463, 271, NULL, '五家渠', 1, NULL, NULL, 3);
INSERT INTO `destination` VALUES (3464, 271, NULL, '北屯', 1, NULL, NULL, 3);
INSERT INTO `destination` VALUES (3465, 272, NULL, '台北', 1, NULL, NULL, 3);
INSERT INTO `destination` VALUES (3466, 272, NULL, '高雄', 1, NULL, NULL, 3);
INSERT INTO `destination` VALUES (3467, 272, NULL, '基隆', 1, NULL, NULL, 3);
INSERT INTO `destination` VALUES (3468, 272, NULL, '台中', 1, NULL, NULL, 3);
INSERT INTO `destination` VALUES (3469, 272, NULL, '台南', 1, NULL, NULL, 3);
INSERT INTO `destination` VALUES (3470, 272, NULL, '新竹', 1, NULL, NULL, 3);
INSERT INTO `destination` VALUES (3471, 272, NULL, '嘉义', 1, NULL, NULL, 3);
INSERT INTO `destination` VALUES (3472, 272, NULL, '台北县', 1, NULL, NULL, 3);
INSERT INTO `destination` VALUES (3473, 272, NULL, '宜兰县', 1, NULL, NULL, 3);
INSERT INTO `destination` VALUES (3474, 272, NULL, '桃园县', 1, NULL, NULL, 3);
INSERT INTO `destination` VALUES (3475, 272, NULL, '新竹县', 1, NULL, NULL, 3);
INSERT INTO `destination` VALUES (3476, 272, NULL, '苗栗县', 1, NULL, NULL, 3);
INSERT INTO `destination` VALUES (3477, 272, NULL, '台中县', 1, NULL, NULL, 3);
INSERT INTO `destination` VALUES (3478, 272, NULL, '彰化县', 1, NULL, NULL, 3);
INSERT INTO `destination` VALUES (3479, 272, NULL, '南投县', 1, NULL, NULL, 3);
INSERT INTO `destination` VALUES (3480, 272, NULL, '云林县', 1, NULL, NULL, 3);
INSERT INTO `destination` VALUES (3481, 272, NULL, '嘉义县', 1, NULL, NULL, 3);
INSERT INTO `destination` VALUES (3482, 272, NULL, '台南县', 1, NULL, NULL, 3);
INSERT INTO `destination` VALUES (3483, 272, NULL, '高雄县', 1, NULL, NULL, 3);
INSERT INTO `destination` VALUES (3484, 272, NULL, '屏东县', 1, NULL, NULL, 3);
INSERT INTO `destination` VALUES (3485, 272, NULL, '台东县', 1, NULL, NULL, 3);
INSERT INTO `destination` VALUES (3486, 272, NULL, '花莲县', 1, NULL, NULL, 3);
INSERT INTO `destination` VALUES (3487, 272, NULL, '澎湖县', 1, NULL, NULL, 3);
INSERT INTO `destination` VALUES (3488, 273, NULL, '中西区', 1, NULL, NULL, 3);
INSERT INTO `destination` VALUES (3489, 273, NULL, '东区', 1, NULL, NULL, 3);
INSERT INTO `destination` VALUES (3490, 273, NULL, '九龙城区', 1, NULL, NULL, 3);
INSERT INTO `destination` VALUES (3491, 273, NULL, '观塘区', 1, NULL, NULL, 3);
INSERT INTO `destination` VALUES (3492, 273, NULL, '南区', 1, NULL, NULL, 3);
INSERT INTO `destination` VALUES (3493, 273, NULL, '深水埗区', 1, NULL, NULL, 3);
INSERT INTO `destination` VALUES (3494, 273, NULL, '黄大仙区', 1, NULL, NULL, 3);
INSERT INTO `destination` VALUES (3495, 273, NULL, '湾仔区', 1, NULL, NULL, 3);
INSERT INTO `destination` VALUES (3496, 273, NULL, '油尖旺区', 1, NULL, NULL, 3);
INSERT INTO `destination` VALUES (3497, 273, NULL, '离岛区', 1, NULL, NULL, 3);
INSERT INTO `destination` VALUES (3498, 273, NULL, '葵青区', 1, NULL, NULL, 3);
INSERT INTO `destination` VALUES (3499, 273, NULL, '北区', 1, NULL, NULL, 3);
INSERT INTO `destination` VALUES (3500, 273, NULL, '西贡区', 1, NULL, NULL, 3);
INSERT INTO `destination` VALUES (3501, 273, NULL, '沙田区', 1, NULL, NULL, 3);
INSERT INTO `destination` VALUES (3502, 273, NULL, '屯门区', 1, NULL, NULL, 3);
INSERT INTO `destination` VALUES (3503, 273, NULL, '大埔区', 1, NULL, NULL, 3);
INSERT INTO `destination` VALUES (3504, 273, NULL, '荃湾区', 1, NULL, NULL, 3);
INSERT INTO `destination` VALUES (3505, 273, NULL, '元朗区', 1, NULL, NULL, 3);
INSERT INTO `destination` VALUES (3506, 274, NULL, '花地玛堂区', 1, NULL, NULL, 3);
INSERT INTO `destination` VALUES (3507, 274, NULL, '圣安多尼堂区', 1, NULL, NULL, 3);
INSERT INTO `destination` VALUES (3508, 274, NULL, '大堂区', 1, NULL, NULL, 3);
INSERT INTO `destination` VALUES (3509, 274, NULL, '望德堂区', 1, NULL, NULL, 3);
INSERT INTO `destination` VALUES (3510, 274, NULL, '风顺堂区', 1, NULL, NULL, 3);
INSERT INTO `destination` VALUES (3511, 274, NULL, '氹仔', 1, NULL, NULL, 3);
INSERT INTO `destination` VALUES (3512, 274, NULL, '路环', 1, NULL, NULL, 3);

-- ----------------------------
-- Table structure for destination_area
-- ----------------------------
DROP TABLE IF EXISTS `destination_area`;
CREATE TABLE `destination_area`  (
  `id` bigint(20) NOT NULL AUTO_INCREMENT,
  `dest_id` bigint(20) NULL DEFAULT NULL,
  `name` varchar(255) CHARACTER SET utf8mb4 COLLATE utf8mb4_general_ci NULL DEFAULT NULL,
  `info` varchar(500) CHARACTER SET utf8mb4 COLLATE utf8mb4_general_ci NULL DEFAULT NULL,
  `rate3_price` bigint(10) NULL DEFAULT NULL,
  `rate4_price` bigint(10) NULL DEFAULT NULL,
  `rate5_price` bigint(10) NULL DEFAULT NULL,
  `choosepercent` int(10) NULL DEFAULT NULL,
  `hotelsum` int(10) NULL DEFAULT NULL,
  PRIMARY KEY (`id`) USING BTREE
) ENGINE = InnoDB AUTO_INCREMENT = 5 CHARACTER SET = utf8mb4 COLLATE = utf8mb4_general_ci ROW_FORMAT = Compact;

-- ----------------------------
-- Records of destination_area
-- ----------------------------
INSERT INTO `destination_area` VALUES (1, 3261, '沙面,上下九', '<p>这一区域商铺林立，风味小吃众多，有多条地铁线穿过交通便利。</p>\r\n<p>南部的沙面为旧租界区，环境优雅很有异国情调，很多人在这里拍照。</p>\r\n<p>住在这里方便逛街吃美食，住宿以经济型酒店为主。<p>这一区域商铺林立，风味小吃众多，有多条地铁线穿过交通便利。</p>\r\n<p>南部的沙面为旧租界区，环境优雅很有异国情调，很多人在这里拍照。</p>\r\n<p>住在这里方便逛街吃美食，住宿以经济型酒店为主。</p>', 237, 376, NULL, 9, 637);
INSERT INTO `destination_area` VALUES (2, 3261, '火车站,越秀公园', ' <p>越秀公园、中山纪念堂、西汉南越王墓等景点都在此区。</p>\r\n<p>本区内有火车站、汽车客运站，坐地铁也很方便。</p>\r\n<p>由于本区域人流量较大，请蜂蜂们尽量选择正规的住宿。</p>', 254, 384, NULL, 13, 883);
INSERT INTO `destination_area` VALUES (3, 3261, '海珠广场,北京路', '<p>这里是北京路，广州标志性的商业步行街，吃饭和购物的好去处。</p>\r\n<p>地铁二号线和六号线贯穿该区域，海珠广场站可以换乘，交通非常方便。</p>\r\n<p>蜂蜂们可以选择地铁站附近住宿，价格多为200--400一晚。</p>', 309, 426, NULL, 11, 731);
INSERT INTO `destination_area` VALUES (4, 3261, '环市东路', '\r\n <p>此区位于广州市中心，南临珠江，到了晚上灯火通明。</p>\r\n <p>广州动物园、黄花岗等都位于此区。</p>\r\n<p>环市东路上聚集了众多中档酒店，住在这里交通十分便利。</p>', 262, 355, 606, 24, 892);

-- ----------------------------
-- Table structure for destination_theme
-- ----------------------------
DROP TABLE IF EXISTS `destination_theme`;
CREATE TABLE `destination_theme`  (
  `id` bigint(20) NOT NULL AUTO_INCREMENT,
  `name` varchar(255) CHARACTER SET utf8mb4 COLLATE utf8mb4_general_ci NULL DEFAULT NULL,
  PRIMARY KEY (`id`) USING BTREE
) ENGINE = InnoDB AUTO_INCREMENT = 5 CHARACTER SET = utf8mb4 COLLATE = utf8mb4_general_ci ROW_FORMAT = Compact;

-- ----------------------------
-- Records of destination_theme
-- ----------------------------
INSERT INTO `destination_theme` VALUES (1, '全年适宜');
INSERT INTO `destination_theme` VALUES (2, '季节');
INSERT INTO `destination_theme` VALUES (3, '出行方式');
INSERT INTO `destination_theme` VALUES (4, '节假日');

-- ----------------------------
-- Table structure for destination_theme_tag
-- ----------------------------
DROP TABLE IF EXISTS `destination_theme_tag`;
CREATE TABLE `destination_theme_tag`  (
  `id` bigint(20) NOT NULL AUTO_INCREMENT,
  `name` varchar(255) CHARACTER SET utf8mb4 COLLATE utf8mb4_general_ci NULL DEFAULT NULL,
  `theme_id` bigint(20) NULL DEFAULT NULL,
  PRIMARY KEY (`id`) USING BTREE
) ENGINE = InnoDB AUTO_INCREMENT = 47 CHARACTER SET = utf8mb4 COLLATE = utf8mb4_general_ci ROW_FORMAT = Compact;

-- ----------------------------
-- Records of destination_theme_tag
-- ----------------------------
INSERT INTO `destination_theme_tag` VALUES (1, '免签', 1);
INSERT INTO `destination_theme_tag` VALUES (2, '元旦', 4);
INSERT INTO `destination_theme_tag` VALUES (4, '春节', 4);
INSERT INTO `destination_theme_tag` VALUES (5, '清明', 4);
INSERT INTO `destination_theme_tag` VALUES (6, '五一', 4);
INSERT INTO `destination_theme_tag` VALUES (7, '端午', 4);
INSERT INTO `destination_theme_tag` VALUES (8, '中秋', 4);
INSERT INTO `destination_theme_tag` VALUES (9, '国庆', 4);
INSERT INTO `destination_theme_tag` VALUES (10, '寒假', 4);
INSERT INTO `destination_theme_tag` VALUES (11, '暑假', 4);
INSERT INTO `destination_theme_tag` VALUES (12, '人文历史', 1);
INSERT INTO `destination_theme_tag` VALUES (13, '拍片圣地', 1);
INSERT INTO `destination_theme_tag` VALUES (14, '自然风景', 1);
INSERT INTO `destination_theme_tag` VALUES (15, '小众', 1);
INSERT INTO `destination_theme_tag` VALUES (16, '登山', 1);
INSERT INTO `destination_theme_tag` VALUES (17, '潜水', 1);
INSERT INTO `destination_theme_tag` VALUES (18, '古镇', 1);
INSERT INTO `destination_theme_tag` VALUES (19, '动物', 1);
INSERT INTO `destination_theme_tag` VALUES (20, '逃离雾霾', 1);
INSERT INTO `destination_theme_tag` VALUES (21, '购物', 1);
INSERT INTO `destination_theme_tag` VALUES (22, '美食', 1);
INSERT INTO `destination_theme_tag` VALUES (23, '漂流', 1);
INSERT INTO `destination_theme_tag` VALUES (24, '蹦极', 1);
INSERT INTO `destination_theme_tag` VALUES (25, '跳伞', 1);
INSERT INTO `destination_theme_tag` VALUES (26, '草原', 2);
INSERT INTO `destination_theme_tag` VALUES (27, '星空', 2);
INSERT INTO `destination_theme_tag` VALUES (28, '赏花', 2);
INSERT INTO `destination_theme_tag` VALUES (29, '雪景', 2);
INSERT INTO `destination_theme_tag` VALUES (30, '海岛', 2);
INSERT INTO `destination_theme_tag` VALUES (31, '极限运动', 2);
INSERT INTO `destination_theme_tag` VALUES (32, '滑雪', 2);
INSERT INTO `destination_theme_tag` VALUES (33, '温泉', 2);
INSERT INTO `destination_theme_tag` VALUES (34, '当地节庆', 2);
INSERT INTO `destination_theme_tag` VALUES (35, '温暖地点', 2);
INSERT INTO `destination_theme_tag` VALUES (36, '避暑', 2);
INSERT INTO `destination_theme_tag` VALUES (37, '极光', 2);
INSERT INTO `destination_theme_tag` VALUES (38, '徒步', 3);
INSERT INTO `destination_theme_tag` VALUES (39, '自驾', 3);
INSERT INTO `destination_theme_tag` VALUES (40, '游轮', 3);
INSERT INTO `destination_theme_tag` VALUES (41, '骑行', 3);
INSERT INTO `destination_theme_tag` VALUES (42, '蜜月', 3);
INSERT INTO `destination_theme_tag` VALUES (43, '亲子游', 3);
INSERT INTO `destination_theme_tag` VALUES (44, '带父母', 3);
INSERT INTO `destination_theme_tag` VALUES (45, '一个人', 3);
INSERT INTO `destination_theme_tag` VALUES (46, '好朋友', 3);

-- ----------------------------
-- Table structure for detail_tag_relation
-- ----------------------------
DROP TABLE IF EXISTS `detail_tag_relation`;
CREATE TABLE `detail_tag_relation`  (
  `detail_id` bigint(20) NULL DEFAULT NULL,
  `tag_id` bigint(20) NULL DEFAULT NULL
) ENGINE = InnoDB CHARACTER SET = utf8 COLLATE = utf8_general_ci ROW_FORMAT = Compact;

-- ----------------------------
-- Records of detail_tag_relation
-- ----------------------------
INSERT INTO `detail_tag_relation` VALUES (2, 8);
INSERT INTO `detail_tag_relation` VALUES (2, 9);
INSERT INTO `detail_tag_relation` VALUES (2, 10);
INSERT INTO `detail_tag_relation` VALUES (3, 11);
INSERT INTO `detail_tag_relation` VALUES (3, 12);
INSERT INTO `detail_tag_relation` VALUES (4, 13);
INSERT INTO `detail_tag_relation` VALUES (4, 14);
INSERT INTO `detail_tag_relation` VALUES (4, 12);
INSERT INTO `detail_tag_relation` VALUES (5, 15);
INSERT INTO `detail_tag_relation` VALUES (5, 16);
INSERT INTO `detail_tag_relation` VALUES (5, 17);
INSERT INTO `detail_tag_relation` VALUES (5, 18);
INSERT INTO `detail_tag_relation` VALUES (6, 18);
INSERT INTO `detail_tag_relation` VALUES (6, 7);
INSERT INTO `detail_tag_relation` VALUES (6, 6);
INSERT INTO `detail_tag_relation` VALUES (6, 9);
INSERT INTO `detail_tag_relation` VALUES (7, 17);
INSERT INTO `detail_tag_relation` VALUES (7, 11);
INSERT INTO `detail_tag_relation` VALUES (8, 19);
INSERT INTO `detail_tag_relation` VALUES (8, 6);
INSERT INTO `detail_tag_relation` VALUES (8, 9);
INSERT INTO `detail_tag_relation` VALUES (8, 16);
INSERT INTO `detail_tag_relation` VALUES (8, 15);
INSERT INTO `detail_tag_relation` VALUES (9, 20);
INSERT INTO `detail_tag_relation` VALUES (9, 10);
INSERT INTO `detail_tag_relation` VALUES (9, 15);
INSERT INTO `detail_tag_relation` VALUES (9, 17);
INSERT INTO `detail_tag_relation` VALUES (10, 21);
INSERT INTO `detail_tag_relation` VALUES (10, 15);
INSERT INTO `detail_tag_relation` VALUES (10, 6);
INSERT INTO `detail_tag_relation` VALUES (11, 20);
INSERT INTO `detail_tag_relation` VALUES (11, 21);
INSERT INTO `detail_tag_relation` VALUES (11, 6);
INSERT INTO `detail_tag_relation` VALUES (11, 10);
INSERT INTO `detail_tag_relation` VALUES (12, 10);
INSERT INTO `detail_tag_relation` VALUES (13, 10);
INSERT INTO `detail_tag_relation` VALUES (14, 10);
INSERT INTO `detail_tag_relation` VALUES (15, 10);
INSERT INTO `detail_tag_relation` VALUES (16, 10);
INSERT INTO `detail_tag_relation` VALUES (17, 10);
INSERT INTO `detail_tag_relation` VALUES (1, 5);
INSERT INTO `detail_tag_relation` VALUES (1, 6);
INSERT INTO `detail_tag_relation` VALUES (1, 7);
INSERT INTO `detail_tag_relation` VALUES (19, 26);
INSERT INTO `detail_tag_relation` VALUES (19, 27);
INSERT INTO `detail_tag_relation` VALUES (20, 27);
INSERT INTO `detail_tag_relation` VALUES (21, 27);
INSERT INTO `detail_tag_relation` VALUES (22, 28);
INSERT INTO `detail_tag_relation` VALUES (22, 27);

-- ----------------------------
-- Table structure for flight
-- ----------------------------
DROP TABLE IF EXISTS `flight`;
CREATE TABLE `flight`  (
  `id` bigint(20) NOT NULL AUTO_INCREMENT,
  `orgcity` bigint(20) NULL DEFAULT NULL,
  `dstcity` bigint(20) NULL DEFAULT NULL,
  `flightno` varchar(255) CHARACTER SET utf8mb4 COLLATE utf8mb4_general_ci NULL DEFAULT NULL,
  `depport` varchar(255) CHARACTER SET utf8mb4 COLLATE utf8mb4_general_ci NULL DEFAULT NULL,
  `arrport` varchar(255) CHARACTER SET utf8mb4 COLLATE utf8mb4_general_ci NULL DEFAULT NULL,
  `deptTime` datetime(0) NULL DEFAULT NULL,
  `arrTime` datetime(0) NULL DEFAULT NULL,
  `price` bigint(20) NULL DEFAULT NULL,
  PRIMARY KEY (`id`) USING BTREE
) ENGINE = InnoDB AUTO_INCREMENT = 11 CHARACTER SET = utf8mb4 COLLATE = utf8mb4_general_ci ROW_FORMAT = Compact;

-- ----------------------------
-- Records of flight
-- ----------------------------
INSERT INTO `flight` VALUES (1, 3, 2, '9C8932', '白云机场T1', '虹桥机场T1', '2019-11-26 14:18:34', '2019-11-26 20:18:43', 1065);
INSERT INTO `flight` VALUES (2, 3, 2, '9C8542', '白云机场T1', '虹桥机场T1', '2019-11-26 14:19:37', '2019-11-26 14:19:43', 1105);
INSERT INTO `flight` VALUES (3, 3, 2, 'CZ3586', '白云机场T2', '浦东机场T2', '2019-11-26 22:20:35', '2019-11-27 14:20:39', 1177);
INSERT INTO `flight` VALUES (4, 2, 3, '9C8541', '浦东机场T2', '白云机场T1', '2019-11-26 15:22:31', '2019-11-26 22:22:37', 857);
INSERT INTO `flight` VALUES (5, 2, 3, '9C8929', '虹桥机场T1', '白云机场T1', '2019-11-26 21:23:15', '2019-11-27 14:23:24', 1022);
INSERT INTO `flight` VALUES (6, 3, 1, 'CZ3107', '白云机场T2', '首都机场T2', '2019-11-27 11:24:30', '2019-11-27 22:24:35', 2272);
INSERT INTO `flight` VALUES (7, 3, 1, 'CZ3165', '白云机场T2', '首都机场T2', '2019-11-27 22:25:25', '2019-11-28 14:25:32', 2272);
INSERT INTO `flight` VALUES (8, 1, 3, 'HU7803', '首都机场T1', '白云机场T1', '2019-11-26 22:26:18', '2019-11-27 14:26:29', 2285);
INSERT INTO `flight` VALUES (9, 1, 3, 'CZ9001', '首都机场T2', '白云机场T1\r\n', '2019-11-27 23:27:22', '2019-11-28 14:27:32', 2367);
INSERT INTO `flight` VALUES (10, 1, 3, 'HU7801', '首都机场T1', '白云机场T1\r\n', '2019-11-27 20:28:08', '2019-11-28 14:28:16', 2463);

-- ----------------------------
-- Table structure for flight_dest
-- ----------------------------
DROP TABLE IF EXISTS `flight_dest`;
CREATE TABLE `flight_dest`  (
  `id` bigint(20) NOT NULL AUTO_INCREMENT,
  `name` varchar(255) CHARACTER SET utf8mb4 COLLATE utf8mb4_general_ci NULL DEFAULT NULL,
  `aircode` varchar(255) CHARACTER SET utf8mb4 COLLATE utf8mb4_general_ci NULL DEFAULT NULL,
  `ishot` int(10) NULL DEFAULT NULL,
  PRIMARY KEY (`id`) USING BTREE
) ENGINE = InnoDB AUTO_INCREMENT = 21 CHARACTER SET = utf8mb4 COLLATE = utf8mb4_general_ci ROW_FORMAT = Compact;

-- ----------------------------
-- Records of flight_dest
-- ----------------------------
INSERT INTO `flight_dest` VALUES (1, '北京', 'BJ', 1);
INSERT INTO `flight_dest` VALUES (2, '上海', 'SH', 1);
INSERT INTO `flight_dest` VALUES (3, '广州', 'GZ', 1);
INSERT INTO `flight_dest` VALUES (4, '成都', 'CD', 1);
INSERT INTO `flight_dest` VALUES (5, '重庆', 'CQ', 1);
INSERT INTO `flight_dest` VALUES (6, '西安', 'XA', 1);
INSERT INTO `flight_dest` VALUES (7, '昆明', 'KM', 1);
INSERT INTO `flight_dest` VALUES (8, '阿勒泰', 'ALT', 0);
INSERT INTO `flight_dest` VALUES (9, '阿克苏', 'AKS', 0);
INSERT INTO `flight_dest` VALUES (10, '鞍山', 'AS', 0);
INSERT INTO `flight_dest` VALUES (11, '百色', 'BS', 0);
INSERT INTO `flight_dest` VALUES (12, '常德', 'CD', 0);
INSERT INTO `flight_dest` VALUES (13, '福州', 'FZ', 0);
INSERT INTO `flight_dest` VALUES (14, '海口', 'HK', 0);
INSERT INTO `flight_dest` VALUES (15, '佳木斯', 'JMS', 0);
INSERT INTO `flight_dest` VALUES (16, '牡丹江', 'MDJ', 0);
INSERT INTO `flight_dest` VALUES (17, '青岛', 'QD', 0);
INSERT INTO `flight_dest` VALUES (18, '天津', 'TQ', 0);
INSERT INTO `flight_dest` VALUES (19, '郑州', 'ZZ', 0);
INSERT INTO `flight_dest` VALUES (20, '延安', 'YA', 0);

-- ----------------------------
-- Table structure for hotel
-- ----------------------------
DROP TABLE IF EXISTS `hotel`;
CREATE TABLE `hotel`  (
  `id` bigint(20) NOT NULL AUTO_INCREMENT,
  `dest_id` bigint(20) NULL DEFAULT NULL,
  `score` double(255, 1) NULL DEFAULT NULL,
  `star` int(11) NULL DEFAULT NULL,
  `price` bigint(20) NULL DEFAULT NULL,
  `type` int(11) NULL DEFAULT NULL,
  `brand` varchar(255) CHARACTER SET utf8mb4 COLLATE utf8mb4_general_ci NULL DEFAULT NULL,
  `info` varchar(255) CHARACTER SET utf8mb4 COLLATE utf8mb4_general_ci NULL DEFAULT NULL,
  `location` varchar(255) CHARACTER SET utf8mb4 COLLATE utf8mb4_general_ci NULL DEFAULT NULL,
  `commentnum` bigint(20) NULL DEFAULT NULL,
  `travelnum` bigint(20) NULL DEFAULT NULL,
  `coverUrl` varchar(255) CHARACTER SET utf8mb4 COLLATE utf8mb4_general_ci NULL DEFAULT NULL,
  `roomnum` bigint(20) NULL DEFAULT NULL,
  `sellnum` bigint(20) NULL DEFAULT NULL,
  `english` varchar(255) CHARACTER SET utf8mb4 COLLATE utf8mb4_general_ci NULL DEFAULT NULL,
  `closeSub` int(11) NULL DEFAULT NULL,
  `name` varchar(255) CHARACTER SET utf8mb4 COLLATE utf8mb4_general_ci NULL DEFAULT NULL,
  `url` varchar(255) CHARACTER SET utf8mb4 COLLATE utf8mb4_general_ci NULL DEFAULT NULL,
  PRIMARY KEY (`id`) USING BTREE
) ENGINE = InnoDB AUTO_INCREMENT = 4 CHARACTER SET = utf8mb4 COLLATE = utf8mb4_general_ci ROW_FORMAT = Compact;

-- ----------------------------
-- Records of hotel
-- ----------------------------
INSERT INTO `hotel` VALUES (1, 3261, 8.5, 4, 1896, 1, '四季', '酒店位置优越，可俯瞰地标建筑小蛮腰，视野很赞。酒店旁边就是地铁站，出行非常方便，晚上附近的花城广场不时会有音乐水舞表演，很有气氛。', '珠江新城', 321, 19, 'http://p1-q.mafengwo.net/s10/M00/E7/E3/wKgBZ1mMtJSAVSqAAB08VlcwpnA68.jpeg?imageMogr2%2Fthumbnail%2F%21660x480r%2Fgravity%2FCenter%2Fcrop%2F%21660x480%2Fquality%2F90', 10, 85, 'Four Seasons Hotel Guangzhou', 1, '广州四季酒店', 'https://www.mafengwo.cn/hotel/5423325.html?iMddid=10088');
INSERT INTO `hotel` VALUES (2, 3261, 8.6, 5, 963, 2, '白天鹅', '宾馆庭园式设计非常复古，装饰很典雅。客房是现代岭南风格的装饰，在窗边可欣赏到白鹅潭的景致，房间温馨舒适。宾馆周边公共设施也齐全。', '沙面,上下九', 432, 199, 'http://n1-q.mafengwo.net/s11/M00/47/EF/wKgBEFtiXJaAZlXJAAN7kTd9fvc15.jpeg?imageMogr2%2Fthumbnail%2F%21660x480r%2Fgravity%2FCenter%2Fcrop%2F%21660x480%2Fquality%2F90', 20, 90, 'White Swan Hotel', 0, '广州白天鹅宾馆', 'https://www.mafengwo.cn/hotel/25061.html?iMddid=10088');
INSERT INTO `hotel` VALUES (3, 3261, 8.3, 3, 372, 3, '白天鹅', '酒店地理位置很好，紧邻珠江，早上可以晨练。酒店环境清幽，装修典雅，拥有各类房型，娱乐休闲设施也齐全，房间干净舒适。', '沙面,上下九', 268, 17, 'http://p1-q.mafengwo.net/s11/M00/56/FC/wKgBEFtxRyaAETCIAAJh7IIKQJ438.jpeg?imageMogr2%2Fthumbnail%2F%21660x480r%2Fgravity%2FCenter%2Fcrop%2F%21660x480%2Fquality%2F90', 0, 50, 'Guangdong Victory Hotel', 1, '广东胜利宾馆', 'https://www.mafengwo.cn/hotel/64157.html?iMddid=10088');

-- ----------------------------
-- Table structure for hotel_area_relation
-- ----------------------------
DROP TABLE IF EXISTS `hotel_area_relation`;
CREATE TABLE `hotel_area_relation`  (
  `dest_area_id` bigint(20) NULL DEFAULT NULL,
  `hotel_id` bigint(20) NULL DEFAULT NULL
) ENGINE = InnoDB CHARACTER SET = utf8mb4 COLLATE = utf8mb4_general_ci ROW_FORMAT = Compact;

-- ----------------------------
-- Records of hotel_area_relation
-- ----------------------------
INSERT INTO `hotel_area_relation` VALUES (1, 1);
INSERT INTO `hotel_area_relation` VALUES (1, 2);
INSERT INTO `hotel_area_relation` VALUES (2, 2);
INSERT INTO `hotel_area_relation` VALUES (2, 3);
INSERT INTO `hotel_area_relation` VALUES (3, 3);
INSERT INTO `hotel_area_relation` VALUES (2, 1);

-- ----------------------------
-- Table structure for hotel_destination_theme
-- ----------------------------
DROP TABLE IF EXISTS `hotel_destination_theme`;
CREATE TABLE `hotel_destination_theme`  (
  `id` bigint(20) NOT NULL AUTO_INCREMENT,
  `name` varchar(255) CHARACTER SET utf8mb4 COLLATE utf8mb4_general_ci NULL DEFAULT NULL,
  `dest_ids` varchar(255) CHARACTER SET utf8mb4 COLLATE utf8mb4_general_ci NULL DEFAULT NULL,
  PRIMARY KEY (`id`) USING BTREE
) ENGINE = InnoDB AUTO_INCREMENT = 7 CHARACTER SET = utf8mb4 COLLATE = utf8mb4_general_ci ROW_FORMAT = Compact;

-- ----------------------------
-- Records of hotel_destination_theme
-- ----------------------------
INSERT INTO `hotel_destination_theme` VALUES (1, '爱彼迎名宿推荐', '3261,249,241');
INSERT INTO `hotel_destination_theme` VALUES (2, '吃货根据地', '3261');
INSERT INTO `hotel_destination_theme` VALUES (3, '迪士尼乐园', '249');
INSERT INTO `hotel_destination_theme` VALUES (4, '浪漫花海', '249');
INSERT INTO `hotel_destination_theme` VALUES (5, '亲子之选', '3261');
INSERT INTO `hotel_destination_theme` VALUES (6, '血拼购物', '241');

-- ----------------------------
-- Table structure for hotel_facilities
-- ----------------------------
DROP TABLE IF EXISTS `hotel_facilities`;
CREATE TABLE `hotel_facilities`  (
  `id` bigint(20) NOT NULL AUTO_INCREMENT,
  `name` varchar(255) CHARACTER SET utf8mb4 COLLATE utf8mb4_general_ci NULL DEFAULT NULL,
  PRIMARY KEY (`id`) USING BTREE
) ENGINE = InnoDB AUTO_INCREMENT = 11 CHARACTER SET = utf8mb4 COLLATE = utf8mb4_general_ci ROW_FORMAT = Compact;

-- ----------------------------
-- Records of hotel_facilities
-- ----------------------------
INSERT INTO `hotel_facilities` VALUES (1, '电梯');
INSERT INTO `hotel_facilities` VALUES (2, '无烟客房');
INSERT INTO `hotel_facilities` VALUES (3, '独立卫浴');
INSERT INTO `hotel_facilities` VALUES (4, '健身中心');
INSERT INTO `hotel_facilities` VALUES (5, '游泳池');
INSERT INTO `hotel_facilities` VALUES (6, 'Wifi');
INSERT INTO `hotel_facilities` VALUES (7, '停车场');
INSERT INTO `hotel_facilities` VALUES (8, 'SPA');
INSERT INTO `hotel_facilities` VALUES (9, '餐厅');
INSERT INTO `hotel_facilities` VALUES (10, '棋牌室');

-- ----------------------------
-- Table structure for hotel_facilities_relation
-- ----------------------------
DROP TABLE IF EXISTS `hotel_facilities_relation`;
CREATE TABLE `hotel_facilities_relation`  (
  `hotel_id` bigint(20) NULL DEFAULT NULL,
  `facilities_id` bigint(20) NULL DEFAULT NULL
) ENGINE = InnoDB CHARACTER SET = utf8mb4 COLLATE = utf8mb4_general_ci ROW_FORMAT = Compact;

-- ----------------------------
-- Records of hotel_facilities_relation
-- ----------------------------
INSERT INTO `hotel_facilities_relation` VALUES (1, 1);
INSERT INTO `hotel_facilities_relation` VALUES (1, 2);
INSERT INTO `hotel_facilities_relation` VALUES (1, 3);
INSERT INTO `hotel_facilities_relation` VALUES (1, 4);
INSERT INTO `hotel_facilities_relation` VALUES (2, 3);
INSERT INTO `hotel_facilities_relation` VALUES (2, 4);
INSERT INTO `hotel_facilities_relation` VALUES (2, 5);
INSERT INTO `hotel_facilities_relation` VALUES (3, 5);
INSERT INTO `hotel_facilities_relation` VALUES (3, 6);
INSERT INTO `hotel_facilities_relation` VALUES (3, 7);
INSERT INTO `hotel_facilities_relation` VALUES (3, 8);
INSERT INTO `hotel_facilities_relation` VALUES (3, 9);

-- ----------------------------
-- Table structure for hotel_tag_relation
-- ----------------------------
DROP TABLE IF EXISTS `hotel_tag_relation`;
CREATE TABLE `hotel_tag_relation`  (
  `hotel_id` bigint(20) NULL DEFAULT NULL,
  `tag_id` bigint(20) NULL DEFAULT NULL
) ENGINE = InnoDB CHARACTER SET = utf8mb4 COLLATE = utf8mb4_general_ci ROW_FORMAT = Compact;

-- ----------------------------
-- Records of hotel_tag_relation
-- ----------------------------
INSERT INTO `hotel_tag_relation` VALUES (1, 1);
INSERT INTO `hotel_tag_relation` VALUES (1, 2);
INSERT INTO `hotel_tag_relation` VALUES (2, 3);
INSERT INTO `hotel_tag_relation` VALUES (2, 2);
INSERT INTO `hotel_tag_relation` VALUES (3, 4);
INSERT INTO `hotel_tag_relation` VALUES (3, 5);
INSERT INTO `hotel_tag_relation` VALUES (3, 6);

-- ----------------------------
-- Table structure for hotel_tags
-- ----------------------------
DROP TABLE IF EXISTS `hotel_tags`;
CREATE TABLE `hotel_tags`  (
  `id` bigint(20) NOT NULL AUTO_INCREMENT,
  `name` varchar(255) CHARACTER SET utf8mb4 COLLATE utf8mb4_general_ci NULL DEFAULT NULL,
  `dest_id` bigint(20) NULL DEFAULT NULL,
  PRIMARY KEY (`id`) USING BTREE
) ENGINE = InnoDB AUTO_INCREMENT = 7 CHARACTER SET = utf8mb4 COLLATE = utf8mb4_general_ci ROW_FORMAT = Compact;

-- ----------------------------
-- Records of hotel_tags
-- ----------------------------
INSERT INTO `hotel_tags` VALUES (1, '亲子精选', 3261);
INSERT INTO `hotel_tags` VALUES (2, '来羊城泡汤', 3261);
INSERT INTO `hotel_tags` VALUES (3, '性价比精选', 3261);
INSERT INTO `hotel_tags` VALUES (4, '紧临珠江', 3261);
INSERT INTO `hotel_tags` VALUES (5, '奢华之选', 3261);
INSERT INTO `hotel_tags` VALUES (6, '羊城老街', 3261);

-- ----------------------------
-- Table structure for new_destination
-- ----------------------------
DROP TABLE IF EXISTS `new_destination`;
CREATE TABLE `new_destination`  (
  `id` bigint(20) NOT NULL AUTO_INCREMENT,
  `parent_id` bigint(20) NULL DEFAULT NULL,
  `region_id` bigint(20) NULL DEFAULT NULL,
  `name` varchar(255) CHARACTER SET utf8 COLLATE utf8_general_ci NULL DEFAULT NULL,
  `hot` int(11) NULL DEFAULT NULL,
  `coverUrl` varchar(255) CHARACTER SET utf8 COLLATE utf8_general_ci NULL DEFAULT NULL,
  `info` varchar(255) CHARACTER SET utf8 COLLATE utf8_general_ci NULL DEFAULT NULL,
  `monthd_id` bigint(20) NULL DEFAULT NULL COMMENT '月份id',
  `tag_id` bigint(20) NULL DEFAULT NULL COMMENT '主题标签id',
  `route_id` bigint(20) NULL DEFAULT NULL COMMENT '线路id',
  `deep` int(11) NULL DEFAULT NULL,
  PRIMARY KEY (`id`) USING BTREE
) ENGINE = InnoDB AUTO_INCREMENT = 3514 CHARACTER SET = utf8 COLLATE = utf8_general_ci ROW_FORMAT = Compact;

-- ----------------------------
-- Records of new_destination
-- ----------------------------
INSERT INTO `new_destination` VALUES (1, NULL, 1, '中国', 1, '/738b4710b912c8fc15163168fd039245d78821aa.jpg', '中国，是以华夏文明为源泉、中华文化为基础，并以汉族为主体民族的多民族国家，通用汉语、汉字，汉族与少数民族被统称为“中华民族”，又自称为炎黄子孙、龙的传人。', 1, 1, 1, 1);
INSERT INTO `new_destination` VALUES (11, NULL, 3, '埃及', 0, 'http://n3-q.mafengwo.net/s8/M00/02/7A/wKgBpVUk3u-AYDLxAA885W7aqSA86.jpeg?imageMogr2%2Fthumbnail%2F%21640x400r%2Fgravity%2FCenter%2Fcrop%2F%21640x400%2Fquality%2F90', NULL, 1, 1, 1, 1);
INSERT INTO `new_destination` VALUES (30, NULL, 5, '巴西', 0, 'http://n3-q.mafengwo.net/s8/M00/02/7A/wKgBpVUk3u-AYDLxAA885W7aqSA86.jpeg?imageMogr2%2Fthumbnail%2F%21640x400r%2Fgravity%2FCenter%2Fcrop%2F%21640x400%2Fquality%2F90', NULL, NULL, NULL, NULL, 1);
INSERT INTO `new_destination` VALUES (55, NULL, 5, '俄罗斯', 0, 'http://n3-q.mafengwo.net/s8/M00/02/7A/wKgBpVUk3u-AYDLxAA885W7aqSA86.jpeg?imageMogr2%2Fthumbnail%2F%21640x400r%2Fgravity%2FCenter%2Fcrop%2F%21640x400%2Fquality%2F90', NULL, NULL, NULL, NULL, 1);
INSERT INTO `new_destination` VALUES (83, NULL, 1, '韩国', 1, 'http://n3-q.mafengwo.net/s8/M00/02/7A/wKgBpVUk3u-AYDLxAA885W7aqSA86.jpeg?imageMogr2%2Fthumbnail%2F%21640x400r%2Fgravity%2FCenter%2Fcrop%2F%21640x400%2Fquality%2F90', '韩国棒子', 1, 1, 1, 1);
INSERT INTO `new_destination` VALUES (84, NULL, 5, '荷兰', 1, 'http://n3-q.mafengwo.net/s8/M00/02/7A/wKgBpVUk3u-AYDLxAA885W7aqSA86.jpeg?imageMogr2%2Fthumbnail%2F%21640x400r%2Fgravity%2FCenter%2Fcrop%2F%21640x400%2Fquality%2F90', NULL, 1, 1, 1, 1);
INSERT INTO `new_destination` VALUES (93, NULL, 4, '加拿大', 1, 'http://n3-q.mafengwo.net/s8/M00/02/7A/wKgBpVUk3u-AYDLxAA885W7aqSA86.jpeg?imageMogr2%2Fthumbnail%2F%21640x400r%2Fgravity%2FCenter%2Fcrop%2F%21640x400%2Fquality%2F90', NULL, 1, 1, 1, 1);
INSERT INTO `new_destination` VALUES (96, NULL, 3, '柬埔寨', 0, NULL, NULL, NULL, NULL, NULL, 1);
INSERT INTO `new_destination` VALUES (122, NULL, 1, '马尔代夫', 1, NULL, '马尔代夫，度假天堂', NULL, NULL, NULL, 1);
INSERT INTO `new_destination` VALUES (125, NULL, 1, '马来西亚', 0, NULL, NULL, NULL, NULL, NULL, 1);
INSERT INTO `new_destination` VALUES (134, NULL, 4, '美国', 1, '/4610b912c8fcc3ced986553d9545d688d43f207d.jpg', '美利坚合众国（英语：United States of America），简称“美国”（United States），是由华盛顿哥伦比亚特区、50个州和关岛等众多海外领土组成的联邦共和立宪制国家', 1, 1, 1, 1);
INSERT INTO `new_destination` VALUES (142, NULL, 3, '缅甸', 1, NULL, NULL, NULL, NULL, NULL, 1);
INSERT INTO `new_destination` VALUES (153, NULL, 1, '尼泊尔', 1, NULL, NULL, NULL, NULL, NULL, 1);
INSERT INTO `new_destination` VALUES (164, NULL, 1, '日本', 1, '/8c1001e93901213feb63580c53e736d12e2e9589.jpg', '日本国（日语：にっぽんこく、にほんこく；英语：Japan），简称“日本”，位于东亚、国名意为“日出之国”，领土由北海道、本州、四国、九州四个大岛及6800多个小岛组成，总面积37.8万平方公里', 2, 2, 1, 1);
INSERT INTO `new_destination` VALUES (183, NULL, 1, '斯里兰卡', 1, NULL, NULL, 3, 3, 1, 1);
INSERT INTO `new_destination` VALUES (193, NULL, 3, '泰国', 1, '/35a85edf8db1cb13848fdb06dd54564e93584bc5.jpg', '泰王国（泰语：ราชอาณาจักรไทย，英语：The Kingdom of Thailand），简称“泰国”（Thailand）。是一个位于东南亚的君主立宪制国家', 4, 5, 1, 1);
INSERT INTO `new_destination` VALUES (201, NULL, 1, '土耳其', 1, NULL, NULL, 5, 12, 1, 1);
INSERT INTO `new_destination` VALUES (219, NULL, 6, '新西兰', 1, NULL, NULL, NULL, NULL, NULL, 1);
INSERT INTO `new_destination` VALUES (229, NULL, 3, '印度', 1, NULL, NULL, NULL, NULL, NULL, 1);
INSERT INTO `new_destination` VALUES (234, NULL, 3, '越南', 1, NULL, NULL, NULL, NULL, NULL, 1);
INSERT INTO `new_destination` VALUES (240, 1, NULL, '直辖市', NULL, NULL, NULL, NULL, NULL, NULL, 2);
INSERT INTO `new_destination` VALUES (241, 240, NULL, '北京', 1, '/0bd162d9f2d3572cc08ce2698113632762d0c31d.jpg', '北京，简称“京”，是中华人民共和国的首都，是全国的政治中心、文化中心，国家中心城市、超大城市，是世界著名古都和现代化国际城市。', NULL, NULL, NULL, 3);
INSERT INTO `new_destination` VALUES (242, 240, NULL, '天津', 1, NULL, NULL, NULL, NULL, NULL, 3);
INSERT INTO `new_destination` VALUES (243, 1, NULL, '河北', 1, NULL, NULL, NULL, NULL, NULL, 2);
INSERT INTO `new_destination` VALUES (244, 1, NULL, '山西', 1, NULL, NULL, NULL, NULL, NULL, 2);
INSERT INTO `new_destination` VALUES (245, 1, NULL, '内蒙古', 1, NULL, NULL, NULL, NULL, NULL, 2);
INSERT INTO `new_destination` VALUES (246, 1, NULL, '辽宁', 1, NULL, NULL, NULL, NULL, NULL, 2);
INSERT INTO `new_destination` VALUES (247, 1, NULL, '吉林', 1, NULL, NULL, NULL, NULL, NULL, 2);
INSERT INTO `new_destination` VALUES (248, 1, NULL, '黑龙江', 1, NULL, NULL, NULL, NULL, NULL, 2);
INSERT INTO `new_destination` VALUES (249, 240, NULL, '上海', 1, '/faedab64034f78f05ebbe45f7b310a55b2191ced.jpg', '海市，简称“沪”，是中华人民共和国省级行政区。上海是中国共产党诞生地、国家历史文化名城，中国经济、金融、贸易、航运、科技创新中心', NULL, NULL, NULL, 3);
INSERT INTO `new_destination` VALUES (250, 1, NULL, '江苏', 1, NULL, NULL, NULL, NULL, NULL, 2);
INSERT INTO `new_destination` VALUES (251, 1, NULL, '浙江', 1, NULL, NULL, NULL, NULL, NULL, 2);
INSERT INTO `new_destination` VALUES (252, 1, NULL, '安徽', 1, NULL, NULL, NULL, NULL, NULL, 2);
INSERT INTO `new_destination` VALUES (253, 1, NULL, '福建', 1, NULL, NULL, NULL, NULL, NULL, 2);
INSERT INTO `new_destination` VALUES (254, 1, NULL, '江西', 1, NULL, NULL, NULL, NULL, NULL, 2);
INSERT INTO `new_destination` VALUES (255, 1, NULL, '山东', 1, NULL, NULL, NULL, NULL, NULL, 2);
INSERT INTO `new_destination` VALUES (256, 1, NULL, '河南', 1, NULL, NULL, NULL, NULL, NULL, 2);
INSERT INTO `new_destination` VALUES (257, 1, NULL, '湖北', 1, NULL, NULL, NULL, NULL, NULL, 2);
INSERT INTO `new_destination` VALUES (258, 1, NULL, '湖南', 1, NULL, NULL, NULL, NULL, NULL, 2);
INSERT INTO `new_destination` VALUES (259, 1, NULL, '广东', 1, 'b8389b504fc2d5624b6d4a1bee1190ef77c66cdb.jpg', '广东，简称“粤”，是中华人民共和国省级行政区，省会广州。名由岭南东道、广南东路演变而来。位于南岭以南，南海之滨，与香港、澳门、广西、湖南、江西及福建接壤，与海南隔海相望', NULL, NULL, NULL, 2);
INSERT INTO `new_destination` VALUES (260, 1, NULL, '广西', 1, NULL, NULL, NULL, NULL, NULL, 2);
INSERT INTO `new_destination` VALUES (261, 1, NULL, '海南', 1, NULL, NULL, NULL, NULL, NULL, 2);
INSERT INTO `new_destination` VALUES (262, 240, NULL, '重庆', 1, NULL, NULL, NULL, NULL, NULL, 3);
INSERT INTO `new_destination` VALUES (263, 1, NULL, '四川', 1, '/f703738da9773912a8505420f1198618367ae279.jpg', '四川，简称“川”或“蜀”，是中华人民共和国省级行政区。省会成都，位于中国西南地区内陆，界于北纬26°03′-34°19′，东经97°21′-108°12′之间，东连重庆，南邻云南、贵州，西接西藏，北界陕西、甘肃、青海，四川省总面积48.6万平方千米', NULL, NULL, NULL, 2);
INSERT INTO `new_destination` VALUES (264, 1, NULL, '贵州', 1, NULL, NULL, NULL, NULL, NULL, 2);
INSERT INTO `new_destination` VALUES (265, 1, NULL, '云南', 1, NULL, NULL, NULL, NULL, NULL, 2);
INSERT INTO `new_destination` VALUES (266, 1, NULL, '西藏', 1, NULL, NULL, NULL, NULL, NULL, 2);
INSERT INTO `new_destination` VALUES (267, 1, NULL, '陕西', 1, NULL, NULL, NULL, NULL, NULL, 2);
INSERT INTO `new_destination` VALUES (268, 1, NULL, '甘肃', 1, NULL, NULL, NULL, NULL, NULL, 2);
INSERT INTO `new_destination` VALUES (269, 1, NULL, '青海', 1, NULL, NULL, NULL, NULL, NULL, 2);
INSERT INTO `new_destination` VALUES (270, 1, NULL, '宁夏', 1, NULL, NULL, NULL, NULL, NULL, 2);
INSERT INTO `new_destination` VALUES (271, 1, NULL, '新疆', 1, NULL, NULL, NULL, NULL, NULL, 2);
INSERT INTO `new_destination` VALUES (272, 1, NULL, '台湾', 1, NULL, NULL, NULL, NULL, NULL, 2);
INSERT INTO `new_destination` VALUES (273, 1, NULL, '香港', 1, NULL, NULL, NULL, NULL, NULL, 2);
INSERT INTO `new_destination` VALUES (274, 1, NULL, '澳门', 1, NULL, NULL, NULL, NULL, NULL, 2);
INSERT INTO `new_destination` VALUES (304, 125, NULL, '吉隆坡', 1, NULL, NULL, NULL, NULL, NULL, 2);
INSERT INTO `new_destination` VALUES (305, 125, NULL, '马六甲', 1, NULL, NULL, NULL, NULL, NULL, 2);
INSERT INTO `new_destination` VALUES (311, 125, NULL, '沙巴', 1, NULL, NULL, NULL, NULL, NULL, 2);
INSERT INTO `new_destination` VALUES (329, 134, NULL, '华盛顿', 1, NULL, NULL, NULL, NULL, NULL, 2);
INSERT INTO `new_destination` VALUES (350, 134, NULL, '纽约', 1, '/3bf33a87e950352a0b2696185f43fbf2b2118b5f.jpg', '纽约市（New York City，简称NYC），位于美国纽约州东南部大西洋沿岸，是美国第一大城市及第一大港口，纽约都市圈为世界上最大的城市圈之一，与英国伦敦、中国香港并称为“纽伦港”（Nylonkong）', NULL, NULL, NULL, 2);
INSERT INTO `new_destination` VALUES (356, 134, NULL, '夏威夷', 1, NULL, NULL, NULL, NULL, NULL, 2);
INSERT INTO `new_destination` VALUES (362, 134, NULL, '印第安那', 1, NULL, NULL, NULL, NULL, NULL, 2);
INSERT INTO `new_destination` VALUES (493, 11, NULL, '阿斯旺', 1, NULL, NULL, NULL, NULL, NULL, 2);
INSERT INTO `new_destination` VALUES (494, 11, NULL, '古尔代盖', 1, NULL, NULL, NULL, NULL, NULL, 2);
INSERT INTO `new_destination` VALUES (495, 11, NULL, '开罗', 1, NULL, NULL, NULL, NULL, NULL, 2);
INSERT INTO `new_destination` VALUES (641, 30, NULL, '阿克里', 1, NULL, NULL, NULL, NULL, NULL, 2);
INSERT INTO `new_destination` VALUES (646, 30, NULL, '巴伊亚', 1, NULL, NULL, NULL, NULL, NULL, 2);
INSERT INTO `new_destination` VALUES (658, 30, NULL, '帕拉', 1, NULL, NULL, NULL, NULL, NULL, 2);
INSERT INTO `new_destination` VALUES (1232, 84, NULL, '阿姆斯特丹', 1, NULL, NULL, NULL, NULL, NULL, 2);
INSERT INTO `new_destination` VALUES (1237, 84, NULL, '埃门', 1, NULL, NULL, NULL, NULL, NULL, 2);
INSERT INTO `new_destination` VALUES (1249, 84, NULL, '鹿特丹', 1, NULL, NULL, NULL, NULL, NULL, 2);
INSERT INTO `new_destination` VALUES (1311, 93, NULL, '巴里', 1, NULL, NULL, NULL, NULL, NULL, 2);
INSERT INTO `new_destination` VALUES (1313, 93, NULL, '多伦多', 1, NULL, NULL, NULL, NULL, NULL, 2);
INSERT INTO `new_destination` VALUES (1322, 93, NULL, '卡里加里', 1, NULL, NULL, NULL, NULL, NULL, 2);
INSERT INTO `new_destination` VALUES (1363, 96, NULL, '白马', 1, NULL, NULL, NULL, NULL, NULL, 2);
INSERT INTO `new_destination` VALUES (1368, 96, NULL, '磅士卑', 1, NULL, NULL, NULL, NULL, NULL, 2);
INSERT INTO `new_destination` VALUES (1377, 96, NULL, '金边', 1, NULL, NULL, NULL, NULL, NULL, 2);
INSERT INTO `new_destination` VALUES (1669, 122, NULL, '阿杜', 1, NULL, NULL, NULL, NULL, NULL, 2);
INSERT INTO `new_destination` VALUES (1682, 122, NULL, '马累岛', 1, NULL, NULL, NULL, NULL, NULL, 2);
INSERT INTO `new_destination` VALUES (1688, 122, NULL, '南尼兰杜', 1, NULL, NULL, NULL, NULL, NULL, 2);
INSERT INTO `new_destination` VALUES (1782, 142, NULL, '勃固', 1, NULL, NULL, NULL, NULL, NULL, 2);
INSERT INTO `new_destination` VALUES (1783, 142, NULL, '掸邦', 1, NULL, NULL, NULL, NULL, NULL, 2);
INSERT INTO `new_destination` VALUES (1794, 142, NULL, '仰光', 1, NULL, NULL, NULL, NULL, NULL, 2);
INSERT INTO `new_destination` VALUES (1931, 153, NULL, '戈西', 1, NULL, NULL, NULL, NULL, NULL, 2);
INSERT INTO `new_destination` VALUES (1937, 153, NULL, '梅吉', 1, NULL, NULL, NULL, NULL, NULL, 2);
INSERT INTO `new_destination` VALUES (1941, 153, NULL, '塞蒂', 1, NULL, NULL, NULL, NULL, NULL, 2);
INSERT INTO `new_destination` VALUES (2022, 164, NULL, '北海道', 1, NULL, NULL, NULL, NULL, NULL, 2);
INSERT INTO `new_destination` VALUES (2030, 164, NULL, '东京', 1, '/2fdda3cc7cd98d10a5baf5262b3fb80e7bec90bf.jpg', '东京（とうきょう、Tōkyō），是日本的“都”， [1]  位于日本关东平原中部，是面向东京湾的国际大都市，日本三大都市圈之一东京都市圈的中心城市', NULL, NULL, NULL, 2);
INSERT INTO `new_destination` VALUES (2034, 164, NULL, '富山', 1, NULL, NULL, NULL, NULL, NULL, 2);
INSERT INTO `new_destination` VALUES (2039, 164, NULL, '广岛', 1, '/1f178a82b9014a906c391118a1773912b31bee14.png', '广岛（ひろしま）是日本本州岛西部的滨海城市，以广岛市为中心构成了日本三大都市圈之外的广岛都市圈。在第二次世界大战曾受美国原子弹的破坏，后于1958年重建', NULL, NULL, NULL, 2);
INSERT INTO `new_destination` VALUES (2191, 183, NULL, '巴杜勒', 1, NULL, NULL, NULL, NULL, NULL, 2);
INSERT INTO `new_destination` VALUES (2196, 183, NULL, '加勒', 1, NULL, NULL, NULL, NULL, NULL, 2);
INSERT INTO `new_destination` VALUES (2201, 183, NULL, '康提', 1, NULL, NULL, NULL, NULL, NULL, 2);
INSERT INTO `new_destination` VALUES (2279, 193, NULL, '巴蜀', 1, NULL, NULL, NULL, NULL, NULL, 2);
INSERT INTO `new_destination` VALUES (2284, 193, NULL, '北大年', 1, NULL, NULL, NULL, NULL, NULL, 2);
INSERT INTO `new_destination` VALUES (2305, 193, NULL, '甲米', 1, NULL, NULL, NULL, NULL, NULL, 2);
INSERT INTO `new_destination` VALUES (2318, 193, NULL, '曼谷', 1, '/562c11dfa9ec8a130ce5d5c2f303918fa0ecc011.jpg', '曼谷（泰文：กรุงเทพมหานคร；英文：Bangkok），是泰国首都和最大城市，别名“天使之城”，位于昭披耶河东岸，南临暹罗湾，中南半岛最大城市，东南亚第二大城市，为泰国政治、经济、贸易、交通、文化、科技、教育、宗教与各方面中心', NULL, NULL, NULL, 2);
INSERT INTO `new_destination` VALUES (2409, 201, NULL, '阿德亚曼', 1, NULL, NULL, NULL, NULL, NULL, 2);
INSERT INTO `new_destination` VALUES (2414, 201, NULL, '阿勒', 1, NULL, NULL, NULL, NULL, NULL, 2);
INSERT INTO `new_destination` VALUES (2419, 201, NULL, '埃拉泽', 1, NULL, NULL, NULL, NULL, NULL, 2);
INSERT INTO `new_destination` VALUES (2424, 201, NULL, '奥尔杜', 1, NULL, NULL, NULL, NULL, NULL, 2);
INSERT INTO `new_destination` VALUES (2721, 219, NULL, '奥克兰', 1, NULL, NULL, NULL, NULL, NULL, 2);
INSERT INTO `new_destination` VALUES (2729, 219, NULL, '黑斯廷斯', 1, NULL, NULL, NULL, NULL, NULL, 2);
INSERT INTO `new_destination` VALUES (2732, 219, NULL, '凯帕拉', 1, NULL, NULL, NULL, NULL, NULL, 2);
INSERT INTO `new_destination` VALUES (2902, 229, NULL, '班加罗尔', 1, NULL, NULL, NULL, NULL, NULL, 2);
INSERT INTO `new_destination` VALUES (2911, 229, NULL, '加尔各答', 1, NULL, NULL, NULL, NULL, NULL, 2);
INSERT INTO `new_destination` VALUES (2926, 229, NULL, '新德里', 1, NULL, NULL, NULL, NULL, NULL, 2);
INSERT INTO `new_destination` VALUES (2972, 234, NULL, '海防', 1, NULL, NULL, NULL, NULL, NULL, 2);
INSERT INTO `new_destination` VALUES (2973, 234, NULL, '河内', 1, NULL, NULL, NULL, NULL, NULL, 2);
INSERT INTO `new_destination` VALUES (2974, 234, NULL, '胡志明', 1, NULL, NULL, NULL, NULL, NULL, 2);
INSERT INTO `new_destination` VALUES (3015, 241, NULL, '东城区', 1, NULL, NULL, NULL, NULL, NULL, 3);
INSERT INTO `new_destination` VALUES (3016, 241, NULL, '西城区', 1, NULL, NULL, NULL, NULL, NULL, 3);
INSERT INTO `new_destination` VALUES (3017, 241, NULL, '朝阳区', 1, NULL, NULL, NULL, NULL, NULL, 3);
INSERT INTO `new_destination` VALUES (3018, 241, NULL, '丰台区', 1, NULL, NULL, NULL, NULL, NULL, 3);
INSERT INTO `new_destination` VALUES (3019, 241, NULL, '石景山区', 1, NULL, NULL, NULL, NULL, NULL, 3);
INSERT INTO `new_destination` VALUES (3020, 241, NULL, '海淀区', 1, NULL, NULL, NULL, NULL, NULL, 3);
INSERT INTO `new_destination` VALUES (3021, 241, NULL, '门头沟区', 1, NULL, NULL, NULL, NULL, NULL, 3);
INSERT INTO `new_destination` VALUES (3022, 241, NULL, '房山区', 1, NULL, NULL, NULL, NULL, NULL, 3);
INSERT INTO `new_destination` VALUES (3023, 241, NULL, '通州区', 1, NULL, NULL, NULL, NULL, NULL, 3);
INSERT INTO `new_destination` VALUES (3024, 241, NULL, '顺义区', 1, NULL, NULL, NULL, NULL, NULL, 3);
INSERT INTO `new_destination` VALUES (3025, 241, NULL, '昌平区', 1, NULL, NULL, NULL, NULL, NULL, 3);
INSERT INTO `new_destination` VALUES (3026, 241, NULL, '大兴区', 1, NULL, NULL, NULL, NULL, NULL, 3);
INSERT INTO `new_destination` VALUES (3027, 241, NULL, '平谷区', 1, NULL, NULL, NULL, NULL, NULL, 3);
INSERT INTO `new_destination` VALUES (3028, 241, NULL, '怀柔区', 1, NULL, NULL, NULL, NULL, NULL, 3);
INSERT INTO `new_destination` VALUES (3029, 241, NULL, '密云县', 1, NULL, NULL, NULL, NULL, NULL, 3);
INSERT INTO `new_destination` VALUES (3030, 241, NULL, '延庆县', 1, NULL, NULL, NULL, NULL, NULL, 3);
INSERT INTO `new_destination` VALUES (3031, 242, NULL, '和平区', 1, NULL, NULL, NULL, NULL, NULL, 3);
INSERT INTO `new_destination` VALUES (3032, 242, NULL, '河东区', 1, NULL, NULL, NULL, NULL, NULL, 3);
INSERT INTO `new_destination` VALUES (3033, 242, NULL, '河西区', 1, NULL, NULL, NULL, NULL, NULL, 3);
INSERT INTO `new_destination` VALUES (3034, 242, NULL, '南开区', 1, NULL, NULL, NULL, NULL, NULL, 3);
INSERT INTO `new_destination` VALUES (3035, 242, NULL, '河北区', 1, NULL, NULL, NULL, NULL, NULL, 3);
INSERT INTO `new_destination` VALUES (3036, 242, NULL, '红桥区', 1, NULL, NULL, NULL, NULL, NULL, 3);
INSERT INTO `new_destination` VALUES (3037, 242, NULL, '滨海新区', 1, NULL, NULL, NULL, NULL, NULL, 3);
INSERT INTO `new_destination` VALUES (3038, 242, NULL, '东丽区', 1, NULL, NULL, NULL, NULL, NULL, 3);
INSERT INTO `new_destination` VALUES (3039, 242, NULL, '西青区', 1, NULL, NULL, NULL, NULL, NULL, 3);
INSERT INTO `new_destination` VALUES (3040, 242, NULL, '津南区', 1, NULL, NULL, NULL, NULL, NULL, 3);
INSERT INTO `new_destination` VALUES (3041, 242, NULL, '北辰区', 1, NULL, NULL, NULL, NULL, NULL, 3);
INSERT INTO `new_destination` VALUES (3042, 242, NULL, '宁河县', 1, NULL, NULL, NULL, NULL, NULL, 3);
INSERT INTO `new_destination` VALUES (3043, 242, NULL, '武清', 1, NULL, NULL, NULL, NULL, NULL, 3);
INSERT INTO `new_destination` VALUES (3044, 242, NULL, '静海县', 1, NULL, NULL, NULL, NULL, NULL, 3);
INSERT INTO `new_destination` VALUES (3045, 242, NULL, '宝坻', 1, NULL, NULL, NULL, NULL, NULL, 3);
INSERT INTO `new_destination` VALUES (3046, 242, NULL, '蓟县', 1, NULL, NULL, NULL, NULL, NULL, 3);
INSERT INTO `new_destination` VALUES (3047, 243, NULL, '石家庄', 1, NULL, NULL, NULL, NULL, NULL, 3);
INSERT INTO `new_destination` VALUES (3048, 243, NULL, '唐山', 1, NULL, NULL, NULL, NULL, NULL, 3);
INSERT INTO `new_destination` VALUES (3049, 243, NULL, '秦皇岛', 1, NULL, NULL, NULL, NULL, NULL, 3);
INSERT INTO `new_destination` VALUES (3050, 243, NULL, '邯郸', 1, NULL, NULL, NULL, NULL, NULL, 3);
INSERT INTO `new_destination` VALUES (3051, 243, NULL, '邢台', 1, NULL, NULL, NULL, NULL, NULL, 3);
INSERT INTO `new_destination` VALUES (3052, 243, NULL, '保定', 1, NULL, NULL, NULL, NULL, NULL, 3);
INSERT INTO `new_destination` VALUES (3053, 243, NULL, '张家口', 1, NULL, NULL, NULL, NULL, NULL, 3);
INSERT INTO `new_destination` VALUES (3054, 243, NULL, '承德', 1, NULL, NULL, NULL, NULL, NULL, 3);
INSERT INTO `new_destination` VALUES (3055, 243, NULL, '沧州', 1, NULL, NULL, NULL, NULL, NULL, 3);
INSERT INTO `new_destination` VALUES (3056, 243, NULL, '廊坊', 1, NULL, NULL, NULL, NULL, NULL, 3);
INSERT INTO `new_destination` VALUES (3057, 243, NULL, '衡水', 1, NULL, NULL, NULL, NULL, NULL, 3);
INSERT INTO `new_destination` VALUES (3058, 244, NULL, '太原', 1, NULL, NULL, NULL, NULL, NULL, 3);
INSERT INTO `new_destination` VALUES (3059, 244, NULL, '大同', 1, NULL, NULL, NULL, NULL, NULL, 3);
INSERT INTO `new_destination` VALUES (3060, 244, NULL, '阳泉', 1, NULL, NULL, NULL, NULL, NULL, 3);
INSERT INTO `new_destination` VALUES (3061, 244, NULL, '长治', 1, NULL, NULL, NULL, NULL, NULL, 3);
INSERT INTO `new_destination` VALUES (3062, 244, NULL, '晋城', 1, NULL, NULL, NULL, NULL, NULL, 3);
INSERT INTO `new_destination` VALUES (3063, 244, NULL, '朔州', 1, NULL, NULL, NULL, NULL, NULL, 3);
INSERT INTO `new_destination` VALUES (3064, 244, NULL, '晋中', 1, NULL, NULL, NULL, NULL, NULL, 3);
INSERT INTO `new_destination` VALUES (3065, 244, NULL, '运城', 1, NULL, NULL, NULL, NULL, NULL, 3);
INSERT INTO `new_destination` VALUES (3066, 244, NULL, '忻州', 1, NULL, NULL, NULL, NULL, NULL, 3);
INSERT INTO `new_destination` VALUES (3067, 244, NULL, '临汾', 1, NULL, NULL, NULL, NULL, NULL, 3);
INSERT INTO `new_destination` VALUES (3068, 244, NULL, '吕梁', 1, NULL, NULL, NULL, NULL, NULL, 3);
INSERT INTO `new_destination` VALUES (3069, 245, NULL, '呼和浩特', 1, NULL, NULL, NULL, NULL, NULL, 3);
INSERT INTO `new_destination` VALUES (3070, 245, NULL, '包头', 1, NULL, NULL, NULL, NULL, NULL, 3);
INSERT INTO `new_destination` VALUES (3071, 245, NULL, '乌海', 1, NULL, NULL, NULL, NULL, NULL, 3);
INSERT INTO `new_destination` VALUES (3072, 245, NULL, '赤峰', 1, NULL, NULL, NULL, NULL, NULL, 3);
INSERT INTO `new_destination` VALUES (3073, 245, NULL, '通辽', 1, NULL, NULL, NULL, NULL, NULL, 3);
INSERT INTO `new_destination` VALUES (3074, 245, NULL, '鄂尔多斯', 1, NULL, NULL, NULL, NULL, NULL, 3);
INSERT INTO `new_destination` VALUES (3075, 245, NULL, '呼伦贝尔', 1, NULL, NULL, NULL, NULL, NULL, 3);
INSERT INTO `new_destination` VALUES (3076, 245, NULL, '巴彦淖尔', 1, NULL, NULL, NULL, NULL, NULL, 3);
INSERT INTO `new_destination` VALUES (3077, 245, NULL, '乌兰察布', 1, NULL, NULL, NULL, NULL, NULL, 3);
INSERT INTO `new_destination` VALUES (3078, 245, NULL, '兴安盟', 1, NULL, NULL, NULL, NULL, NULL, 3);
INSERT INTO `new_destination` VALUES (3079, 245, NULL, '锡林郭勒盟', 1, NULL, NULL, NULL, NULL, NULL, 3);
INSERT INTO `new_destination` VALUES (3080, 245, NULL, '阿拉善盟', 1, NULL, NULL, NULL, NULL, NULL, 3);
INSERT INTO `new_destination` VALUES (3081, 246, NULL, '沈阳', 1, NULL, NULL, NULL, NULL, NULL, 3);
INSERT INTO `new_destination` VALUES (3082, 246, NULL, '大连', 1, NULL, NULL, NULL, NULL, NULL, 3);
INSERT INTO `new_destination` VALUES (3083, 246, NULL, '鞍山', 1, NULL, NULL, NULL, NULL, NULL, 3);
INSERT INTO `new_destination` VALUES (3084, 246, NULL, '抚顺', 1, NULL, NULL, NULL, NULL, NULL, 3);
INSERT INTO `new_destination` VALUES (3085, 246, NULL, '本溪', 1, NULL, NULL, NULL, NULL, NULL, 3);
INSERT INTO `new_destination` VALUES (3086, 246, NULL, '丹东', 1, NULL, NULL, NULL, NULL, NULL, 3);
INSERT INTO `new_destination` VALUES (3087, 246, NULL, '锦州', 1, NULL, NULL, NULL, NULL, NULL, 3);
INSERT INTO `new_destination` VALUES (3088, 246, NULL, '营口', 1, NULL, NULL, NULL, NULL, NULL, 3);
INSERT INTO `new_destination` VALUES (3089, 246, NULL, '阜新', 1, NULL, NULL, NULL, NULL, NULL, 3);
INSERT INTO `new_destination` VALUES (3090, 246, NULL, '辽阳', 1, NULL, NULL, NULL, NULL, NULL, 3);
INSERT INTO `new_destination` VALUES (3091, 246, NULL, '盘锦', 1, NULL, NULL, NULL, NULL, NULL, 3);
INSERT INTO `new_destination` VALUES (3092, 246, NULL, '铁岭', 1, NULL, NULL, NULL, NULL, NULL, 3);
INSERT INTO `new_destination` VALUES (3093, 246, NULL, '朝阳', 1, NULL, NULL, NULL, NULL, NULL, 3);
INSERT INTO `new_destination` VALUES (3094, 246, NULL, '葫芦岛', 1, NULL, NULL, NULL, NULL, NULL, 3);
INSERT INTO `new_destination` VALUES (3095, 247, NULL, '长春', 1, NULL, NULL, NULL, NULL, NULL, 3);
INSERT INTO `new_destination` VALUES (3096, 247, NULL, '吉林', 1, NULL, NULL, NULL, NULL, NULL, 3);
INSERT INTO `new_destination` VALUES (3097, 247, NULL, '四平', 1, NULL, NULL, NULL, NULL, NULL, 3);
INSERT INTO `new_destination` VALUES (3098, 247, NULL, '辽源', 1, NULL, NULL, NULL, NULL, NULL, 3);
INSERT INTO `new_destination` VALUES (3099, 247, NULL, '通化', 1, NULL, NULL, NULL, NULL, NULL, 3);
INSERT INTO `new_destination` VALUES (3100, 247, NULL, '白山', 1, NULL, NULL, NULL, NULL, NULL, 3);
INSERT INTO `new_destination` VALUES (3101, 247, NULL, '松原', 1, NULL, NULL, NULL, NULL, NULL, 3);
INSERT INTO `new_destination` VALUES (3102, 247, NULL, '白城', 1, NULL, NULL, NULL, NULL, NULL, 3);
INSERT INTO `new_destination` VALUES (3103, 247, NULL, '延边朝鲜族自治州', 1, NULL, NULL, NULL, NULL, NULL, 3);
INSERT INTO `new_destination` VALUES (3104, 248, NULL, '哈尔滨', 1, NULL, NULL, NULL, NULL, NULL, 3);
INSERT INTO `new_destination` VALUES (3105, 248, NULL, '齐齐哈尔', 1, NULL, NULL, NULL, NULL, NULL, 3);
INSERT INTO `new_destination` VALUES (3106, 248, NULL, '鸡西', 1, NULL, NULL, NULL, NULL, NULL, 3);
INSERT INTO `new_destination` VALUES (3107, 248, NULL, '鹤岗', 1, NULL, NULL, NULL, NULL, NULL, 3);
INSERT INTO `new_destination` VALUES (3108, 248, NULL, '双鸭山', 1, NULL, NULL, NULL, NULL, NULL, 3);
INSERT INTO `new_destination` VALUES (3109, 248, NULL, '大庆', 1, NULL, NULL, NULL, NULL, NULL, 3);
INSERT INTO `new_destination` VALUES (3110, 248, NULL, '伊春', 1, NULL, NULL, NULL, NULL, NULL, 3);
INSERT INTO `new_destination` VALUES (3111, 248, NULL, '佳木斯', 1, NULL, NULL, NULL, NULL, NULL, 3);
INSERT INTO `new_destination` VALUES (3112, 248, NULL, '七台河', 1, NULL, NULL, NULL, NULL, NULL, 3);
INSERT INTO `new_destination` VALUES (3113, 248, NULL, '牡丹江', 1, NULL, NULL, NULL, NULL, NULL, 3);
INSERT INTO `new_destination` VALUES (3114, 248, NULL, '黑河', 1, NULL, NULL, NULL, NULL, NULL, 3);
INSERT INTO `new_destination` VALUES (3115, 248, NULL, '绥化', 1, NULL, NULL, NULL, NULL, NULL, 3);
INSERT INTO `new_destination` VALUES (3116, 248, NULL, '大兴安岭地区', 1, NULL, NULL, NULL, NULL, NULL, 3);
INSERT INTO `new_destination` VALUES (3117, 249, NULL, '黄浦区', 1, NULL, NULL, NULL, NULL, NULL, 3);
INSERT INTO `new_destination` VALUES (3118, 249, NULL, '卢湾区', 1, NULL, NULL, NULL, NULL, NULL, 3);
INSERT INTO `new_destination` VALUES (3119, 249, NULL, '徐汇区', 1, NULL, NULL, NULL, NULL, NULL, 3);
INSERT INTO `new_destination` VALUES (3120, 249, NULL, '长宁区', 1, NULL, NULL, NULL, NULL, NULL, 3);
INSERT INTO `new_destination` VALUES (3121, 249, NULL, '静安区', 1, NULL, NULL, NULL, NULL, NULL, 3);
INSERT INTO `new_destination` VALUES (3122, 249, NULL, '普陀去', 1, NULL, NULL, NULL, NULL, NULL, 3);
INSERT INTO `new_destination` VALUES (3123, 249, NULL, '闸北区', 1, NULL, NULL, NULL, NULL, NULL, 3);
INSERT INTO `new_destination` VALUES (3124, 249, NULL, '虹口区', 1, NULL, NULL, NULL, NULL, NULL, 3);
INSERT INTO `new_destination` VALUES (3125, 249, NULL, '杨浦区', 1, NULL, NULL, NULL, NULL, NULL, 3);
INSERT INTO `new_destination` VALUES (3126, 249, NULL, '闵行区', 1, NULL, NULL, NULL, NULL, NULL, 3);
INSERT INTO `new_destination` VALUES (3127, 249, NULL, '宝山区', 1, NULL, NULL, NULL, NULL, NULL, 3);
INSERT INTO `new_destination` VALUES (3128, 249, NULL, '嘉定区', 1, NULL, NULL, NULL, NULL, NULL, 3);
INSERT INTO `new_destination` VALUES (3129, 249, NULL, '浦东新区', 1, NULL, NULL, NULL, NULL, NULL, 3);
INSERT INTO `new_destination` VALUES (3130, 249, NULL, '金山区', 1, NULL, NULL, NULL, NULL, NULL, 3);
INSERT INTO `new_destination` VALUES (3131, 249, NULL, '黄山区', 1, NULL, NULL, NULL, NULL, NULL, 3);
INSERT INTO `new_destination` VALUES (3132, 249, NULL, '奉贤区', 1, NULL, NULL, NULL, NULL, NULL, 3);
INSERT INTO `new_destination` VALUES (3133, 249, NULL, '青浦区', 1, NULL, NULL, NULL, NULL, NULL, 3);
INSERT INTO `new_destination` VALUES (3134, 249, NULL, '崇明县', 1, NULL, NULL, NULL, NULL, NULL, 3);
INSERT INTO `new_destination` VALUES (3135, 250, NULL, '南京', 1, NULL, NULL, NULL, NULL, NULL, 3);
INSERT INTO `new_destination` VALUES (3136, 250, NULL, '无锡', 1, NULL, NULL, NULL, NULL, NULL, 3);
INSERT INTO `new_destination` VALUES (3137, 250, NULL, '徐州', 1, NULL, NULL, NULL, NULL, NULL, 3);
INSERT INTO `new_destination` VALUES (3138, 250, NULL, '常州', 1, NULL, NULL, NULL, NULL, NULL, 3);
INSERT INTO `new_destination` VALUES (3139, 250, NULL, '苏州', 1, NULL, NULL, NULL, NULL, NULL, 3);
INSERT INTO `new_destination` VALUES (3140, 250, NULL, '南通', 1, NULL, NULL, NULL, NULL, NULL, 3);
INSERT INTO `new_destination` VALUES (3141, 250, NULL, '连云港', 1, NULL, NULL, NULL, NULL, NULL, 3);
INSERT INTO `new_destination` VALUES (3142, 250, NULL, '淮安', 1, NULL, NULL, NULL, NULL, NULL, 3);
INSERT INTO `new_destination` VALUES (3143, 250, NULL, '盐城', 1, NULL, NULL, NULL, NULL, NULL, 3);
INSERT INTO `new_destination` VALUES (3144, 250, NULL, '扬州', 1, NULL, NULL, NULL, NULL, NULL, 3);
INSERT INTO `new_destination` VALUES (3145, 250, NULL, '镇江', 1, NULL, NULL, NULL, NULL, NULL, 3);
INSERT INTO `new_destination` VALUES (3146, 250, NULL, '泰州', 1, NULL, NULL, NULL, NULL, NULL, 3);
INSERT INTO `new_destination` VALUES (3147, 250, NULL, '宿迁', 1, NULL, NULL, NULL, NULL, NULL, 3);
INSERT INTO `new_destination` VALUES (3148, 251, NULL, '杭州', 1, '/0824ab18972bd407440480b671899e510eb309bd.jpg', '杭州，简称“杭”，古称临安、钱塘，是浙江省省会、副省级市、杭州都市圈核心城市，国务院批复确定的浙江省省会和全省经济、文化、科教中心、长江三角洲中心城市之一', NULL, NULL, NULL, 3);
INSERT INTO `new_destination` VALUES (3149, 251, NULL, '宁波', 1, NULL, NULL, NULL, NULL, NULL, 3);
INSERT INTO `new_destination` VALUES (3150, 251, NULL, '温州', 1, NULL, NULL, NULL, NULL, NULL, 3);
INSERT INTO `new_destination` VALUES (3151, 251, NULL, '嘉兴', 1, NULL, NULL, NULL, NULL, NULL, 3);
INSERT INTO `new_destination` VALUES (3152, 251, NULL, '湖州', 1, NULL, NULL, NULL, NULL, NULL, 3);
INSERT INTO `new_destination` VALUES (3153, 251, NULL, '绍兴', 1, NULL, NULL, NULL, NULL, NULL, 3);
INSERT INTO `new_destination` VALUES (3154, 251, NULL, '金华', 1, NULL, NULL, NULL, NULL, NULL, 3);
INSERT INTO `new_destination` VALUES (3155, 251, NULL, '衢州', 1, NULL, NULL, NULL, NULL, NULL, 3);
INSERT INTO `new_destination` VALUES (3156, 251, NULL, '舟山', 1, NULL, NULL, NULL, NULL, NULL, 3);
INSERT INTO `new_destination` VALUES (3157, 251, NULL, '台州', 1, NULL, NULL, NULL, NULL, NULL, 3);
INSERT INTO `new_destination` VALUES (3158, 251, NULL, '丽水', 1, NULL, NULL, NULL, NULL, NULL, 3);
INSERT INTO `new_destination` VALUES (3159, 252, NULL, '合肥', 1, NULL, NULL, NULL, NULL, NULL, 3);
INSERT INTO `new_destination` VALUES (3160, 252, NULL, '芜湖', 1, NULL, NULL, NULL, NULL, NULL, 3);
INSERT INTO `new_destination` VALUES (3161, 252, NULL, '蚌埠', 1, NULL, NULL, NULL, NULL, NULL, 3);
INSERT INTO `new_destination` VALUES (3162, 252, NULL, '淮南', 1, NULL, NULL, NULL, NULL, NULL, 3);
INSERT INTO `new_destination` VALUES (3163, 252, NULL, '马鞍山', 1, NULL, NULL, NULL, NULL, NULL, 3);
INSERT INTO `new_destination` VALUES (3164, 252, NULL, '淮北', 1, NULL, NULL, NULL, NULL, NULL, 3);
INSERT INTO `new_destination` VALUES (3165, 252, NULL, '铜陵', 1, NULL, NULL, NULL, NULL, NULL, 3);
INSERT INTO `new_destination` VALUES (3166, 252, NULL, '安庆', 1, NULL, NULL, NULL, NULL, NULL, 3);
INSERT INTO `new_destination` VALUES (3167, 252, NULL, '黄山', 1, NULL, NULL, NULL, NULL, NULL, 3);
INSERT INTO `new_destination` VALUES (3168, 252, NULL, '滁州', 1, NULL, NULL, NULL, NULL, NULL, 3);
INSERT INTO `new_destination` VALUES (3169, 252, NULL, '阜阳', 1, NULL, NULL, NULL, NULL, NULL, 3);
INSERT INTO `new_destination` VALUES (3170, 252, NULL, '宿州', 1, NULL, NULL, NULL, NULL, NULL, 3);
INSERT INTO `new_destination` VALUES (3171, 252, NULL, '六安', 1, NULL, NULL, NULL, NULL, NULL, 3);
INSERT INTO `new_destination` VALUES (3172, 252, NULL, '亳州', 1, NULL, NULL, NULL, NULL, NULL, 3);
INSERT INTO `new_destination` VALUES (3173, 252, NULL, '池州', 1, NULL, NULL, NULL, NULL, NULL, 3);
INSERT INTO `new_destination` VALUES (3174, 252, NULL, '宣城', 1, NULL, NULL, NULL, NULL, NULL, 3);
INSERT INTO `new_destination` VALUES (3175, 253, NULL, '福州', 1, NULL, NULL, NULL, NULL, NULL, 3);
INSERT INTO `new_destination` VALUES (3176, 253, NULL, '厦门', 1, NULL, NULL, NULL, NULL, NULL, 3);
INSERT INTO `new_destination` VALUES (3177, 253, NULL, '莆田', 1, NULL, NULL, NULL, NULL, NULL, 3);
INSERT INTO `new_destination` VALUES (3178, 253, NULL, '三明', 1, NULL, NULL, NULL, NULL, NULL, 3);
INSERT INTO `new_destination` VALUES (3179, 253, NULL, '泉州', 1, NULL, NULL, NULL, NULL, NULL, 3);
INSERT INTO `new_destination` VALUES (3180, 253, NULL, '漳州', 1, NULL, NULL, NULL, NULL, NULL, 3);
INSERT INTO `new_destination` VALUES (3181, 253, NULL, '南平', 1, NULL, NULL, NULL, NULL, NULL, 3);
INSERT INTO `new_destination` VALUES (3182, 253, NULL, '龙岩', 1, NULL, NULL, NULL, NULL, NULL, 3);
INSERT INTO `new_destination` VALUES (3183, 253, NULL, '宁德', 1, NULL, NULL, NULL, NULL, NULL, 3);
INSERT INTO `new_destination` VALUES (3184, 254, NULL, '南昌', 1, NULL, NULL, NULL, NULL, NULL, 3);
INSERT INTO `new_destination` VALUES (3185, 254, NULL, '景德镇', 1, NULL, NULL, NULL, NULL, NULL, 3);
INSERT INTO `new_destination` VALUES (3186, 254, NULL, '萍乡', 1, NULL, NULL, NULL, NULL, NULL, 3);
INSERT INTO `new_destination` VALUES (3187, 254, NULL, '九江', 1, NULL, NULL, NULL, NULL, NULL, 3);
INSERT INTO `new_destination` VALUES (3188, 254, NULL, '新余', 1, NULL, NULL, NULL, NULL, NULL, 3);
INSERT INTO `new_destination` VALUES (3189, 254, NULL, '鹰潭', 1, NULL, NULL, NULL, NULL, NULL, 3);
INSERT INTO `new_destination` VALUES (3190, 254, NULL, '赣州', 1, NULL, NULL, NULL, NULL, NULL, 3);
INSERT INTO `new_destination` VALUES (3191, 254, NULL, '吉安', 1, NULL, NULL, NULL, NULL, NULL, 3);
INSERT INTO `new_destination` VALUES (3192, 254, NULL, '宜春', 1, NULL, NULL, NULL, NULL, NULL, 3);
INSERT INTO `new_destination` VALUES (3193, 254, NULL, '抚州', 1, NULL, NULL, NULL, NULL, NULL, 3);
INSERT INTO `new_destination` VALUES (3194, 254, NULL, '上饶', 1, NULL, NULL, NULL, NULL, NULL, 3);
INSERT INTO `new_destination` VALUES (3195, 255, NULL, '济南', 1, NULL, NULL, NULL, NULL, NULL, 3);
INSERT INTO `new_destination` VALUES (3196, 255, NULL, '青岛', 1, NULL, NULL, NULL, NULL, NULL, 3);
INSERT INTO `new_destination` VALUES (3197, 255, NULL, '淄博', 1, NULL, NULL, NULL, NULL, NULL, 3);
INSERT INTO `new_destination` VALUES (3198, 255, NULL, '枣庄', 1, NULL, NULL, NULL, NULL, NULL, 3);
INSERT INTO `new_destination` VALUES (3199, 255, NULL, '东营', 1, NULL, NULL, NULL, NULL, NULL, 3);
INSERT INTO `new_destination` VALUES (3200, 255, NULL, '烟台', 1, NULL, NULL, NULL, NULL, NULL, 3);
INSERT INTO `new_destination` VALUES (3201, 255, NULL, '潍坊', 1, NULL, NULL, NULL, NULL, NULL, 3);
INSERT INTO `new_destination` VALUES (3202, 255, NULL, '济宁', 1, NULL, NULL, NULL, NULL, NULL, 3);
INSERT INTO `new_destination` VALUES (3203, 255, NULL, '泰安', 1, NULL, NULL, NULL, NULL, NULL, 3);
INSERT INTO `new_destination` VALUES (3204, 255, NULL, '威海', 1, NULL, NULL, NULL, NULL, NULL, 3);
INSERT INTO `new_destination` VALUES (3205, 255, NULL, '日照', 1, NULL, NULL, NULL, NULL, NULL, 3);
INSERT INTO `new_destination` VALUES (3206, 255, NULL, '莱芜', 1, NULL, NULL, NULL, NULL, NULL, 3);
INSERT INTO `new_destination` VALUES (3207, 255, NULL, '临沂', 1, NULL, NULL, NULL, NULL, NULL, 3);
INSERT INTO `new_destination` VALUES (3208, 255, NULL, '德州', 1, NULL, NULL, NULL, NULL, NULL, 3);
INSERT INTO `new_destination` VALUES (3209, 255, NULL, '聊城', 1, NULL, NULL, NULL, NULL, NULL, 3);
INSERT INTO `new_destination` VALUES (3210, 255, NULL, '滨州', 1, NULL, NULL, NULL, NULL, NULL, 3);
INSERT INTO `new_destination` VALUES (3211, 255, NULL, '菏泽', 1, NULL, NULL, NULL, NULL, NULL, 3);
INSERT INTO `new_destination` VALUES (3212, 256, NULL, '郑州', 1, NULL, NULL, NULL, NULL, NULL, 3);
INSERT INTO `new_destination` VALUES (3213, 256, NULL, '开封', 1, NULL, NULL, NULL, NULL, NULL, 3);
INSERT INTO `new_destination` VALUES (3214, 256, NULL, '洛阳', 1, NULL, NULL, NULL, NULL, NULL, 3);
INSERT INTO `new_destination` VALUES (3215, 256, NULL, '平顶山', 1, NULL, NULL, NULL, NULL, NULL, 3);
INSERT INTO `new_destination` VALUES (3216, 256, NULL, '安阳', 1, NULL, NULL, NULL, NULL, NULL, 3);
INSERT INTO `new_destination` VALUES (3217, 256, NULL, '鹤壁', 1, NULL, NULL, NULL, NULL, NULL, 3);
INSERT INTO `new_destination` VALUES (3218, 256, NULL, '新乡', 1, NULL, NULL, NULL, NULL, NULL, 3);
INSERT INTO `new_destination` VALUES (3219, 256, NULL, '焦作', 1, NULL, NULL, NULL, NULL, NULL, 3);
INSERT INTO `new_destination` VALUES (3220, 256, NULL, '濮阳', 1, NULL, NULL, NULL, NULL, NULL, 3);
INSERT INTO `new_destination` VALUES (3221, 256, NULL, '许昌', 1, NULL, NULL, NULL, NULL, NULL, 3);
INSERT INTO `new_destination` VALUES (3222, 256, NULL, '漯河', 1, NULL, NULL, NULL, NULL, NULL, 3);
INSERT INTO `new_destination` VALUES (3223, 256, NULL, '三门峡', 1, NULL, NULL, NULL, NULL, NULL, 3);
INSERT INTO `new_destination` VALUES (3224, 256, NULL, '南阳', 1, NULL, NULL, NULL, NULL, NULL, 3);
INSERT INTO `new_destination` VALUES (3225, 256, NULL, '商丘', 1, NULL, NULL, NULL, NULL, NULL, 3);
INSERT INTO `new_destination` VALUES (3226, 256, NULL, '信阳', 1, NULL, NULL, NULL, NULL, NULL, 3);
INSERT INTO `new_destination` VALUES (3227, 256, NULL, '周口', 1, NULL, NULL, NULL, NULL, NULL, 3);
INSERT INTO `new_destination` VALUES (3228, 256, NULL, '驻马店', 1, NULL, NULL, NULL, NULL, NULL, 3);
INSERT INTO `new_destination` VALUES (3229, 256, NULL, '济源', 1, NULL, NULL, NULL, NULL, NULL, 3);
INSERT INTO `new_destination` VALUES (3230, 257, NULL, '武汉', 1, NULL, NULL, NULL, NULL, NULL, 3);
INSERT INTO `new_destination` VALUES (3231, 257, NULL, '黄石', 1, NULL, NULL, NULL, NULL, NULL, 3);
INSERT INTO `new_destination` VALUES (3232, 257, NULL, '十堰', 1, NULL, NULL, NULL, NULL, NULL, 3);
INSERT INTO `new_destination` VALUES (3233, 257, NULL, '宜昌', 1, NULL, NULL, NULL, NULL, NULL, 3);
INSERT INTO `new_destination` VALUES (3234, 257, NULL, '襄樊', 1, NULL, NULL, NULL, NULL, NULL, 3);
INSERT INTO `new_destination` VALUES (3235, 257, NULL, '鄂州', 1, NULL, NULL, NULL, NULL, NULL, 3);
INSERT INTO `new_destination` VALUES (3236, 257, NULL, '荆门', 1, NULL, NULL, NULL, NULL, NULL, 3);
INSERT INTO `new_destination` VALUES (3237, 257, NULL, '孝感', 1, NULL, NULL, NULL, NULL, NULL, 3);
INSERT INTO `new_destination` VALUES (3238, 257, NULL, '荆州', 1, NULL, NULL, NULL, NULL, NULL, 3);
INSERT INTO `new_destination` VALUES (3239, 257, NULL, '黄冈', 1, NULL, NULL, NULL, NULL, NULL, 3);
INSERT INTO `new_destination` VALUES (3240, 257, NULL, '咸宁', 1, NULL, NULL, NULL, NULL, NULL, 3);
INSERT INTO `new_destination` VALUES (3241, 257, NULL, '随州', 1, NULL, NULL, NULL, NULL, NULL, 3);
INSERT INTO `new_destination` VALUES (3242, 257, NULL, '恩施土家族苗族自治州', 1, NULL, NULL, NULL, NULL, NULL, 3);
INSERT INTO `new_destination` VALUES (3243, 257, NULL, '仙桃', 1, NULL, NULL, NULL, NULL, NULL, 3);
INSERT INTO `new_destination` VALUES (3244, 257, NULL, '潜江', 1, NULL, NULL, NULL, NULL, NULL, 3);
INSERT INTO `new_destination` VALUES (3245, 257, NULL, '天门', 1, NULL, NULL, NULL, NULL, NULL, 3);
INSERT INTO `new_destination` VALUES (3246, 257, NULL, '神农架林区', 1, NULL, NULL, NULL, NULL, NULL, 3);
INSERT INTO `new_destination` VALUES (3247, 258, NULL, '长沙', 1, NULL, NULL, NULL, NULL, NULL, 3);
INSERT INTO `new_destination` VALUES (3248, 258, NULL, '株洲', 1, NULL, NULL, NULL, NULL, NULL, 3);
INSERT INTO `new_destination` VALUES (3249, 258, NULL, '湘潭', 1, NULL, NULL, NULL, NULL, NULL, 3);
INSERT INTO `new_destination` VALUES (3250, 258, NULL, '衡阳', 1, NULL, NULL, NULL, NULL, NULL, 3);
INSERT INTO `new_destination` VALUES (3251, 258, NULL, '邵阳', 1, NULL, NULL, NULL, NULL, NULL, 3);
INSERT INTO `new_destination` VALUES (3252, 258, NULL, '岳阳', 1, NULL, NULL, NULL, NULL, NULL, 3);
INSERT INTO `new_destination` VALUES (3253, 258, NULL, '常德', 1, NULL, NULL, NULL, NULL, NULL, 3);
INSERT INTO `new_destination` VALUES (3254, 258, NULL, '张家界', 1, NULL, NULL, NULL, NULL, NULL, 3);
INSERT INTO `new_destination` VALUES (3255, 258, NULL, '益阳', 1, NULL, NULL, NULL, NULL, NULL, 3);
INSERT INTO `new_destination` VALUES (3256, 258, NULL, '郴州', 1, NULL, NULL, NULL, NULL, NULL, 3);
INSERT INTO `new_destination` VALUES (3257, 258, NULL, '永州', 1, NULL, NULL, NULL, NULL, NULL, 3);
INSERT INTO `new_destination` VALUES (3258, 258, NULL, '怀化', 1, NULL, NULL, NULL, NULL, NULL, 3);
INSERT INTO `new_destination` VALUES (3259, 258, NULL, '娄底', 1, NULL, NULL, NULL, NULL, NULL, 3);
INSERT INTO `new_destination` VALUES (3260, 258, NULL, '湘西土家族苗族自治州', 1, NULL, NULL, NULL, NULL, NULL, 3);
INSERT INTO `new_destination` VALUES (3261, 259, NULL, '广州', 1, '/37d12f2eb9389b5068bd867a8f35e5dde7116e53.jpg', '广州，简称“穗”，别称羊城、花城，是广东省省会、副省级市、国家中心城市、超大城市，国务院批复确定的中国重要的中心城市、国际商贸中心和综合交通枢纽', NULL, NULL, NULL, 3);
INSERT INTO `new_destination` VALUES (3262, 259, NULL, '韶关', 1, NULL, NULL, NULL, NULL, NULL, 3);
INSERT INTO `new_destination` VALUES (3263, 259, NULL, '深圳', 1, '/42a98226cffc1e17d7e3214d4690f603738de96a.png', '深圳，简称“深”，别称鹏城，是广东省下辖的副省级市、计划单列市、超大城市，国务院批复确定的中国经济特区、全国性经济中心城市和国际化城市', NULL, NULL, NULL, 3);
INSERT INTO `new_destination` VALUES (3264, 259, NULL, '珠海', 1, NULL, NULL, NULL, NULL, NULL, 3);
INSERT INTO `new_destination` VALUES (3265, 259, NULL, '汕头', 1, NULL, NULL, NULL, NULL, NULL, 3);
INSERT INTO `new_destination` VALUES (3266, 259, NULL, '佛山', 1, NULL, NULL, NULL, NULL, NULL, 3);
INSERT INTO `new_destination` VALUES (3267, 259, NULL, '江门', 1, NULL, NULL, NULL, NULL, NULL, 3);
INSERT INTO `new_destination` VALUES (3268, 259, NULL, '湛江', 1, NULL, NULL, NULL, NULL, NULL, 3);
INSERT INTO `new_destination` VALUES (3269, 259, NULL, '茂名', 1, NULL, NULL, NULL, NULL, NULL, 3);
INSERT INTO `new_destination` VALUES (3270, 259, NULL, '肇庆', 1, NULL, NULL, NULL, NULL, NULL, 3);
INSERT INTO `new_destination` VALUES (3271, 259, NULL, '惠州', 1, NULL, NULL, NULL, NULL, NULL, 3);
INSERT INTO `new_destination` VALUES (3272, 259, NULL, '梅州', 1, NULL, NULL, NULL, NULL, NULL, 3);
INSERT INTO `new_destination` VALUES (3273, 259, NULL, '汕尾', 1, NULL, NULL, NULL, NULL, NULL, 3);
INSERT INTO `new_destination` VALUES (3274, 259, NULL, '河源', 1, NULL, NULL, NULL, NULL, NULL, 3);
INSERT INTO `new_destination` VALUES (3275, 259, NULL, '阳江', 1, NULL, NULL, NULL, NULL, NULL, 3);
INSERT INTO `new_destination` VALUES (3276, 259, NULL, '清远', 1, NULL, NULL, NULL, NULL, NULL, 3);
INSERT INTO `new_destination` VALUES (3277, 259, NULL, '东莞', 1, NULL, NULL, NULL, NULL, NULL, 3);
INSERT INTO `new_destination` VALUES (3278, 259, NULL, '中山', 1, NULL, NULL, NULL, NULL, NULL, 3);
INSERT INTO `new_destination` VALUES (3279, 259, NULL, '潮州', 1, NULL, NULL, NULL, NULL, NULL, 3);
INSERT INTO `new_destination` VALUES (3280, 259, NULL, '揭阳', 1, NULL, NULL, NULL, NULL, NULL, 3);
INSERT INTO `new_destination` VALUES (3281, 259, NULL, '云浮', 1, NULL, NULL, NULL, NULL, NULL, 3);
INSERT INTO `new_destination` VALUES (3282, 260, NULL, '南宁', 1, NULL, NULL, NULL, NULL, NULL, 3);
INSERT INTO `new_destination` VALUES (3283, 260, NULL, '柳州', 1, NULL, NULL, NULL, NULL, NULL, 3);
INSERT INTO `new_destination` VALUES (3284, 260, NULL, '桂林', 1, NULL, NULL, NULL, NULL, NULL, 3);
INSERT INTO `new_destination` VALUES (3285, 260, NULL, '梧州', 1, NULL, NULL, NULL, NULL, NULL, 3);
INSERT INTO `new_destination` VALUES (3286, 260, NULL, '北海', 1, NULL, NULL, NULL, NULL, NULL, 3);
INSERT INTO `new_destination` VALUES (3287, 260, NULL, '防城港', 1, NULL, NULL, NULL, NULL, NULL, 3);
INSERT INTO `new_destination` VALUES (3288, 260, NULL, '钦州', 1, NULL, NULL, NULL, NULL, NULL, 3);
INSERT INTO `new_destination` VALUES (3289, 260, NULL, '贵港', 1, NULL, NULL, NULL, NULL, NULL, 3);
INSERT INTO `new_destination` VALUES (3290, 260, NULL, '玉林', 1, NULL, NULL, NULL, NULL, NULL, 3);
INSERT INTO `new_destination` VALUES (3291, 260, NULL, '百色', 1, NULL, NULL, NULL, NULL, NULL, 3);
INSERT INTO `new_destination` VALUES (3292, 260, NULL, '贺州', 1, NULL, NULL, NULL, NULL, NULL, 3);
INSERT INTO `new_destination` VALUES (3293, 260, NULL, '河池', 1, NULL, NULL, NULL, NULL, NULL, 3);
INSERT INTO `new_destination` VALUES (3294, 260, NULL, '来宾', 1, NULL, NULL, NULL, NULL, NULL, 3);
INSERT INTO `new_destination` VALUES (3295, 260, NULL, '崇左', 1, NULL, NULL, NULL, NULL, NULL, 3);
INSERT INTO `new_destination` VALUES (3296, 261, NULL, '海口', 1, NULL, NULL, NULL, NULL, NULL, 3);
INSERT INTO `new_destination` VALUES (3297, 261, NULL, '三亚', 1, NULL, NULL, NULL, NULL, NULL, 3);
INSERT INTO `new_destination` VALUES (3298, 261, NULL, '三沙', 1, NULL, NULL, NULL, NULL, NULL, 3);
INSERT INTO `new_destination` VALUES (3299, 261, NULL, '五指山', 1, NULL, NULL, NULL, NULL, NULL, 3);
INSERT INTO `new_destination` VALUES (3300, 261, NULL, '琼海', 1, NULL, NULL, NULL, NULL, NULL, 3);
INSERT INTO `new_destination` VALUES (3301, 261, NULL, '儋州', 1, NULL, NULL, NULL, NULL, NULL, 3);
INSERT INTO `new_destination` VALUES (3302, 261, NULL, '文昌', 1, NULL, NULL, NULL, NULL, NULL, 3);
INSERT INTO `new_destination` VALUES (3303, 261, NULL, '万宁', 1, NULL, NULL, NULL, NULL, NULL, 3);
INSERT INTO `new_destination` VALUES (3304, 261, NULL, '东方', 1, NULL, NULL, NULL, NULL, NULL, 3);
INSERT INTO `new_destination` VALUES (3305, 261, NULL, '定安县', 1, NULL, NULL, NULL, NULL, NULL, 3);
INSERT INTO `new_destination` VALUES (3306, 261, NULL, '屯昌县', 1, NULL, NULL, NULL, NULL, NULL, 3);
INSERT INTO `new_destination` VALUES (3307, 261, NULL, '澄迈县', 1, NULL, NULL, NULL, NULL, NULL, 3);
INSERT INTO `new_destination` VALUES (3308, 261, NULL, '临高县', 1, NULL, NULL, NULL, NULL, NULL, 3);
INSERT INTO `new_destination` VALUES (3309, 261, NULL, '白沙黎族自治县', 1, NULL, NULL, NULL, NULL, NULL, 3);
INSERT INTO `new_destination` VALUES (3310, 261, NULL, '昌江黎族自治县', 1, NULL, NULL, NULL, NULL, NULL, 3);
INSERT INTO `new_destination` VALUES (3311, 261, NULL, '乐东黎族自治县', 1, NULL, NULL, NULL, NULL, NULL, 3);
INSERT INTO `new_destination` VALUES (3312, 261, NULL, '陵水黎族自治县', 1, NULL, NULL, NULL, NULL, NULL, 3);
INSERT INTO `new_destination` VALUES (3313, 261, NULL, '保亭黎族苗族自治县', 1, NULL, NULL, NULL, NULL, NULL, 3);
INSERT INTO `new_destination` VALUES (3314, 261, NULL, '琼中黎族苗族自治县', 1, NULL, NULL, NULL, NULL, NULL, 3);
INSERT INTO `new_destination` VALUES (3315, 262, NULL, '万州区', 1, NULL, NULL, NULL, NULL, NULL, 3);
INSERT INTO `new_destination` VALUES (3316, 262, NULL, '涪陵区', 1, NULL, NULL, NULL, NULL, NULL, 3);
INSERT INTO `new_destination` VALUES (3317, 262, NULL, '渝中区', 1, NULL, NULL, NULL, NULL, NULL, 3);
INSERT INTO `new_destination` VALUES (3318, 262, NULL, '大渡口区', 1, NULL, NULL, NULL, NULL, NULL, 3);
INSERT INTO `new_destination` VALUES (3319, 262, NULL, '江北区', 1, NULL, NULL, NULL, NULL, NULL, 3);
INSERT INTO `new_destination` VALUES (3320, 262, NULL, '沙坪坝区', 1, NULL, NULL, NULL, NULL, NULL, 3);
INSERT INTO `new_destination` VALUES (3321, 262, NULL, '九龙坡区', 1, NULL, NULL, NULL, NULL, NULL, 3);
INSERT INTO `new_destination` VALUES (3322, 262, NULL, '南岸区', 1, NULL, NULL, NULL, NULL, NULL, 3);
INSERT INTO `new_destination` VALUES (3323, 262, NULL, '北碚区', 1, NULL, NULL, NULL, NULL, NULL, 3);
INSERT INTO `new_destination` VALUES (3324, 262, NULL, '两江新区', 1, NULL, NULL, NULL, NULL, NULL, 3);
INSERT INTO `new_destination` VALUES (3325, 262, NULL, '万盛区', 1, NULL, NULL, NULL, NULL, NULL, 3);
INSERT INTO `new_destination` VALUES (3326, 262, NULL, '双桥区', 1, NULL, NULL, NULL, NULL, NULL, 3);
INSERT INTO `new_destination` VALUES (3327, 262, NULL, '渝北区', 1, NULL, NULL, NULL, NULL, NULL, 3);
INSERT INTO `new_destination` VALUES (3328, 262, NULL, '巴南区', 1, NULL, NULL, NULL, NULL, NULL, 3);
INSERT INTO `new_destination` VALUES (3329, 262, NULL, '长寿区', 1, NULL, NULL, NULL, NULL, NULL, 3);
INSERT INTO `new_destination` VALUES (3330, 262, NULL, '綦江县', 1, NULL, NULL, NULL, NULL, NULL, 3);
INSERT INTO `new_destination` VALUES (3331, 262, NULL, '潼南县', 1, NULL, NULL, NULL, NULL, NULL, 3);
INSERT INTO `new_destination` VALUES (3332, 262, NULL, '铜梁县', 1, NULL, NULL, NULL, NULL, NULL, 3);
INSERT INTO `new_destination` VALUES (3333, 262, NULL, '大足县', 1, NULL, NULL, NULL, NULL, NULL, 3);
INSERT INTO `new_destination` VALUES (3334, 262, NULL, '荣昌县', 1, NULL, NULL, NULL, NULL, NULL, 3);
INSERT INTO `new_destination` VALUES (3335, 262, NULL, '璧山县', 1, NULL, NULL, NULL, NULL, NULL, 3);
INSERT INTO `new_destination` VALUES (3336, 262, NULL, '梁平县', 1, NULL, NULL, NULL, NULL, NULL, 3);
INSERT INTO `new_destination` VALUES (3337, 262, NULL, '城口县', 1, NULL, NULL, NULL, NULL, NULL, 3);
INSERT INTO `new_destination` VALUES (3338, 262, NULL, '丰都县', 1, NULL, NULL, NULL, NULL, NULL, 3);
INSERT INTO `new_destination` VALUES (3339, 262, NULL, '垫江县', 1, NULL, NULL, NULL, NULL, NULL, 3);
INSERT INTO `new_destination` VALUES (3340, 262, NULL, '武隆县', 1, NULL, NULL, NULL, NULL, NULL, 3);
INSERT INTO `new_destination` VALUES (3341, 262, NULL, '忠县', 1, NULL, NULL, NULL, NULL, NULL, 3);
INSERT INTO `new_destination` VALUES (3342, 262, NULL, '开县', 1, NULL, NULL, NULL, NULL, NULL, 3);
INSERT INTO `new_destination` VALUES (3343, 262, NULL, '云阳县', 1, NULL, NULL, NULL, NULL, NULL, 3);
INSERT INTO `new_destination` VALUES (3344, 262, NULL, '奉节县', 1, NULL, NULL, NULL, NULL, NULL, 3);
INSERT INTO `new_destination` VALUES (3345, 262, NULL, '巫山县', 1, NULL, NULL, NULL, NULL, NULL, 3);
INSERT INTO `new_destination` VALUES (3346, 262, NULL, '巫溪县', 1, NULL, NULL, NULL, NULL, NULL, 3);
INSERT INTO `new_destination` VALUES (3347, 262, NULL, '黔江区', 1, NULL, NULL, NULL, NULL, NULL, 3);
INSERT INTO `new_destination` VALUES (3348, 262, NULL, '石柱土家族自治县', 1, NULL, NULL, NULL, NULL, NULL, 3);
INSERT INTO `new_destination` VALUES (3349, 262, NULL, '秀山土家族苗族自治县', 1, NULL, NULL, NULL, NULL, NULL, 3);
INSERT INTO `new_destination` VALUES (3350, 262, NULL, '酉阳土家族苗族自治县', 1, NULL, NULL, NULL, NULL, NULL, 3);
INSERT INTO `new_destination` VALUES (3351, 262, NULL, '彭水苗族土家族自治县', 1, NULL, NULL, NULL, NULL, NULL, 3);
INSERT INTO `new_destination` VALUES (3352, 262, NULL, '江津', 1, NULL, NULL, NULL, NULL, NULL, 3);
INSERT INTO `new_destination` VALUES (3353, 262, NULL, '合川', 1, NULL, NULL, NULL, NULL, NULL, 3);
INSERT INTO `new_destination` VALUES (3354, 262, NULL, '永川', 1, NULL, NULL, NULL, NULL, NULL, 3);
INSERT INTO `new_destination` VALUES (3355, 262, NULL, '南川', 1, NULL, NULL, NULL, NULL, NULL, 3);
INSERT INTO `new_destination` VALUES (3356, 263, NULL, '成都', 1, '/aec379310a55b319f4cd79c14da98226cffc1749.png', '成都，四川省辖地级市 [1]  ，简称蓉，别称“蓉城、锦城”，是四川省省会、副省级市， [2]  特大城市，西部战区机关驻地， [3]  国务院确定的国家重要高新技术产业基地、 [4]  商贸物流中心和综合交通枢纽，是西部地区重要的中心城市', NULL, NULL, NULL, 3);
INSERT INTO `new_destination` VALUES (3357, 263, NULL, '自贡', 1, NULL, NULL, NULL, NULL, NULL, 3);
INSERT INTO `new_destination` VALUES (3358, 263, NULL, '攀枝花', 1, NULL, NULL, NULL, NULL, NULL, 3);
INSERT INTO `new_destination` VALUES (3359, 263, NULL, '泸州', 1, NULL, NULL, NULL, NULL, NULL, 3);
INSERT INTO `new_destination` VALUES (3360, 263, NULL, '德阳', 1, NULL, NULL, NULL, NULL, NULL, 3);
INSERT INTO `new_destination` VALUES (3361, 263, NULL, '绵阳', 1, NULL, NULL, NULL, NULL, NULL, 3);
INSERT INTO `new_destination` VALUES (3362, 263, NULL, '广元', 1, NULL, NULL, NULL, NULL, NULL, 3);
INSERT INTO `new_destination` VALUES (3363, 263, NULL, '遂宁', 1, NULL, NULL, NULL, NULL, NULL, 3);
INSERT INTO `new_destination` VALUES (3364, 263, NULL, '内江', 1, NULL, NULL, NULL, NULL, NULL, 3);
INSERT INTO `new_destination` VALUES (3365, 263, NULL, '乐山', 1, NULL, NULL, NULL, NULL, NULL, 3);
INSERT INTO `new_destination` VALUES (3366, 263, NULL, '南充', 1, NULL, NULL, NULL, NULL, NULL, 3);
INSERT INTO `new_destination` VALUES (3367, 263, NULL, '眉山', 1, NULL, NULL, NULL, NULL, NULL, 3);
INSERT INTO `new_destination` VALUES (3368, 263, NULL, '宜宾', 1, NULL, NULL, NULL, NULL, NULL, 3);
INSERT INTO `new_destination` VALUES (3369, 263, NULL, '广安', 1, NULL, NULL, NULL, NULL, NULL, 3);
INSERT INTO `new_destination` VALUES (3370, 263, NULL, '达州', 1, NULL, NULL, NULL, NULL, NULL, 3);
INSERT INTO `new_destination` VALUES (3371, 263, NULL, '雅安', 1, NULL, NULL, NULL, NULL, NULL, 3);
INSERT INTO `new_destination` VALUES (3372, 263, NULL, '巴中', 1, NULL, NULL, NULL, NULL, NULL, 3);
INSERT INTO `new_destination` VALUES (3373, 263, NULL, '资阳', 1, NULL, NULL, NULL, NULL, NULL, 3);
INSERT INTO `new_destination` VALUES (3374, 263, NULL, '阿坝藏族羌族自治州', 1, NULL, NULL, NULL, NULL, NULL, 3);
INSERT INTO `new_destination` VALUES (3375, 263, NULL, '甘孜藏族自治州', 1, NULL, NULL, NULL, NULL, NULL, 3);
INSERT INTO `new_destination` VALUES (3376, 263, NULL, '凉山彝族自治州', 1, NULL, NULL, NULL, NULL, NULL, 3);
INSERT INTO `new_destination` VALUES (3377, 264, NULL, '贵阳', 1, NULL, NULL, NULL, NULL, NULL, 3);
INSERT INTO `new_destination` VALUES (3378, 264, NULL, '六盘水', 1, NULL, NULL, NULL, NULL, NULL, 3);
INSERT INTO `new_destination` VALUES (3379, 264, NULL, '遵义', 1, NULL, NULL, NULL, NULL, NULL, 3);
INSERT INTO `new_destination` VALUES (3380, 264, NULL, '安顺', 1, NULL, NULL, NULL, NULL, NULL, 3);
INSERT INTO `new_destination` VALUES (3381, 264, NULL, '铜仁地区', 1, NULL, NULL, NULL, NULL, NULL, 3);
INSERT INTO `new_destination` VALUES (3382, 264, NULL, '黔西南布依族苗族自治州', 1, NULL, NULL, NULL, NULL, NULL, 3);
INSERT INTO `new_destination` VALUES (3383, 264, NULL, '毕节地区', 1, NULL, NULL, NULL, NULL, NULL, 3);
INSERT INTO `new_destination` VALUES (3384, 264, NULL, '黔东南苗族侗族自治州', 1, NULL, NULL, NULL, NULL, NULL, 3);
INSERT INTO `new_destination` VALUES (3385, 264, NULL, '黔南布依族苗族自治州', 1, NULL, NULL, NULL, NULL, NULL, 3);
INSERT INTO `new_destination` VALUES (3386, 265, NULL, '昆明', 1, NULL, NULL, NULL, NULL, NULL, 3);
INSERT INTO `new_destination` VALUES (3387, 265, NULL, '曲靖', 1, NULL, NULL, NULL, NULL, NULL, 3);
INSERT INTO `new_destination` VALUES (3388, 265, NULL, '玉溪', 1, NULL, NULL, NULL, NULL, NULL, 3);
INSERT INTO `new_destination` VALUES (3389, 265, NULL, '保山', 1, NULL, NULL, NULL, NULL, NULL, 3);
INSERT INTO `new_destination` VALUES (3390, 265, NULL, '昭通', 1, NULL, NULL, NULL, NULL, NULL, 3);
INSERT INTO `new_destination` VALUES (3391, 265, NULL, '丽江', 1, NULL, NULL, NULL, NULL, NULL, 3);
INSERT INTO `new_destination` VALUES (3392, 265, NULL, '普洱', 1, NULL, NULL, NULL, NULL, NULL, 3);
INSERT INTO `new_destination` VALUES (3393, 265, NULL, '临沧', 1, NULL, NULL, NULL, NULL, NULL, 3);
INSERT INTO `new_destination` VALUES (3394, 265, NULL, '楚雄彝族自治州', 1, NULL, NULL, NULL, NULL, NULL, 3);
INSERT INTO `new_destination` VALUES (3395, 265, NULL, '红河哈尼族彝族自治州', 1, NULL, NULL, NULL, NULL, NULL, 3);
INSERT INTO `new_destination` VALUES (3396, 265, NULL, '文山壮族苗族自治州', 1, NULL, NULL, NULL, NULL, NULL, 3);
INSERT INTO `new_destination` VALUES (3397, 265, NULL, '西双版纳傣族自治州', 1, NULL, NULL, NULL, NULL, NULL, 3);
INSERT INTO `new_destination` VALUES (3398, 265, NULL, '大理白族自治州', 1, NULL, NULL, NULL, NULL, NULL, 3);
INSERT INTO `new_destination` VALUES (3399, 265, NULL, '德宏傣族景颇族自治州', 1, NULL, NULL, NULL, NULL, NULL, 3);
INSERT INTO `new_destination` VALUES (3400, 265, NULL, '怒江傈僳族自治州', 1, NULL, NULL, NULL, NULL, NULL, 3);
INSERT INTO `new_destination` VALUES (3401, 265, NULL, '迪庆藏族自治州', 1, NULL, NULL, NULL, NULL, NULL, 3);
INSERT INTO `new_destination` VALUES (3402, 266, NULL, '拉萨', 1, NULL, NULL, NULL, NULL, NULL, 3);
INSERT INTO `new_destination` VALUES (3403, 266, NULL, '昌都地区', 1, NULL, NULL, NULL, NULL, NULL, 3);
INSERT INTO `new_destination` VALUES (3404, 266, NULL, '山南地区', 1, NULL, NULL, NULL, NULL, NULL, 3);
INSERT INTO `new_destination` VALUES (3405, 266, NULL, '日喀则地区', 1, NULL, NULL, NULL, NULL, NULL, 3);
INSERT INTO `new_destination` VALUES (3406, 266, NULL, '那曲地区', 1, NULL, NULL, NULL, NULL, NULL, 3);
INSERT INTO `new_destination` VALUES (3407, 266, NULL, '阿里地区', 1, NULL, NULL, NULL, NULL, NULL, 3);
INSERT INTO `new_destination` VALUES (3408, 266, NULL, '林芝地区', 1, NULL, NULL, NULL, NULL, NULL, 3);
INSERT INTO `new_destination` VALUES (3409, 267, NULL, '西安', 1, NULL, NULL, NULL, NULL, NULL, 3);
INSERT INTO `new_destination` VALUES (3410, 267, NULL, '铜川', 1, NULL, NULL, NULL, NULL, NULL, 3);
INSERT INTO `new_destination` VALUES (3411, 267, NULL, '宝鸡', 1, NULL, NULL, NULL, NULL, NULL, 3);
INSERT INTO `new_destination` VALUES (3412, 267, NULL, '咸阳', 1, NULL, NULL, NULL, NULL, NULL, 3);
INSERT INTO `new_destination` VALUES (3413, 267, NULL, '渭南', 1, NULL, NULL, NULL, NULL, NULL, 3);
INSERT INTO `new_destination` VALUES (3414, 267, NULL, '延安', 1, NULL, NULL, NULL, NULL, NULL, 3);
INSERT INTO `new_destination` VALUES (3415, 267, NULL, '汉中', 1, NULL, NULL, NULL, NULL, NULL, 3);
INSERT INTO `new_destination` VALUES (3416, 267, NULL, '榆林', 1, NULL, NULL, NULL, NULL, NULL, 3);
INSERT INTO `new_destination` VALUES (3417, 267, NULL, '安康', 1, NULL, NULL, NULL, NULL, NULL, 3);
INSERT INTO `new_destination` VALUES (3418, 267, NULL, '商洛', 1, NULL, NULL, NULL, NULL, NULL, 3);
INSERT INTO `new_destination` VALUES (3419, 268, NULL, '兰州', 1, NULL, NULL, NULL, NULL, NULL, 3);
INSERT INTO `new_destination` VALUES (3420, 268, NULL, '嘉峪关', 1, NULL, NULL, NULL, NULL, NULL, 3);
INSERT INTO `new_destination` VALUES (3421, 268, NULL, '金昌', 1, NULL, NULL, NULL, NULL, NULL, 3);
INSERT INTO `new_destination` VALUES (3422, 268, NULL, '白银', 1, NULL, NULL, NULL, NULL, NULL, 3);
INSERT INTO `new_destination` VALUES (3423, 268, NULL, '天水', 1, NULL, NULL, NULL, NULL, NULL, 3);
INSERT INTO `new_destination` VALUES (3424, 268, NULL, '武威', 1, NULL, NULL, NULL, NULL, NULL, 3);
INSERT INTO `new_destination` VALUES (3425, 268, NULL, '张掖', 1, NULL, NULL, NULL, NULL, NULL, 3);
INSERT INTO `new_destination` VALUES (3426, 268, NULL, '平凉', 1, NULL, NULL, NULL, NULL, NULL, 3);
INSERT INTO `new_destination` VALUES (3427, 268, NULL, '酒泉', 1, NULL, NULL, NULL, NULL, NULL, 3);
INSERT INTO `new_destination` VALUES (3428, 268, NULL, '庆阳', 1, NULL, NULL, NULL, NULL, NULL, 3);
INSERT INTO `new_destination` VALUES (3429, 268, NULL, '定西', 1, NULL, NULL, NULL, NULL, NULL, 3);
INSERT INTO `new_destination` VALUES (3430, 268, NULL, '陇南', 1, NULL, NULL, NULL, NULL, NULL, 3);
INSERT INTO `new_destination` VALUES (3431, 268, NULL, '临夏回族自治州', 1, NULL, NULL, NULL, NULL, NULL, 3);
INSERT INTO `new_destination` VALUES (3432, 268, NULL, '甘南藏族自治州', 1, NULL, NULL, NULL, NULL, NULL, 3);
INSERT INTO `new_destination` VALUES (3433, 269, NULL, '西宁', 1, NULL, NULL, NULL, NULL, NULL, 3);
INSERT INTO `new_destination` VALUES (3434, 269, NULL, '海东地区', 1, NULL, NULL, NULL, NULL, NULL, 3);
INSERT INTO `new_destination` VALUES (3435, 269, NULL, '海北藏族自治州', 1, NULL, NULL, NULL, NULL, NULL, 3);
INSERT INTO `new_destination` VALUES (3436, 269, NULL, '黄南藏族自治州', 1, NULL, NULL, NULL, NULL, NULL, 3);
INSERT INTO `new_destination` VALUES (3437, 269, NULL, '海南藏族自治州', 1, NULL, NULL, NULL, NULL, NULL, 3);
INSERT INTO `new_destination` VALUES (3438, 269, NULL, '果洛藏族自治州', 1, NULL, NULL, NULL, NULL, NULL, 3);
INSERT INTO `new_destination` VALUES (3439, 269, NULL, '玉树藏族自治州', 1, NULL, NULL, NULL, NULL, NULL, 3);
INSERT INTO `new_destination` VALUES (3440, 269, NULL, '海西蒙古族藏族自治州', 1, NULL, NULL, NULL, NULL, NULL, 3);
INSERT INTO `new_destination` VALUES (3441, 270, NULL, '银川', 1, NULL, NULL, NULL, NULL, NULL, 3);
INSERT INTO `new_destination` VALUES (3442, 270, NULL, '石嘴山', 1, NULL, NULL, NULL, NULL, NULL, 3);
INSERT INTO `new_destination` VALUES (3443, 270, NULL, '吴忠', 1, NULL, NULL, NULL, NULL, NULL, 3);
INSERT INTO `new_destination` VALUES (3444, 270, NULL, '固原', 1, NULL, NULL, NULL, NULL, NULL, 3);
INSERT INTO `new_destination` VALUES (3445, 270, NULL, '中卫', 1, NULL, NULL, NULL, NULL, NULL, 3);
INSERT INTO `new_destination` VALUES (3446, 271, NULL, '乌鲁木齐', 1, NULL, NULL, NULL, NULL, NULL, 3);
INSERT INTO `new_destination` VALUES (3447, 271, NULL, '克拉玛依', 1, NULL, NULL, NULL, NULL, NULL, 3);
INSERT INTO `new_destination` VALUES (3448, 271, NULL, '吐鲁番地区', 1, NULL, NULL, NULL, NULL, NULL, 3);
INSERT INTO `new_destination` VALUES (3449, 271, NULL, '哈密地区', 1, NULL, NULL, NULL, NULL, NULL, 3);
INSERT INTO `new_destination` VALUES (3450, 271, NULL, '昌吉回族自治州', 1, NULL, NULL, NULL, NULL, NULL, 3);
INSERT INTO `new_destination` VALUES (3451, 271, NULL, '博尔塔拉蒙古自治州', 1, NULL, NULL, NULL, NULL, NULL, 3);
INSERT INTO `new_destination` VALUES (3452, 271, NULL, '巴音郭楞蒙古自治州', 1, NULL, NULL, NULL, NULL, NULL, 3);
INSERT INTO `new_destination` VALUES (3453, 271, NULL, '阿克苏地区', 1, NULL, NULL, NULL, NULL, NULL, 3);
INSERT INTO `new_destination` VALUES (3454, 271, NULL, '克孜勒苏柯尔克孜自治州', 1, NULL, NULL, NULL, NULL, NULL, 3);
INSERT INTO `new_destination` VALUES (3455, 271, NULL, '喀什地区', 1, NULL, NULL, NULL, NULL, NULL, 3);
INSERT INTO `new_destination` VALUES (3456, 271, NULL, '和田地区', 1, NULL, NULL, NULL, NULL, NULL, 3);
INSERT INTO `new_destination` VALUES (3457, 271, NULL, '伊犁哈萨克自治州', 1, NULL, NULL, NULL, NULL, NULL, 3);
INSERT INTO `new_destination` VALUES (3458, 271, NULL, '塔城地区', 1, NULL, NULL, NULL, NULL, NULL, 3);
INSERT INTO `new_destination` VALUES (3459, 271, NULL, '阿勒泰地区', 1, NULL, NULL, NULL, NULL, NULL, 3);
INSERT INTO `new_destination` VALUES (3460, 271, NULL, '石河子', 1, NULL, NULL, NULL, NULL, NULL, 3);
INSERT INTO `new_destination` VALUES (3461, 271, NULL, '阿拉尔', 1, NULL, NULL, NULL, NULL, NULL, 3);
INSERT INTO `new_destination` VALUES (3462, 271, NULL, '图木舒克', 1, NULL, NULL, NULL, NULL, NULL, 3);
INSERT INTO `new_destination` VALUES (3463, 271, NULL, '五家渠', 1, NULL, NULL, NULL, NULL, NULL, 3);
INSERT INTO `new_destination` VALUES (3464, 271, NULL, '北屯', 1, NULL, NULL, NULL, NULL, NULL, 3);
INSERT INTO `new_destination` VALUES (3465, 272, NULL, '台北', 1, NULL, NULL, NULL, NULL, NULL, 3);
INSERT INTO `new_destination` VALUES (3466, 272, NULL, '高雄', 1, NULL, NULL, NULL, NULL, NULL, 3);
INSERT INTO `new_destination` VALUES (3467, 272, NULL, '基隆', 1, NULL, NULL, NULL, NULL, NULL, 3);
INSERT INTO `new_destination` VALUES (3468, 272, NULL, '台中', 1, NULL, NULL, NULL, NULL, NULL, 3);
INSERT INTO `new_destination` VALUES (3469, 272, NULL, '台南', 1, NULL, NULL, NULL, NULL, NULL, 3);
INSERT INTO `new_destination` VALUES (3470, 272, NULL, '新竹', 1, NULL, NULL, NULL, NULL, NULL, 3);
INSERT INTO `new_destination` VALUES (3471, 272, NULL, '嘉义', 1, NULL, NULL, NULL, NULL, NULL, 3);
INSERT INTO `new_destination` VALUES (3472, 272, NULL, '台北县', 1, NULL, NULL, NULL, NULL, NULL, 3);
INSERT INTO `new_destination` VALUES (3473, 272, NULL, '宜兰县', 1, NULL, NULL, NULL, NULL, NULL, 3);
INSERT INTO `new_destination` VALUES (3474, 272, NULL, '桃园县', 1, NULL, NULL, NULL, NULL, NULL, 3);
INSERT INTO `new_destination` VALUES (3475, 272, NULL, '新竹县', 1, NULL, NULL, NULL, NULL, NULL, 3);
INSERT INTO `new_destination` VALUES (3476, 272, NULL, '苗栗县', 1, NULL, NULL, NULL, NULL, NULL, 3);
INSERT INTO `new_destination` VALUES (3477, 272, NULL, '台中县', 1, NULL, NULL, NULL, NULL, NULL, 3);
INSERT INTO `new_destination` VALUES (3478, 272, NULL, '彰化县', 1, NULL, NULL, NULL, NULL, NULL, 3);
INSERT INTO `new_destination` VALUES (3479, 272, NULL, '南投县', 1, NULL, NULL, NULL, NULL, NULL, 3);
INSERT INTO `new_destination` VALUES (3480, 272, NULL, '云林县', 1, NULL, NULL, NULL, NULL, NULL, 3);
INSERT INTO `new_destination` VALUES (3481, 272, NULL, '嘉义县', 1, NULL, NULL, NULL, NULL, NULL, 3);
INSERT INTO `new_destination` VALUES (3482, 272, NULL, '台南县', 1, NULL, NULL, NULL, NULL, NULL, 3);
INSERT INTO `new_destination` VALUES (3483, 272, NULL, '高雄县', 1, NULL, NULL, NULL, NULL, NULL, 3);
INSERT INTO `new_destination` VALUES (3484, 272, NULL, '屏东县', 1, NULL, NULL, NULL, NULL, NULL, 3);
INSERT INTO `new_destination` VALUES (3485, 272, NULL, '台东县', 1, NULL, NULL, NULL, NULL, NULL, 3);
INSERT INTO `new_destination` VALUES (3486, 272, NULL, '花莲县', 1, NULL, NULL, NULL, NULL, NULL, 3);
INSERT INTO `new_destination` VALUES (3487, 272, NULL, '澎湖县', 1, NULL, NULL, NULL, NULL, NULL, 3);
INSERT INTO `new_destination` VALUES (3488, 273, NULL, '中西区', 1, NULL, NULL, NULL, NULL, NULL, 3);
INSERT INTO `new_destination` VALUES (3489, 273, NULL, '东区', 1, NULL, NULL, NULL, NULL, NULL, 3);
INSERT INTO `new_destination` VALUES (3490, 273, NULL, '九龙城区', 1, NULL, NULL, NULL, NULL, NULL, 3);
INSERT INTO `new_destination` VALUES (3491, 273, NULL, '观塘区', 1, NULL, NULL, NULL, NULL, NULL, 3);
INSERT INTO `new_destination` VALUES (3492, 273, NULL, '南区', 1, NULL, NULL, NULL, NULL, NULL, 3);
INSERT INTO `new_destination` VALUES (3493, 273, NULL, '深水埗区', 1, NULL, NULL, NULL, NULL, NULL, 3);
INSERT INTO `new_destination` VALUES (3494, 273, NULL, '黄大仙区', 1, NULL, NULL, NULL, NULL, NULL, 3);
INSERT INTO `new_destination` VALUES (3495, 273, NULL, '湾仔区', 1, NULL, NULL, NULL, NULL, NULL, 3);
INSERT INTO `new_destination` VALUES (3496, 273, NULL, '油尖旺区', 1, NULL, NULL, NULL, NULL, NULL, 3);
INSERT INTO `new_destination` VALUES (3497, 273, NULL, '离岛区', 1, NULL, NULL, NULL, NULL, NULL, 3);
INSERT INTO `new_destination` VALUES (3498, 273, NULL, '葵青区', 1, NULL, NULL, NULL, NULL, NULL, 3);
INSERT INTO `new_destination` VALUES (3499, 273, NULL, '北区', 1, NULL, NULL, NULL, NULL, NULL, 3);
INSERT INTO `new_destination` VALUES (3500, 273, NULL, '西贡区', 1, NULL, NULL, NULL, NULL, NULL, 3);
INSERT INTO `new_destination` VALUES (3501, 273, NULL, '沙田区', 1, NULL, NULL, NULL, NULL, NULL, 3);
INSERT INTO `new_destination` VALUES (3502, 273, NULL, '屯门区', 1, NULL, NULL, NULL, NULL, NULL, 3);
INSERT INTO `new_destination` VALUES (3503, 273, NULL, '大埔区', 1, NULL, NULL, NULL, NULL, NULL, 3);
INSERT INTO `new_destination` VALUES (3504, 273, NULL, '荃湾区', 1, NULL, NULL, NULL, NULL, NULL, 3);
INSERT INTO `new_destination` VALUES (3505, 273, NULL, '元朗区', 1, NULL, NULL, NULL, NULL, NULL, 3);
INSERT INTO `new_destination` VALUES (3506, 274, NULL, '花地玛堂区', 1, NULL, NULL, NULL, NULL, NULL, 3);
INSERT INTO `new_destination` VALUES (3507, 274, NULL, '圣安多尼堂区', 1, NULL, NULL, NULL, NULL, NULL, 3);
INSERT INTO `new_destination` VALUES (3508, 274, NULL, '大堂区', 1, NULL, NULL, NULL, NULL, NULL, 3);
INSERT INTO `new_destination` VALUES (3509, 274, NULL, '望德堂区', 1, NULL, NULL, NULL, NULL, NULL, 3);
INSERT INTO `new_destination` VALUES (3510, 274, NULL, '风顺堂区', 1, NULL, NULL, NULL, NULL, NULL, 3);
INSERT INTO `new_destination` VALUES (3511, 274, NULL, '氹仔', 1, NULL, NULL, NULL, NULL, NULL, 3);
INSERT INTO `new_destination` VALUES (3512, 274, NULL, '路环', 1, NULL, NULL, NULL, NULL, NULL, 3);
INSERT INTO `new_destination` VALUES (3513, NULL, NULL, '巴厘岛', 1, 'http://n3-q.mafengwo.net/s8/M00/02/7A/wKgBpVUk3u-AYDLxAA885W7aqSA86.jpeg?imageMogr2%2Fthumbnail%2F%21640x400r%2Fgravity%2FCenter%2Fcrop%2F%21640x400%2Fquality%2F90', NULL, 1, 1, 1, 3);

-- ----------------------------
-- Table structure for quarter
-- ----------------------------
DROP TABLE IF EXISTS `quarter`;
CREATE TABLE `quarter`  (
  `id` bigint(20) NOT NULL AUTO_INCREMENT,
  `name` varchar(255) CHARACTER SET utf8mb4 COLLATE utf8mb4_general_ci NULL DEFAULT NULL,
  PRIMARY KEY (`id`) USING BTREE
) ENGINE = InnoDB AUTO_INCREMENT = 13 CHARACTER SET = utf8mb4 COLLATE = utf8mb4_general_ci ROW_FORMAT = Compact;

-- ----------------------------
-- Records of quarter
-- ----------------------------
INSERT INTO `quarter` VALUES (1, '1月');
INSERT INTO `quarter` VALUES (2, '2月');
INSERT INTO `quarter` VALUES (3, '3月');
INSERT INTO `quarter` VALUES (4, '4月');
INSERT INTO `quarter` VALUES (5, '5月');
INSERT INTO `quarter` VALUES (6, '6月');
INSERT INTO `quarter` VALUES (7, '7月');
INSERT INTO `quarter` VALUES (8, '8月');
INSERT INTO `quarter` VALUES (9, '9月');
INSERT INTO `quarter` VALUES (10, '10月');
INSERT INTO `quarter` VALUES (11, '11月');
INSERT INTO `quarter` VALUES (12, '12月');

-- ----------------------------
-- Table structure for region
-- ----------------------------
DROP TABLE IF EXISTS `region`;
CREATE TABLE `region`  (
  `id` bigint(20) NOT NULL AUTO_INCREMENT,
  `name` varchar(255) CHARACTER SET utf8 COLLATE utf8_general_ci NULL DEFAULT NULL,
  `sn` varchar(255) CHARACTER SET utf8 COLLATE utf8_general_ci NULL DEFAULT NULL,
  `ref` varchar(255) CHARACTER SET utf8 COLLATE utf8_general_ci NULL DEFAULT NULL,
  `info` varchar(255) CHARACTER SET utf8 COLLATE utf8_general_ci NULL DEFAULT NULL,
  `hot` int(11) NULL DEFAULT NULL,
  `state` int(11) NULL DEFAULT NULL,
  PRIMARY KEY (`id`) USING BTREE
) ENGINE = InnoDB AUTO_INCREMENT = 7 CHARACTER SET = utf8 COLLATE = utf8_general_ci ROW_FORMAT = Compact;

-- ----------------------------
-- Records of region
-- ----------------------------
INSERT INTO `region` VALUES (1, '亚洲 港澳台', 'Asia, Hong Kong, Macao and Taiwan', '1,273,272,274', '亚洲 港澳台', 1, 1);
INSERT INTO `region` VALUES (3, '东南亚', 'Southeast Asia', '193,217,230,125,234,96,142,64,210', '东南亚', 1, 1);
INSERT INTO `region` VALUES (4, '南亚 西亚', 'Southwest Asia ', '122,226,183,153,229', '南亚和西亚', 1, 1);
INSERT INTO `region` VALUES (5, '欧洲 美洲', 'Europe America', '134,231,13,228,20,30,36,37,49,50,55,58,66,77,84,93,165,166,201,216,645', '欧洲和美洲', 1, 1);
INSERT INTO `region` VALUES (6, '澳洲 非洲', 'Australia Africa', '11,19,107,121,132,144,219', '澳洲和非洲', 1, 1);

-- ----------------------------
-- Table structure for route
-- ----------------------------
DROP TABLE IF EXISTS `route`;
CREATE TABLE `route`  (
  `id` bigint(20) NOT NULL AUTO_INCREMENT,
  `name` varchar(255) CHARACTER SET utf8mb4 COLLATE utf8mb4_general_ci NULL DEFAULT NULL,
  `summary` varchar(255) CHARACTER SET utf8mb4 COLLATE utf8mb4_general_ci NULL DEFAULT NULL,
  `day` int(255) NULL DEFAULT NULL,
  PRIMARY KEY (`id`) USING BTREE
) ENGINE = InnoDB AUTO_INCREMENT = 2 CHARACTER SET = utf8mb4 COLLATE = utf8mb4_general_ci ROW_FORMAT = Compact;

-- ----------------------------
-- Records of route
-- ----------------------------
INSERT INTO `route` VALUES (1, '巴厘岛新晋网红5日线路', '岛上热带植被茂密，万种风情，景物甚为绮丽，因此也叫天堂之岛。', 5);

-- ----------------------------
-- Table structure for strategy_catalog
-- ----------------------------
DROP TABLE IF EXISTS `strategy_catalog`;
CREATE TABLE `strategy_catalog`  (
  `id` bigint(20) NOT NULL AUTO_INCREMENT,
  `name` varchar(255) CHARACTER SET utf8 COLLATE utf8_general_ci NULL DEFAULT NULL,
  `dest_id` bigint(20) NULL DEFAULT NULL,
  `state` int(11) NULL DEFAULT NULL,
  PRIMARY KEY (`id`) USING BTREE
) ENGINE = InnoDB AUTO_INCREMENT = 16 CHARACTER SET = utf8 COLLATE = utf8_general_ci ROW_FORMAT = Compact;

-- ----------------------------
-- Records of strategy_catalog
-- ----------------------------
INSERT INTO `strategy_catalog` VALUES (1, '长隆度假区', 3261, 0);
INSERT INTO `strategy_catalog` VALUES (2, '最广州', 3261, 0);
INSERT INTO `strategy_catalog` VALUES (3, '广式美味', 3261, 0);
INSERT INTO `strategy_catalog` VALUES (4, '最上海', 249, 0);
INSERT INTO `strategy_catalog` VALUES (5, '主题乐园', 249, 0);
INSERT INTO `strategy_catalog` VALUES (6, '上海不容错过', 249, 0);
INSERT INTO `strategy_catalog` VALUES (7, '最北京', 241, 0);
INSERT INTO `strategy_catalog` VALUES (8, '第一次来北京', 241, 0);
INSERT INTO `strategy_catalog` VALUES (9, '城市区域', 241, 0);
INSERT INTO `strategy_catalog` VALUES (10, '时髦玩法', 3148, 0);
INSERT INTO `strategy_catalog` VALUES (11, '日本美食', 2030, 0);
INSERT INTO `strategy_catalog` VALUES (12, '外部交通', 350, 0);
INSERT INTO `strategy_catalog` VALUES (13, '第一次去泰国', 193, 0);
INSERT INTO `strategy_catalog` VALUES (14, '成都网红打卡点', 3356, 0);
INSERT INTO `strategy_catalog` VALUES (15, '222', NULL, 1);

-- ----------------------------
-- Table structure for strategy_commend
-- ----------------------------
DROP TABLE IF EXISTS `strategy_commend`;
CREATE TABLE `strategy_commend`  (
  `id` bigint(20) NOT NULL AUTO_INCREMENT,
  `detail_id` bigint(20) NULL DEFAULT NULL,
  `title` varchar(255) CHARACTER SET utf8 COLLATE utf8_general_ci NULL DEFAULT NULL,
  `subTitle` varchar(255) CHARACTER SET utf8 COLLATE utf8_general_ci NULL DEFAULT NULL,
  `coverUrl` varchar(255) CHARACTER SET utf8 COLLATE utf8_general_ci NULL DEFAULT NULL,
  `sequence` int(11) NULL DEFAULT NULL,
  `state` int(11) NULL DEFAULT NULL,
  PRIMARY KEY (`id`) USING BTREE
) ENGINE = InnoDB AUTO_INCREMENT = 12 CHARACTER SET = utf8 COLLATE = utf8_general_ci ROW_FORMAT = Compact;

-- ----------------------------
-- Records of strategy_commend
-- ----------------------------
INSERT INTO `strategy_commend` VALUES (1, 2, '广州长隆野生动物园', '广州长隆野生动物园', '/wKgE2l0chlCATLEFAA8R6jYHC0U155.jpg', 4, 0);
INSERT INTO `strategy_commend` VALUES (2, 6, '上海迪士尼', '上海迪士尼', '/3713955b-27cd-404d-9f0f-d4773ae50a2d.jpeg', 3, 0);
INSERT INTO `strategy_commend` VALUES (3, 9, '北京逛故宫', '北京逛故宫', '/42865e66-e87e-4e5f-b177-693b149cccb4.jpeg', 5, 0);
INSERT INTO `strategy_commend` VALUES (4, 17, '江堰和青城山', '江堰和青城山', '/9c7e2f19-3654-4e75-bdb7-d0ad7f3e2b3a.jpeg', 1, 0);
INSERT INTO `strategy_commend` VALUES (5, 15, '纽约一夜', '纽约一夜', '/3b1fbd99-8ad3-40f6-90eb-c5e24a73d8a8.jpeg', 2, 0);
INSERT INTO `strategy_commend` VALUES (6, 4, '震惊！广州人居然吃这种东西', '震惊！广州人居然吃这种东西', NULL, 0, 0);
INSERT INTO `strategy_commend` VALUES (8, 2, '震惊', '震惊', NULL, 0, 0);
INSERT INTO `strategy_commend` VALUES (11, 3, '震惊', '震惊', '/937b8b1e-8cfe-4645-9e6d-64a785b74f4d.png', 3, 0);

-- ----------------------------
-- Table structure for strategy_content
-- ----------------------------
DROP TABLE IF EXISTS `strategy_content`;
CREATE TABLE `strategy_content`  (
  `id` bigint(20) NOT NULL,
  `content` text CHARACTER SET utf8 COLLATE utf8_general_ci NULL,
  PRIMARY KEY (`id`) USING BTREE
) ENGINE = InnoDB CHARACTER SET = utf8 COLLATE = utf8_general_ci ROW_FORMAT = Compact;

-- ----------------------------
-- Records of strategy_content
-- ----------------------------
INSERT INTO `strategy_content` VALUES (1, '<p>带娃出游去哪玩？必须是广州长隆旅游度假区！作为国内超热门的亲子游乐王国，广州长隆每年都会吸引一大批游客！那么，广州长隆究竟有几个乐园和酒店？亲子出游怎么玩更方便又尽兴？酒店又该如何选择？小蜗牛帮你一一解答，还有各种独家游玩小妙招双手奉上！</p>\n\n<p>&nbsp; &nbsp;</p>\n\n<h2>一、10S认识广州长隆！</h2>\n\n<p>&nbsp;广州长隆旅游度假区是长隆集团旗下首个综合性主题旅游度假区，拥有长隆欢乐世界、长隆国际大马戏、长隆水上乐园、长隆野生动物世界、长隆飞鸟乐园和长隆酒店等多家主题公园及酒店，是中国拥有主题公园数量众多和超大规模的综合性主题旅游度假区，先后被评为&ldquo;文化产业示范基地&rdquo;、&ldquo;&nbsp;科普教育基地&nbsp;&rdquo;、&ldquo;中国首批国家AAAAA&nbsp;级景区&rdquo;，年接待游客连续多年超过千万人次，位居世界主题景区前列，成为中国在世界旅游业的标杆。&nbsp;&nbsp;<br />\n&nbsp; &nbsp; &nbsp; &nbsp; <img src=\"/wKgEaVyLBcmAefnzABMf16sDbA045.jpeg\" style=\"height:506px; width:680px\" /></p>\n\n<h2>&nbsp;</h2>\n\n<h2>二、广州长隆的交通指南</h2>\n\n<p>广州长隆位于广州市番禺区，可以选择自驾或坐地铁、免费接驳巴士等方式前往：</p>\n\n<h3>1、地铁-免费接驳巴士</h3>\n\n<p>乘坐地铁3号线到达汉溪长隆站，从D出口或者E出口出去，而后转乘园区免费穿梭巴士到各大园区及酒店。<br />\n<br />\n<strong>园区免费穿梭巴士</strong><br />\n①营运时间：8:50-19:30（每10分钟一班车）<br />\n19:40-22:00（每15分钟一班车）<br />\n②路线：<br />\n&nbsp; &nbsp; <img src=\"/wKgEaVyLBeSALMmuAAA-PFL2DMQ093.png\" style=\"height:113px; width:680px\" />&nbsp; &nbsp;</p>\n\n<h3>2、自驾</h3>\n\n<p>自驾前往，从新光快速、华南快速、京珠高速和广珠西线等均可快速到达广州长隆景区。<br />\n&nbsp;&nbsp;</p>\n\n<h2>三、各大乐园的游玩攻略！</h2>\n\n<h3>长隆欢乐世界 &mdash;&mdash;体验心跳加速的刺激感&nbsp; &nbsp;<br />\n&nbsp; &nbsp; &nbsp; &nbsp; &nbsp; &nbsp; <strong>好玩指数：★★★★★</strong><br />\n<br />\n&nbsp; &nbsp; &nbsp; &nbsp; &nbsp; &nbsp; <strong>游玩时间：建议1天</strong><br />\n<br />\n&nbsp; &nbsp; &nbsp; &nbsp; &nbsp; &nbsp; <strong>开放时间：9:30-18:00（周一至周五），9:30-19:00（周六至周日）</strong><br />\n<br />\n&nbsp; &nbsp; &nbsp; &nbsp; &nbsp; &nbsp; <strong>门票参考：全票250元，儿童票/长者票175元</strong><br />\n<br />\n长隆欢乐世界是广州长隆其中一个主题乐园，集乘骑游乐、特技剧场、巡游表演、生态休闲、特色餐饮、主题商店、综合服务于一体，拥有游乐设施70余套，其中大部分游乐设备均从欧洲原装进口，包括垂直过山车、十环过山车、摩托过山车、U型滑板等，还邀请体现美国牛仔力量的北美伐木表演专业队伍加盟，更有来自二十多个国家的200多位演艺精英组成的娱乐大巡游，精彩不容错过！&nbsp;&nbsp;<br />\n&nbsp; &nbsp; &nbsp; &nbsp; <img src=\"/wKgEaVyLBpGAQKFBABXdbXju2TI48.jpeg\" style=\"height:453px; width:680px\" /><br />\n&nbsp; &nbsp; &nbsp;&nbsp;</h3>\n\n<p>&nbsp; &nbsp; &nbsp; &nbsp; &nbsp;<img src=\"/wKgBEFs-PPmAIUaUAA1AsJQA6qs30.jpeg\" /></p>\n\n<p>&nbsp;&nbsp;</p>\n\n<h2>长隆欢乐世界&nbsp; &nbsp;</h2>\n\n<p>&middot;长隆欢乐世界拥有游乐设施70余套，是目前国内在设备上投入、引进至多的全球大型游乐园。</p>\n\n<p>&nbsp;&middot;长隆欢乐世界主要分为8个区域，包括旋风岛、尖叫地带、哈比儿童王国、欢乐水世界等。</p>\n\n<p>&nbsp;&middot;拥有多个大型游乐设备，诸如十环过山车、垂直过山车、超级大摆锤等，十分刺激。</p>\n\n<p>&middot;除游乐项目外，园区内还有来自二十多个国家的200多位演艺精英组成的娱乐大巡游。<br />\n&nbsp; &nbsp; &nbsp; &nbsp; &nbsp; &nbsp; <strong>Tips：</strong><br />\n<br />\n&nbsp; &nbsp; &nbsp; &nbsp; &nbsp; &nbsp; 1、符合以下情况的人员可购买优惠票：<br />\n<br />\n&nbsp; &nbsp; &nbsp; &nbsp; &nbsp; &nbsp; ①身高1米到1.5的儿童或年满65周岁的长者；<br />\n<br />\n&nbsp; &nbsp; &nbsp; &nbsp; &nbsp; &nbsp; ②持有国家民政部、残联、部队核发的有效残疾军人证、残疾证的游客；<br />\n<br />\n&nbsp; &nbsp; &nbsp; &nbsp; &nbsp; &nbsp; ③身高1.95米以上因部分设施受身高限制不可参玩的游客。<br />\n<br />\n&nbsp; &nbsp; &nbsp; &nbsp; &nbsp; &nbsp; 2、门票是一票通玩的，不需要单独收费，不过个别机动投币项目需要另外购买游戏币；<br />\n<br />\n&nbsp; &nbsp; &nbsp; &nbsp; &nbsp; &nbsp; 3、晴天、阴天以及小雨天气，园区都正常开放，不影响游玩；如果遇上暴雨、台风天气，部分户外有了设施和露天演艺节目会暂停；<br />\n<br />\n&nbsp; &nbsp; &nbsp; &nbsp; &nbsp; &nbsp; 4、园区内会不定时举办一些活动，比如在2019年3月8日至4月8日将盛大举行&ldquo;长隆欢乐万花节&rdquo;主题活动。<br />\n&nbsp; &nbsp; &nbsp; &nbsp;</p>\n\n<p>长隆野生动物园 &mdash;&mdash;不出国门畅游&ldquo;五大洲&rdquo;</p>\n\n<p><br />\n&nbsp; &nbsp; &nbsp; &nbsp; &nbsp; &nbsp; <strong>好玩指数：★★★★★</strong><br />\n<br />\n&nbsp; &nbsp; &nbsp; &nbsp; &nbsp; &nbsp; <strong>游玩时间：建议1</strong><strong>天</strong><br />\n<br />\n&nbsp; &nbsp; &nbsp; &nbsp; &nbsp; &nbsp; <strong>开放时间：9:30-18:00</strong><strong>（周一到周五），9:30-18:30</strong><strong>（周六到周日）</strong><br />\n<br />\n&nbsp; &nbsp; &nbsp; &nbsp; &nbsp; &nbsp; <strong>门票参考：平日票250</strong><strong>元，法定节假日/</strong><strong>周末票280</strong><strong>元</strong></p>\n\n<p><br />\n&nbsp; &nbsp; &nbsp; &nbsp; &nbsp; &nbsp; 长隆野生动物世界打造有澳洲森林、美洲丛林、中亚荒漠、南亚雨林、欧洲高地五大区，拥有14只大熊猫、57只考拉、近250多只白虎等世界各国国宝在内的500多种、20000余只珍奇动物，步行或驾车穿梭在园区，看2万+珍稀动物在身边自在奔走，不出国门即可轻松穿越五大洲，看遍世界珍奇动物！你也可以坐上空中缆车，在高空中720&deg;俯瞰野生动物世界，成千上万的动物从你脚下呼啸而过！</p>\n\n<p><br />\n&nbsp; &nbsp; &nbsp; &nbsp; <img src=\"/wKgEaVyLBwuAX8qBAAuwjXRkYFQ57.jpeg\" style=\"height:393px; width:680px\" /><br />\n&nbsp; &nbsp; &nbsp; &nbsp;</p>\n\n<p>&nbsp; &nbsp; &nbsp; &nbsp; <img src=\"/wKgB4lNfwpSAKyXyAEkj1i6lSVY39.jpeg\" /></p>\n\n<p>&nbsp; &nbsp; &nbsp; &nbsp; &nbsp; &nbsp; &nbsp; &nbsp;</p>\n\n<h2>广州长隆野生动物世界<br />\n&nbsp; &nbsp; &nbsp; &nbsp; &nbsp; &nbsp; &nbsp; &nbsp;</h2>\n\n<p>长隆野生动物世界以大规模野生动物放养和自驾观赏为特色，是亚洲最大的野生动物公园。<br />\n生活着以&ldquo;十大世界珍稀动物国宝&rdquo;为代表的500多种珍稀动物，其中包括中国的大熊猫。<br />\n拥有令人惊心动魄的大型白虎表演，滑稽搞笑的大象表演，明&ldquo;猩&rdquo;云集的花果山剧场表演等。<br />\n动物园内可乘坐小火车深入到亚洲的丛林和草原，体验与兽同行的刺激与豪情。<br />\n&nbsp; &nbsp; &nbsp; &nbsp; &nbsp; &nbsp; <strong>Tips：</strong><br />\n<br />\n&nbsp; &nbsp; &nbsp; &nbsp; &nbsp; &nbsp; 1、缆车共有三条路线：天鹅湖线、熊猫乐园线、非洲草原线，可以看到不同的景观；<br />\n<br />\n&nbsp; &nbsp; &nbsp; &nbsp; &nbsp; &nbsp; 2、南、北门游客服务驿站有行李寄存服务，大件行李30元/件/天，小件行李20元/件/天；<br />\n<br />\n&nbsp; &nbsp; &nbsp; &nbsp; &nbsp; &nbsp; 3、园区内分有步行区和自驾区两个区。步行区：主要步行观赏动物及动物展演的；自驾区：可乘坐半开放式小火车观赏动物，如需要开自己的小车游览自驾区，需要加收自驾车的费用，自驾车车票在长隆野生动物世界北门自驾车入口处现场购买；<br />\n<br />\n&nbsp; &nbsp; &nbsp; &nbsp; &nbsp; &nbsp; 4、在入园前会进行安全检查，食品、饮料、易燃易爆物品等都不能带进园区，园区内都有不同特色的主题餐厅、食品外卖点可以选择。</p>\n\n<h3>长隆水上乐园 &mdash;&mdash;夏日必玩的水上狂欢</h3>\n\n<h3><br />\n&nbsp; &nbsp; &nbsp; &nbsp; &nbsp; &nbsp; <strong>好玩指数：★★★★</strong><strong>☆</strong><br />\n<br />\n&nbsp; &nbsp; &nbsp; &nbsp; &nbsp; &nbsp; <strong>游玩时间：建议1</strong><strong>天</strong><br />\n<br />\n&nbsp; &nbsp; &nbsp; &nbsp; &nbsp; &nbsp; <strong>开放时间：4</strong><strong>月-11</strong><strong>月（以官方公布为准）</strong><br />\n<br />\n&nbsp; &nbsp; &nbsp; &nbsp; &nbsp; &nbsp; <strong>门票参考：全票280</strong><strong>元，夜场票/</strong><strong>儿童票/</strong><strong>长者票195</strong><strong>元（7</strong><strong>月1</strong><strong>日-8</strong><strong>月31</strong><strong>日）</strong><br />\n<br />\n&nbsp; &nbsp; &nbsp; &nbsp; &nbsp; &nbsp; <strong>全票200</strong><strong>元，夜场票/</strong><strong>儿童票/</strong><strong>长者票140</strong><strong>元（4</strong><strong>月1</strong><strong>日-6</strong><strong>月30</strong><strong>日、9</strong><strong>月1</strong><strong>日-10</strong><strong>月7</strong><strong>日）</strong>&nbsp; &nbsp; &nbsp; &nbsp; &nbsp;&nbsp;<br />\n<br />\n&nbsp; &nbsp; &nbsp; &nbsp; &nbsp; &nbsp; 不玩水的夏天是不完美的，长隆水上乐园就是一个消暑好去处！这里拥有大量&ldquo;明星设施&rdquo;：全球首创梳理旋转超大型水上游乐设备&mdash;摇滚巨轮，&ldquo;热浪谷&rdquo;无可比拟的3米高巨浪带给游客被洪水巨浪冲击的真实感，还有很多适合小朋友玩的设施，比如拥有50套亲子设备的&ldquo;奇妙亲子水城&rdquo;、专为家庭设计的亲子滑道等，除此之外，各种主题活动也是备受追捧，&ldquo;长隆水上电音节&rdquo;、&ldquo;宝宝奇妙亲水礼&rdquo;、&ldquo;冲浪音乐节&rdquo;&hellip;&hellip;轮番上演！</h3>\n\n<p><br />\n&nbsp; &nbsp; &nbsp; &nbsp; <img src=\"/wKgEaVyLB36AN5ddABCDEjU7SUM18.jpeg\" style=\"height:453px; width:680px\" /><br />\n&nbsp; &nbsp;</p>\n\n<p>&nbsp; &nbsp; &nbsp; &nbsp;&nbsp;<img src=\"/wKgBZ1nmvPSAf-jSAANl6GXovms78.jpeg\" /></p>\n\n<h2>广州长隆水上乐园&nbsp; &nbsp; &nbsp; &nbsp; &nbsp; &nbsp; &nbsp; &nbsp;&nbsp;</h2>\n\n<p>长隆水上乐园荣获过众多国际大奖，其超大的游玩空间，顶尖的配套设施吸引了来自各地的游客。<br />\n值得玩的项目有&ldquo;漂流河&rdquo;和&ldquo;造浪池&rdquo;，中央舞台经常有各类表演，是整个水上乐园最有人气的地方。<br />\n园内最刺激的项目为&ldquo;高速滑道&rdquo;、&ldquo;超级大喇叭&rdquo;、&ldquo;超级大滑板&rdquo;等，都是心跳指数爆表的项目。<br />\n另外带孩子出行的可以考虑去&ldquo;宝贝水城&rdquo;、&ldquo;小喇叭&rdquo;、&ldquo;眼镜蛇&rdquo;等景点。</p>\n\n<p>&nbsp; &nbsp; &nbsp; &nbsp; &nbsp; &nbsp;&nbsp;<strong>Tips：</strong><br />\n<br />\n&nbsp; &nbsp; &nbsp; &nbsp; &nbsp; &nbsp; 1、进园区之前，需要准备好泳衣/泳裤、拖鞋、毛巾、防晒霜、饮用水，还有手机防水套（必备！）；<br />\n<br />\n&nbsp; &nbsp; &nbsp; &nbsp; &nbsp; &nbsp; 2、物品可以存放在储物柜，小柜收费35元、大柜55元（押金20元），小票一定包保存好，不要弄丢；<br />\n<br />\n&nbsp; &nbsp; &nbsp; &nbsp; &nbsp; &nbsp; 3、园区内提供&quot;电子钱包&quot;储值腕带消费服务，无需携带现金和零钱就能在园区消费。&nbsp; &nbsp;</p>\n\n<h3>长隆飞鸟乐园 &mdash;&mdash;探索各种珍稀飞禽</h3>\n\n<p><br />\n&nbsp; &nbsp; &nbsp; &nbsp; &nbsp; &nbsp; <strong>好玩指数：★★★★</strong><br />\n<br />\n&nbsp; &nbsp; &nbsp; &nbsp; &nbsp; &nbsp; <strong>游玩时间：建议半天</strong><br />\n<br />\n&nbsp; &nbsp; &nbsp; &nbsp; &nbsp; &nbsp; <strong>开放时间：9:30-18:00</strong><strong>（西区），10:45-18</strong><strong>：00</strong><strong>（东区）</strong><br />\n<br />\n&nbsp; &nbsp; &nbsp; &nbsp; &nbsp; &nbsp; <strong>门票参考：全票100</strong><strong>元，儿童票/</strong><strong>长者票70</strong><strong>元</strong><br />\n长隆飞鸟乐园是一个远离繁华城市的郊外公园，也是拥有超过三百多种、近万只珍稀鸟类的生态湿地公园，《爸爸回来了》、《奔跑吧兄弟》等都曾来此拍摄过，在这里不进可以探索各种珍稀飞禽，还可以欣赏各种动物行为展示，比如百鸟飞歌、湿地精灵秀、鳄作剧等。</p>\n\n<p><br />\n&nbsp; &nbsp; &nbsp; &nbsp; <img src=\"/wKgEaVyLCAeAcML1AAa2SwAcLY4850.png\" style=\"height:419px; width:558px\" /></p>\n\n<p>&nbsp; &nbsp; &nbsp; &nbsp;<img src=\"/wKgB4lMC9L2ABSugAACt75MxYfU98.jpeg\" /></p>\n\n<p>&nbsp;</p>\n\n<h2>长隆飞鸟乐园&nbsp; &nbsp; &nbsp; &nbsp;&nbsp;</h2>\n\n<p>长隆飞鸟乐园是大型的自然生态湿地公园，生活着丹顶鹤、火烈鸟、黑天鹅等上万只国家珍稀鸟类。<br />\n公园共分为群鳄起舞、仙鹤湾、两栖动物爬行馆、天鹅湾等9个不同的区域，每个区域都有精彩纷呈的表演。<br />\n最为刺激的是钓鳄岛，这里生活着上万条鳄鱼，可以与鳄鱼零距离互动，绝对挑战胆量。<br />\n官网上提供了&ldquo;村长&rdquo;李锐篇、家庭篇、情侣篇、朋友篇四条游园线路，满足不同人群的需求，非常值得参考。</p>\n\n<p><br />\n&nbsp; &nbsp; &nbsp; &nbsp; &nbsp; &nbsp; <strong>Tips：</strong><br />\n<br />\n&nbsp; &nbsp; &nbsp; &nbsp; &nbsp; &nbsp; 1、大型节假日时，东区西区会同时开放；<br />\n<br />\n&nbsp; &nbsp; &nbsp; &nbsp; &nbsp; &nbsp; 2、进入园区要进行安检，食品、水果等是不能带入园区内的。<br />\n&nbsp;</p>\n\n<h3>长隆国际大马戏 &mdash;&mdash;惊奇冒险的视觉盛宴</h3>\n\n<p><br />\n&nbsp; &nbsp; &nbsp; &nbsp; &nbsp; &nbsp; <strong>好玩指数：★★★★</strong><br />\n<br />\n&nbsp; &nbsp; &nbsp; &nbsp; &nbsp; &nbsp; <strong>游玩时间：1</strong><strong>个多小时</strong><br />\n<br />\n&nbsp; &nbsp; &nbsp; &nbsp; &nbsp; &nbsp; <strong>开放时间：19:30-20:50</strong><br />\n<br />\n&nbsp; &nbsp; &nbsp; &nbsp; &nbsp; &nbsp; <strong>门票参考：全票350</strong><strong>元，特定日全票450</strong><strong>元，VIP</strong><strong>票加购价200</strong><strong>元</strong><br />\n<br />\n&nbsp; &nbsp; &nbsp; &nbsp; &nbsp; &nbsp; 实景式马戏舞台、数千万巨资打造的尖端舞美客机、数亿巨资建造的马戏表演场以及来自20多个国家的300余名马戏精英为您呈现一场美轮美奂、奇幻冒险的视觉盛宴，此外，还有多达40余种500多只珍奇动物与马戏精英们同台献技，绝对精彩！</p>\n\n<p><br />\n&nbsp; &nbsp; &nbsp; &nbsp; <img src=\"/wKgEaVyLCFWAD_WfAA1cGPfH2A490.jpeg\" style=\"height:372px; width:680px\" /></p>\n\n<p>&nbsp; &nbsp; &nbsp; &nbsp;&nbsp;<img src=\"/wKgBEFs-n-SAbXPOAAsiiioEHd059.jpeg\" /></p>\n\n<h2>长隆国际大马戏</h2>\n\n<p>&nbsp;&nbsp;</p>\n\n<p>长隆国际大马戏拥有来自20多个国家共300余名的马戏精英，还有多达40余种500多只珍奇动物同台献技。<br />\n拥有世界最大的森林实景式舞台布置，可以看到实景式的森林、溪流、小船等，绝对耳目一新。<br />\n表演分为动物表演、花车巡游、杂技等几部分，可爱聪明的动物加上超赞的舞台布置，如同身临其境。<br />\n此外，剧院强力推出《魔幻传奇Ⅱ》，集唯美、浪漫、奇幻于一体，让演出更具传奇色彩。</p>\n\n<p><br />\n&nbsp; &nbsp; &nbsp; &nbsp; &nbsp; &nbsp; <strong>Tips：</strong><br />\n<br />\n&nbsp; &nbsp; &nbsp; &nbsp; &nbsp; &nbsp; 1、最好的位置是VIP座，没买VIP座的话尽量选靠近中间VIP区的位置，记住宁愿选择中间的高处，也不要选择靠近舞台的偏处；<br />\n<br />\n&nbsp; &nbsp; &nbsp; &nbsp; &nbsp; &nbsp; 2、老人、小孩最好离舞台远一点，避免因一些特技受到惊吓；<br />\n<br />\n&nbsp; &nbsp; &nbsp; &nbsp; &nbsp; &nbsp; 3、为了保护演员的安全，记住不要开闪光灯。</p>\n\n<h2>四、亲子出游，酒店如何选择？</h2>\n\n<p><br />\n&nbsp; &nbsp; &nbsp; &nbsp; &nbsp; &nbsp; 广州长隆的酒店主要有三家，分别是广州长隆酒店、广州长隆香江酒店、广州长隆熊猫酒店，每家酒店都有各自的特色和优势，如果你还不知道该怎么选，小蜗牛为你奉上一手干货！</p>\n\n<p>&mdash;广州长隆酒店</p>\n\n<p>&nbsp;</p>\n\n<h3>入住森林宫殿，躺看原生态动物岛</h3>\n\n<p><br />\n&nbsp; &nbsp; &nbsp; &nbsp; &nbsp; &nbsp; <strong>推荐指数：★★★★★</strong><br />\n<br />\n&nbsp; &nbsp; &nbsp; &nbsp; &nbsp; &nbsp; <strong>适合人群：&nbsp;</strong><strong>喜欢森林风格、追求便利的亲子家庭</strong><br />\n<br />\n&nbsp; &nbsp; &nbsp; &nbsp; &nbsp; &nbsp; <strong>推荐理由：地处度假区中心，游玩各大乐园都很方便</strong><br />\n<br />\n&nbsp; &nbsp; &nbsp; &nbsp; &nbsp; &nbsp; <strong>酒店价格：较高，&yen;900-&yen;2000+/</strong><strong>晚</strong><br />\n<br />\n&nbsp; &nbsp; &nbsp; &nbsp; &nbsp; &nbsp; 广州长隆酒店被数千亩森林和绿地环绕，远远看去仿佛一个森林里的宫殿。客房沿山逐级而上，围绕中心建有一个规模庞大的动物岛，在房间就能近距离观赏到这独一无二的生态奇景。你可以带宝贝去白虎自助餐厅享用美食，这家餐厅100多款自助美食正到爆，还能边吃边看白虎、火烈鸟！最重要的是地理位置很赞，占据度假区中心地段，左揽欢乐世界，右依野生动物世界，炒鸡适合携家带口出游的你！<br />\n<br />\n&nbsp; &nbsp; &nbsp; &nbsp; &nbsp; &nbsp; &nbsp; &nbsp;<br />\n&nbsp; &nbsp; &nbsp; &nbsp;&nbsp;<a href=\"http://www.mafengwo.cn/sales/2715207.html?cid=1010402&amp;sourceFrom=zhuti-167129-253555\" target=\"_blank\"><img alt=\"【暑期入住送四重礼】广州长隆旅游度假区 广州长隆酒店2天1晚欢乐度假套餐（野生动物园/欢乐世界/国际大马戏）\" src=\"/wKgED1uXbEOASWOmAAPPCV-FZLs49.jpeg\" style=\"height:90px; width:140px\" /></a><br />\n<br />\n&nbsp; &nbsp; &nbsp; &nbsp; <img src=\"/wKgEaVyLCTiAe3fEAAtJHYlFux496.jpeg\" style=\"height:283px; width:680px\" /></p>\n\n<p>&nbsp; &nbsp; &nbsp; &nbsp;&nbsp;<img src=\"/wKgBEFteugaAbGNQAAnpFQk0yHQ63.jpeg\" /></p>\n\n<p>&nbsp; &nbsp;&nbsp;</p>\n\n<h2>长隆酒店(广州长隆野生动物世界店)</h2>\n\n<p>必读<br />\n&nbsp; &nbsp; &nbsp; &nbsp; &nbsp; &nbsp; &nbsp; &nbsp; &nbsp; &nbsp; 酒店距离广州东站20公里。<br />\n&nbsp; &nbsp; &nbsp; &nbsp; &nbsp; &nbsp; &nbsp; &nbsp; &nbsp; &nbsp; 酒店距离汉溪长隆地铁站1公里。<br />\n&nbsp; &nbsp; &nbsp; &nbsp; &nbsp; &nbsp; &nbsp; &nbsp; &nbsp; &nbsp; 酒店距离香江野生动物世界2公里。</p>\n\n<p>&nbsp; &nbsp; &nbsp; &nbsp; &nbsp; &nbsp; &nbsp; &nbsp; &nbsp; &nbsp; 贴士<br />\n&nbsp; &nbsp; &nbsp; &nbsp; &nbsp; &nbsp; &nbsp; &nbsp; &nbsp; &nbsp; 酒店提供广州火车站的班车服务。<br />\n&nbsp; &nbsp; &nbsp; &nbsp; &nbsp; &nbsp; &nbsp; &nbsp; &nbsp; &nbsp; 从酒店的餐厅、大堂和客房就可以欣赏到野生动物，如老虎和火烈鸟等。<br />\n&nbsp; &nbsp; &nbsp; &nbsp; &nbsp; &nbsp; &nbsp; &nbsp; &nbsp; &nbsp; 酒店设有两个游泳池、一个健身中心、网球场、高尔夫球场、卡拉OK设施。</p>\n\n<p><br />\n&nbsp; &nbsp; &nbsp; &nbsp; &nbsp; &nbsp; <strong>Tips：</strong><br />\n<br />\n&nbsp; &nbsp; &nbsp; &nbsp; &nbsp; &nbsp; 1、可以在酒店礼宾部预订广州-珠海两区穿梭巴士，需提前一天（19:00前）预订；<br />\n<br />\n&nbsp; &nbsp; &nbsp; &nbsp; &nbsp; &nbsp; 2、酒店提供停车服务，大车30元/次，小车20元/次；<br />\n<br />\n&nbsp; &nbsp; &nbsp; &nbsp; &nbsp; &nbsp; 3、有多种房型可选，高级房可以看到园景/室外泳池/欢乐世界，野趣房可观赏星光广场/水上乐园园景&nbsp;，而白虎房可以近距离观赏动物岛。<br />\n&nbsp;</p>\n\n<h3>推荐2&mdash;&mdash;广州长隆熊猫酒店</h3>\n\n<p>&nbsp;</p>\n\n<h3>萌萌哒二元次童话王国</h3>\n\n<p><br />\n&nbsp; &nbsp; &nbsp; &nbsp; &nbsp; &nbsp; <strong>推荐指数：★★★★</strong><br />\n<br />\n&nbsp; &nbsp; &nbsp; &nbsp; &nbsp; &nbsp; <strong>适合人群：喜欢可爱风格、预算有限的亲子家庭</strong><br />\n<br />\n&nbsp; &nbsp; &nbsp; &nbsp; &nbsp; &nbsp; <strong>推荐理由：以熊猫三兄弟为主题，造型可爱，亲子必选&nbsp;</strong><br />\n<br />\n&nbsp; &nbsp; &nbsp; &nbsp; &nbsp; &nbsp; <strong>酒店价格：中等，&yen;800-&yen;1400/</strong><strong>晚</strong><br />\n<br />\n&nbsp; &nbsp; &nbsp; &nbsp; &nbsp; &nbsp; 喜欢卡通元素的，那必须要选择长隆熊猫酒店了！酒店设计以动画片《爸爸去哪儿2之熊猫三胞胎童话次元大冒险》为蓝本，踏入其中，就如同穿越时空，进入了萌帅酷的二次元童话王国。四大动物展区紧紧围绕在酒店各个区域，1500间主题客房共分为帅帅、萌萌、酷酷和王子家庭房四大主题，房间里儿童浴袍、拖鞋、毛巾、卡通洗刷用品、专属衣架等应有尽有，都是迷你版的，超可爱！<br />\n<br />\n&nbsp; &nbsp; &nbsp; &nbsp;&nbsp;<a href=\"http://www.mafengwo.cn/sales/2710138.html?cid=1010402&amp;sourceFrom=zhuti-167129-253555\" target=\"_blank\"><img alt=\"【暑期入住送四重礼】广州长隆旅游度假区 长隆熊猫酒店2天1晚欢乐度假套餐（野生动物园/欢乐世界/水上乐园/国际大马戏）\" src=\"/wKgED1uQjJmAEapWAANEvXiq21w03.jpeg\" style=\"height:90px; width:140px\" /></a></p>\n\n<p><br />\n&nbsp; &nbsp; &nbsp; &nbsp; <img src=\"/wKgEaVyLCpKAYO4TAAFw_gqnXjA61.jpeg\" style=\"height:265px; width:680px\" /><br />\n&nbsp; &nbsp;</p>\n\n<p>&nbsp; &nbsp; &nbsp;&nbsp;<img src=\"/wKgBEFtpRT2ARZcCABjvxApT4-M11.jpeg\" /></p>\n\n<p>&nbsp; &nbsp;</p>\n\n<h2>广州长隆熊猫酒店&nbsp;&nbsp;</h2>\n\n<p>必读<br />\n&nbsp; &nbsp; &nbsp; &nbsp; &nbsp; &nbsp; &nbsp; &nbsp; &nbsp; &nbsp; 酒店位于广州长隆旅游度假区内，临近长隆欢乐世界、长隆国际大马戏。<br />\n&nbsp; &nbsp; &nbsp; &nbsp; &nbsp; &nbsp; &nbsp; &nbsp; &nbsp; &nbsp; 酒店内设有连廊更可直达长隆欢乐世界以及长隆国际大马戏。<br />\n&nbsp; &nbsp; &nbsp; &nbsp; &nbsp; &nbsp; &nbsp; &nbsp; &nbsp; &nbsp; 酒店外观还原卡通片中童话王国的风格，整体建筑生机勃发。店内的每一层楼都设计了众多与孩子们互动的体验装置。</p>\n\n<p>&nbsp; &nbsp; &nbsp; &nbsp; &nbsp; &nbsp; &nbsp; &nbsp; &nbsp; &nbsp; 贴士<br />\n&nbsp; &nbsp; &nbsp; &nbsp; &nbsp; &nbsp; &nbsp; &nbsp; &nbsp; &nbsp; 酒店提供穿梭机场班车。<br />\n&nbsp; &nbsp; &nbsp; &nbsp; &nbsp; &nbsp; &nbsp; &nbsp; &nbsp; &nbsp; 酒店提供亲子课堂、儿童活动区及贵宾休息区等更加人性化的个性服务。<br />\n&nbsp; &nbsp; &nbsp; &nbsp; &nbsp; &nbsp; <strong>Tips：</strong><br />\n<br />\n&nbsp; &nbsp; &nbsp; &nbsp; &nbsp; &nbsp; 1、萌萌房、酷酷房、帅帅房都有大床房、双床房可选，王子家庭房是一张大床+1张儿童床，预订房型的时候要注意哦；<br />\n<br />\n&nbsp; &nbsp; &nbsp; &nbsp; &nbsp; &nbsp; 2、推荐去熊猫自助餐厅享用美食，早餐时间7:00-10:00，午餐时间11:30-14:30，晚餐时间17:00-21:00；<br />\n<br />\n&nbsp; &nbsp; &nbsp; &nbsp; &nbsp; &nbsp; 3、在酒店大堂设有酒店园区票务中心，提供兑换或购买门票服务，营业时间为09:00-20:00。<br />\n&nbsp;</p>\n\n<h3>推荐3&mdash;&mdash;广州长隆香江酒店</h3>\n\n<p>&nbsp;</p>\n\n<h3>感受岭南风情，品29年老字号美食</h3>\n\n<p><br />\n&nbsp; &nbsp; &nbsp; &nbsp; &nbsp; &nbsp; <strong>推荐指数：★★★★</strong><br />\n<br />\n&nbsp; &nbsp; &nbsp; &nbsp; &nbsp; &nbsp; <strong>适合人群：粤式美食钟爱粉、家庭出游、亲子游</strong><br />\n<br />\n&nbsp; &nbsp; &nbsp; &nbsp; &nbsp; &nbsp; <strong>推荐理由：2018</strong><strong>全新开业，有29</strong><strong>年老字号粤式美食，步行约10</strong><strong>分钟到长隆野生动物世界</strong><br />\n<br />\n&nbsp; &nbsp; &nbsp; &nbsp; &nbsp; &nbsp; <strong>酒店价格：较低，&yen;500-&yen;1000/</strong><strong>晚</strong><br />\n<br />\n&nbsp; &nbsp; &nbsp; &nbsp; &nbsp; &nbsp; 如果你想趁着这次旅行，体验一番地道的岭南风情，品尝一次老字号粤式美食，小蜗牛推荐你入住广州长隆香江酒店。这家酒店2018年一经亮相就惊艳了众多长隆粉，典雅秀丽的满洲窗、复古的长筒吊灯，而且还保留了原来&ldquo;香江酒家&rdquo;的精湛烹饪手法，29年老字号餐饮足以让你食指大开！如果不想出门，酒店内也有宝贝专属的玩乐天地&mdash;&mdash;童趣廊，有飞行棋地毯、LED互动屏等玩乐设施，还有各种精致美味的儿童点心！</p>\n\n<p><br />\n&nbsp; &nbsp; &nbsp; &nbsp; &nbsp; &nbsp; &nbsp; &nbsp;<br />\n&nbsp; &nbsp; &nbsp; &nbsp;<a href=\"http://www.mafengwo.cn/sales/2703379.html?cid=1010402&amp;sourceFrom=zhuti-167129-253555\" target=\"_blank\"><img alt=\"【暑期入住送四重礼】广州长隆旅游度假区 长隆香江酒店2天1晚度假套餐（长隆野生动物世界/长隆国际大马戏/长隆欢乐世界/长隆水上乐园）\" src=\"/wKgED1uMl1aAU6CuAAMb2EK8gn000.jpeg\" style=\"height:90px; width:140px\" /></a><br />\n<br />\n&nbsp; &nbsp; &nbsp; &nbsp; <img src=\"/wKgEaVyLC2WAA0jAAAFsYNt07vM01.jpeg\" style=\"height:476px; width:680px\" /><br />\n&nbsp; &nbsp;</p>\n\n<p>&nbsp; &nbsp; &nbsp; &nbsp;<img src=\"/wKgED1xAY_GAJeIbAA326_dCK-E16.jpeg\" /></p>\n\n<h2>长隆香江酒店(广州长隆野生动物世界店)</h2>\n\n<p>&nbsp; &nbsp; &nbsp; &nbsp; &nbsp;</p>\n\n<p>长隆香江酒店(广州长隆野生动物世界店)位于大石105国道猛涌路，地铁3号线、7号线直达，各园区与酒店间也设有免费穿梭巴服务，约3分钟就可信步到达长隆野生动物世界，享乐随心。<br />\n酒店区域高达21层，三百余间客房分别以老虎、长颈鹿、大象的萌趣卡通形象为主题，除&ldquo;标准大床房&rdquo;、&ldquo;标准双床房&rdquo;以外，为方便亲子家庭入住，更贴心准备了&ldquo;家庭房&rdquo;，房内分为起居室与卧室两大区域，并配备独立的儿童睡床。缤纷多彩的主题客房可给客人带来舒适温馨的奇妙体验。<br />\n&quot;酒店以&ldquo;海上丝绸之路-岭南印象&rdquo;作为主基调，大堂布局三庭两进，居中对称，柱身与木雕屏风相结合，典雅秀丽的满洲窗和长筒吊灯阵列相得益彰，赋予浓厚的岭南特色。<br />\n&quot;新潮美食与传统美食相互碰撞、迸发新火花&rdquo;&mdash;&mdash;这是长隆香江酒店餐饮的一大特色。传统岭南装修风格的香江中餐厅，青砖、中式木质桌椅，搭配地道的广府美食，让人陶醉其中。</p>\n\n<p><br />\n&nbsp; &nbsp; &nbsp; &nbsp; &nbsp; &nbsp; <strong>Tips：</strong><br />\n<br />\n&nbsp; &nbsp; &nbsp; &nbsp; &nbsp; &nbsp; 1、房间均提供无限高速上网、24小时客房服务；<br />\n<br />\n&nbsp; &nbsp; &nbsp; &nbsp; &nbsp; &nbsp; 2、酒店有大象房、老虎房、长颈鹿房、家庭房等多种房型，带娃出游建议选择家庭房，家庭房特设起居室和卧室两大功能区域，还配置了舒适可爱的儿童独立睡床，让家庭出游更舒适；<br />\n<br />\n&nbsp; &nbsp; &nbsp; &nbsp; &nbsp; &nbsp; 3、童趣廊在酒店南区一楼大堂，营业时间是10:00-21:30。</p>\n\n<h2>五、游玩小妙招，尽兴又省钱！</h2>\n\n<p><br />\n&nbsp; &nbsp; &nbsp; &nbsp; &nbsp; &nbsp; 玩转长隆，怎么玩得尽兴又省钱？最好的方法就是购买乐园+酒店的套餐，一是比较划算，二是可以两日多次入园方便把乐园玩透彻。具体怎么选择，按照以下问题逐步来：</p>\n\n<p>&nbsp;</p>\n\n<h3>1、 几位成人出行？多少名小孩？小孩是否满1米？</h3>\n\n<p><br />\n&nbsp; &nbsp; &nbsp; &nbsp; &nbsp; &nbsp; 长隆酒店+乐园门票的套餐里有&quot;双人&quot;和&quot;家庭&quot;这个概念，双人是2张票，家庭是3张票：<br />\n<br />\n&nbsp; &nbsp; &nbsp; &nbsp; &nbsp; &nbsp; ①如果是2位成人出游，建议选择双人套餐；<br />\n<br />\n&nbsp; &nbsp; &nbsp; &nbsp; &nbsp; &nbsp; ②如果是2位成人+1名儿童（身高1-1.5m）出游，建议选择三人套餐；<br />\n<br />\n&nbsp; &nbsp; &nbsp; &nbsp; &nbsp; &nbsp; ③如果是1位成人+1名儿童（身高1m以下）出游，建议选择净房+另购成人门票；<br />\n<br />\n&nbsp; &nbsp; &nbsp; &nbsp; &nbsp; &nbsp; ④如果是2位成人+2名儿童（身高1-1.5m）出游，建议选择三人套餐+另购儿童门票。</p>\n\n<h3>2、自己想玩哪些乐园？</h3>\n\n<h3><br />\n&nbsp; &nbsp; &nbsp; &nbsp; &nbsp; &nbsp; 明确了该选双人套餐还是三人套餐后，再从中选择自己想玩的乐园，一般套餐里都会有各大乐园的组合，带娃出游长隆野生动物必去不可，喜欢的刺激的再选个欢乐世界，想安安静静看表演的就去看国际大马戏，夏天出游当然不能错过水上乐园。<br />\n<br />\n&nbsp; &nbsp; &nbsp; &nbsp; &nbsp; &nbsp; 看完小蜗牛的攻略，是不是感觉自己可以把长隆玩透透了？那就赶紧计划起来，带上宝贝粗发吧！<br />\n&nbsp;</h3>\n');
INSERT INTO `strategy_content` VALUES (2, '<div class=\"f-block\">    <div class=\"p-section\">        如果要说动物园，猫妈强烈推荐带娃去广州长隆野生动物园！野生动物园有许多，但是广州长隆野生动物园只有一个！为什么长隆野生动物园如此与众不同呢？    </div></div><div class=\"f-block raiders clearfix\">    <a href=\"https://m.mafengwo.cn/nb/public/sharejump.php?type=3&amp;id=449&amp;poi_type_id=3\" target=\"_blank\"       class=\"_j_quote_guide\" data-title=\"广州长隆野生动物世界\" data-id=\"449\" data-type=\"2\">        <div class=\"img\"><img                src=\"/wKgBs1dAO4KAZS5gAA9In_luGxU53.jpeg\">        </div>        <div class=\"info view_poi_info\">            <h2>广州长隆野生动物世界</h2>            <p style=\"max-height: 81px;line-height: 21px;\">·长隆野生动物世界以大规模野生动物放养和自驾观赏为特色，是亚洲最大的野生动物公园。                ·生活着以“十大世界珍稀动物国宝”为代表的500多种珍稀动物，其中包括中国的大熊猫。                ·拥有令人惊心动魄的大型白虎表演，滑稽搞笑的大象表演，明“猩”云集的花果山剧场表演等。                ·动物园内可乘坐小火车深入到亚洲的丛林和草原，体验与兽同行的刺激与豪情。</p>        </div>    </a></div><div class=\"f-block\">    <div class=\"p-section\">        <br>        1.&nbsp;<b>“多”</b><br>        ，同样是看动物，看稀稀疏疏地几只，和看一片一片，漫山遍野的观感绝对不同，震撼程度也不同。<br>    </div></div><div class=\"f-block\">    <img class=\"_j_lazyload\" style=\"height: 453px; width: 680px; background: rgb(252, 242, 220); display: block;\"         src=\"/wKgED1v7lV-ARO-5AAE8COtd_Fo93.jpeg\">    <span class=\"img-an\">                                    </span></div><div class=\"f-block\">    <div class=\"p-section\">        要真正还原野外的感觉，就得给动物营造出一个完整的小生态圈，而不是画地为牢，简单进行圈养。<br>        比如火烈鸟，隔着模模糊糊的玻璃看和隔着一湾碧水看翠岛上通红一片火烈鸟的感觉，完全是两个世界啊。<br>    </div></div><div class=\"f-block\">    <img class=\"_j_lazyload\" style=\"height: 453px; width: 680px; background: rgb(252, 242, 220); display: block;\"         src=\"/wKgED1v7lWCAOY1TAAF3JeD2DDw30.jpeg\">    <span class=\"img-an\">                                    </span></div><div class=\"f-block\">    <div class=\"p-section\">        2.&nbsp;<b>“稀”</b><br>        ，现在随着野生动物园遍地开花，父母遛娃意识提升，娃们对老虎&nbsp;狮子&nbsp;天天见，已经引不起兴奋来了，他们对熊猫，大象，长颈鹿的兴趣也不过而而，但是考拉，不是每个城市都有吧？<br>    </div></div><div class=\"f-block\">    <img class=\"_j_lazyload\" style=\"height: 453px; width: 680px; background: rgb(252, 242, 220); display: block;\"         src=\"/wKgED1v7lWCAOzO8AADjeEDJlEg01.jpeg\">    <span class=\"img-an\">                                    </span></div><div class=\"f-block\">    <div class=\"p-section\">        还有长得酷似英国绅士的“大鼻猴“，小猫娘懿欢也是第一次见。<br>    </div></div><div class=\"f-block\">    <img class=\"_j_lazyload\" style=\"height: 453px; width: 680px; background: rgb(252, 242, 220); display: block;\"         src=\"/wKgED1v7lWCAVAJCAADN4tENcgQ17.jpeg\">    <span class=\"img-an\">                                    </span></div><div class=\"f-block\">    <div class=\"p-section\">        还有下面这些猴子，连大人也有许多叫不上名字来。长隆的许多珍稀动物，是值得我们一睹为快的。<br>    </div></div><div class=\"f-block\">    <img class=\"_j_lazyload\" style=\"height:453px;width:680px;background:#FCF2DC\"         src=\"/wKgED1v7lWCAS-92AAC3sNMgcqM29.jpeg\">    <span class=\"img-an\">                                    </span></div><div class=\"f-block\">    <div class=\"p-section\">        &nbsp;&nbsp;&nbsp;&nbsp;&nbsp;&nbsp;<br>        <br>    </div></div>    ');
INSERT INTO `strategy_content` VALUES (3, '<div class=\"f-block\">    <img class=\"_j_lazyload\" style=\"height: 116px; width: 680px; background: rgb(252, 242, 220); display: block;\"         src=\"/wKgBEFssrSmAZwfuAACmlQqIZNQ340.gif\">    <span class=\"img-an\"></span></div><div class=\"f-block\">    <div class=\"p-section\">        企鹅吃喝指南｜“城市指南“第4站－广州&nbsp;&nbsp;&nbsp;小吃篇<br>        每次有外地小伙伴来广州，都会扔给我内容大同小异的美食攻略：“这些小吃老字号很有名呢，好吃吗，值得去吗，该去哪一家？&amp;%￥#@……”<br>        &nbsp;<br>        每当这时，我都会露出老司机般的迷之笑容——<br>    </div></div><div class=\"f-block\">    <img class=\"_j_lazyload\" style=\"height: 523px; width: 680px; background: rgb(252, 242, 220); display: block;\"         src=\"/wKgIDlz4r_uAE2U0AADL-tP6TXY18.jpeg\">    <span class=\"img-an\">                                    </span></div><div class=\"f-block\">    <div class=\"p-section\">        “给你一个眼神，自己体会。”<br>        有句话叫“富不过三代”，这个道理如今也能套在这些老字号身上：随着时日的发展，在各种连锁、更新换代之下，好些老字号虽顶承着昔日美名，却难以继承当年风味，就连本地人有时候也容易踩雷。<br>    </div></div><div class=\"f-block\">    <img class=\"_j_lazyload\" style=\"height: 167px; width: 400px; background: rgb(252, 242, 220); display: block;\"         src=\"/wKgIDlz4r_uAZmVtAAdXa37fA24397.gif\">    <span class=\"img-an\">                                            如果单凭着千篇一律的攻略前行，踩雷的机率还是比较高的                                    </span></div><div class=\"f-block\">    <div class=\"p-section\">        <br>        当年珠江边上的小吃老字号，如今是只能挥泪说“爱过”，还是仍可执子之手，与子同食？<br>        企鹅君不畏炎夏露肉的残酷，捧着圆滚滚的肚子为你亲测了广州30家小吃老字号！<br>        &nbsp;<br>        远离网骗，觅食更精彩。<br>        &nbsp;<br>    </div></div><div class=\"f-block\" id=\"_j_paragraph_1\"><h2>一｜肠粉类</h2></div><div class=\"f-block\">    <div class=\"p-section\">        How&nbsp;to&nbsp;be&nbsp;a&nbsp;好肠粉<br>        &nbsp;<br>        制作一碟成功的肠粉，关键是米浆、蒸拉以及酱汁<br>        。<br>        米浆准备功夫繁琐，米要提前浸泡，水与米的比例适当，太稠则蒸熟后过硬，过稀则蒸不成形。蒸拉时时间要把握好，过久了会“削”，吃起来粘口。<br>        最后淋上特调的酱油，方能大功告成。<br>        评测标准<br>    </div></div><div class=\"f-block\">    <img class=\"_j_lazyload\" style=\"height: 112px; width: 680px; background: rgb(252, 242, 220); display: block;\"         src=\"/wKgIDlz4r_yAbk7_AABUaDwmCII495.png\">    <span class=\"img-an\">                                    </span></div><div class=\"f-block\" id=\"_j_paragraph_2\"><h3>测评店家｜银记肠粉 / 新联肠粉店</h3></div><div class=\"f-block\">    <img class=\"_j_lazyload\" style=\"height: 236px; width: 680px; background: rgb(252, 242, 220); display: block;\"         src=\"/wKgIDlz4r_yAfMciAAPD_i35MTk59.jpeg\">    <span class=\"img-an\">                                    </span></div><div class=\"f-block\">    <div class=\"p-section\">        银记肠粉（总店）    </div></div><div class=\"f-block raiders clearfix\">    <a href=\"http://m.mafengwo.cn/nb/public/sharejump.php?type=3&amp;id=5140880&amp;poi_type_id=1\" target=\"_blank\"       class=\"_j_quote_guide\" data-title=\"银记肠粉(文昌北路店)\" data-id=\"5140880\" data-type=\"2\">        <div class=\"img\"><img                src=\"/wKgB4lNvTxaAGz3JABwspOxFk-c63.jpeg\">        </div>        <div class=\"info view_poi_info\">            <h2>银记肠粉(文昌北路店)</h2>            <p style=\"max-height: 81px;line-height: 21px;\">                银记豉油皇牛肠是由解放初期的吴银师傅所创，她得名师传授，用精制大米磨成米浆，蒸制成拉肠粉，用新鲜牛肉配以姜计、白酒、生抽、生油、麻油、味粉、糖、盐、胡椒粉等调料作馅，再浇上特级生油、猪油、生抽、味精、糖、开水、枧水配制的酱油，就制成香浓爽滑、白如雪、薄如纸的可口肠粉，深受食客欢迎。早在50年代已驰名广州，成为妇孺皆知的西关名小食。1983年还获“广州名小食”称号。</p>        </div>    </a></div><div class=\"f-block\">    <img class=\"_j_lazyload\" style=\"height: 453px; width: 680px; background: rgb(252, 242, 220); display: block;\"         src=\"/wKgIDVz4r_yAN4DmAAEVRLLKsNY28.jpeg\">    <span class=\"img-an\"></span></div><div class=\"f-block\">    <div class=\"p-section\">        提起广州肠粉老字号，无论是本地人或是外地朋友，都会立即浮现出“银记肠粉”四个大字。<br>        银记肠粉不仅历史悠久（创建于上世纪50年代），驰名省港澳，得到蔡澜先生亲笔题字“以肠为王”外，其连锁餐饮发展也十分蓬勃壮大，堪称广州老字号界的7-11——无论走到哪，总有一间在你附近。<br>    </div></div><div class=\"f-block\">    <img class=\"_j_lazyload\" style=\"height: 453px; width: 680px; background: rgb(252, 242, 220); display: block;\"         src=\"/wKgIDlz4r_yAatQYAADzCEy4BPw31.jpeg\">    <span class=\"img-an\">                                    </span></div><div class=\"f-block\">    <div class=\"p-section\">        当老字号遇上连锁，味道还能有保证吗？<br>        一碟基本款瘦肉肠粉，卖相还算饱满滑亮，肉眼就能较为清晰地看出内里馅料乾坤。细细用筷子拉起长长一段粉皮，水米交合的滑腻小身板虽毫无骨气，但仍能牢牢凌空“站”稳，随意抖动，韧性不错。<br>        再用手机打灯一照，哟，还蛮白里透光。<br>    </div></div><div class=\"f-block\">    <img class=\"_j_lazyload\" style=\"height: 453px; width: 680px; background: rgb(252, 242, 220); display: block;\"         src=\"/wKgIDVz4r_2ALx7QAABewNRoIi015.jpeg\">    <span class=\"img-an\">                                    </span></div>');
INSERT INTO `strategy_content` VALUES (4, '<div class=\"f-block\">        <div class=\"p-section\">            <b>这是一个悲伤的故事&nbsp;&nbsp;</b><br>            <b>那天，我约瞎瞎出来吃饭……</b><br>        </div>    </div>    <div class=\"f-block\">        <img class=\"_j_lazyload\" style=\"height: 456px; width: 300px; background: rgb(252, 242, 220); display: block;\"             src=\"/wKgEaVx8uv6ARQ6aABpKSTpvsw4198.gif\">        <span class=\"img-an\">                                    </span>    </div>    <div class=\"f-block\">        <div class=\"p-section\">            <b>想给她一个惊喜！</b><br>        </div>    </div>    <div class=\"f-block\">        <img class=\"_j_lazyload\" style=\"height: 279px; width: 495px; background: rgb(252, 242, 220); display: block;\"             src=\"/wKgEaVx8uv-AIe3KAB2T6Tpw3_Y055.gif\">        <span class=\"img-an\">                                    </span>    </div>    <div class=\"f-block\">        <img class=\"_j_lazyload\" style=\"height: 338px; width: 600px; background: rgb(252, 242, 220); display: block;\"             src=\"/wKgEaVx8uwGAA40cABRqi3qJeRM459.gif\">        <span class=\"img-an\">                                    </span>    </div>    <div class=\"f-block\">        <div class=\"p-section\">            <b>瞎瞎来坐了半分钟，却弃我而去！</b><br>        </div>    </div>    <div class=\"f-block\">        <img class=\"_j_lazyload\" style=\"height: 310px; width: 550px; background: rgb(252, 242, 220); display: block;\"             src=\"/wKgEaVx8uwGAQTUOACDbaH9Ai_4869.gif\">        <span class=\"img-an\">                                    </span>    </div>    <div class=\"f-block\">        <div class=\"p-section\">            &nbsp;剩我独自一人&nbsp;<br>            &nbsp;挑战1%的广州人才敢吃的虫！&nbsp;<br>            提示：前方高能，胆小勿入！<br>            <br>            1<br>        </div>    </div>    <div class=\"f-block\">        <img class=\"_j_lazyload\" style=\"height: 853px; width: 640px; background: rgb(252, 242, 220); display: block;\"             src=\"/wKgEaVx8uwKAAb80ABQQ4D3Ljq4602.gif\">        <span class=\"img-an\">                                    </span>    </div>    <div class=\"f-block\">        <div class=\"p-section\">            <b>虫虫惊喜</b><br>        </div>    </div>    <div class=\"f-block\">        <div class=\"p-section\">            一口气吃掉5种虫是怎样一种感受？<br>            差点被吓到尿裤子！！！<br>        </div>    </div>    <div class=\"f-block\">        <img class=\"_j_lazyload\" style=\"height: 394px; width: 350px; background: rgb(252, 242, 220); display: block;\"             src=\"/wKgEaVx8uwSAbnSUABwU13-fABo285.gif\">        <span class=\"img-an\">                                    </span>    </div>    <div class=\"f-block\">        <div class=\"p-section\">            吃虫大法好，一盘菜就装了5种昆虫，<b>竹虫</b>、<b>蚕蛹</b>、<b>金龟子</b>、<b>炸蚱蜢</b>，连我们常见的<b>蜜蜂</b>都有！<br>        </div>    </div>    <div class=\"f-block\">        <div class=\"p-section\">            emmmmmm……，老板，吃了会“中毒”吗？<br>        </div>    </div>    <div class=\"f-block\">        <img class=\"_j_lazyload\" style=\"height: 1019px; width: 680px; background: rgb(252, 242, 220); display: block;\"             src=\"/wKgEaVx8uwSAcO5nAAOLl-Y0WHc41.jpeg\">        <span class=\"img-an\">                                    </span>    </div>    <div class=\"f-block\" id=\"_j_paragraph_1\"><h2>竹虫</h2></div>    <div class=\"f-block\">        <div class=\"p-section\">            简直可怕！一只不到4厘米的幼虫，<b>连眼睛、触角都看得一清二楚！</b><br>        </div>    </div>    <div class=\"f-block\">        <img class=\"_j_lazyload\" style=\"height: 452px; width: 680px; background: rgb(252, 242, 220); display: block;\"             src=\"/wKgEaVx8uwWAJgAPAAFxN4kBRGs53.jpeg\">        <span class=\"img-an\">                                    </span>    </div>    <div class=\"f-block\">        <img class=\"_j_lazyload\" style=\"height: 1020px; width: 680px; background: rgb(252, 242, 220); display: block;\"             src=\"/wKgEaVx8uwWAbGilAAGjITKLGWA85.jpeg\">        <span class=\"img-an\">                                    </span>    </div>    <div class=\"f-block\">        <div class=\"p-section\">            这<b>线条感</b>，这<b>颜色</b>，这<b>大小</b>，诶诶我怎么感觉还活着呢？（<br>        </div>    </div>    <div class=\"f-block\">        <div class=\"p-section\">            放心，都已经被炸干了）<br>        </div>    </div>    <div class=\"f-block\">        <img class=\"_j_lazyload\" style=\"height: 452px; width: 680px; background: rgb(252, 242, 220); display: block;\"             src=\"/wKgEaVx8uwWAbGwmAADlkxArSqw97.jpeg\">        <span class=\"img-an\">                                    </span>    </div>    <div class=\"f-block\">        <div class=\"p-section\">            鼓起勇气，大仙决定冒着“生命”危险吃掉<b>人生第一条竹虫！</b><br>        </div>    </div>    <div class=\"f-block\">        <img class=\"_j_lazyload\" style=\"height: 382px; width: 600px; background: rgb(252, 242, 220); display: block;\"             src=\"/wKgEaVx8uwaAJ17BAA_SMtWHHZg290.gif\">        <span class=\"img-an\">                                    </span>    </div>    <div class=\"f-block\">        <div class=\"p-section\">            竹虫从小吃竹子长大，据说吃起来会有一种竹子的清香。<br>        </div>    </div>    <div class=\"f-block\">        <div class=\"p-section\">            but大仙亲测发现，整个菜品的味道全被油的<b>焦香</b>占据，<b>口感香脆</b>，哪有什么竹子味。<br>        </div>    </div>    <div class=\"f-block\">        <img class=\"_j_lazyload\" style=\"height: 338px; width: 600px; background: rgb(252, 242, 220); display: block;\"             src=\"/wKgEaVx8uwiAIdYRAB5UIoZebJ4042.gif\">        <span class=\"img-an\">                                    </span>    </div>    <div class=\"f-block\" id=\"_j_paragraph_2\"><h2>蚕蛹</h2></div>    <div class=\"f-block\">        <div class=\"p-section\">            这个<b>胖乎乎</b>的身躯就是蚕蛹，光1只的宽度就相当于三条竹虫了。<br>        </div>    </div>    <div class=\"f-block\">        <div class=\"p-section\">            颜色还有点好看，我竟然迸发了食欲？！<br>        </div>    </div>    <div class=\"f-block\">        <img class=\"_j_lazyload\" style=\"height: 1019px; width: 680px; background: rgb(252, 242, 220); display: block;\"             src=\"/wKgEaVx8uwiAN3GQAAKmSNJ7c9s47.jpeg\">        <span class=\"img-an\">                                    </span>    </div>    <div class=\"f-block\">        <img class=\"_j_lazyload\" style=\"height: 1020px; width: 680px; background: rgb(252, 242, 220); display: block;\"             src=\"/wKgEaVx8uwmAJ9e0AAGndmVmj9o02.jpeg\">        <span class=\"img-an\">                                    </span>    </div>    <div class=\"f-block\">        <div class=\"p-section\">            蚕蛹里面是白色的物质，一口一个，一不小心还会<b>“爆浆”</b>，满口都是<b>蛋白质</b>！可别小看这货，蚕蛹内的药理学活性物质，可有效提高人体免疫力、延缓衰老。<br>        </div>    </div>    <div class=\"f-block\">        <img class=\"_j_lazyload\" style=\"height: 570px; width: 400px; background: rgb(252, 242, 220); display: block;\"             src=\"/wKgEaVx8uwqAfRWcABrfqZltZwc768.gif\">        <span class=\"img-an\">                                    </span>    </div>    <div class=\"f-block\" id=\"_j_paragraph_3\"><h2>金龟子</h2></div>    <div class=\"f-block\">        <div class=\"p-section\">            五种昆虫里<b>最硬、最重口味</b>的就是金龟子，它的硬度和油炸的花生有得一比！<br>        </div>    </div>    <div class=\"f-block\">        <img class=\"_j_lazyload\" style=\"height: 1019px; width: 680px; background: rgb(252, 242, 220); display: block;\"             src=\"/wKgEaVx8uwqAc0nqAAKMCYgYStA64.jpeg\">        <span class=\"img-an\">                                    </span>    </div>    <div class=\"f-block\">        <div class=\"p-section\">            外壳比较厚，一口咬下去还能听见翅膀断裂的声音。口味香酥，肚子里不像蚕蛹，没有什么能吃的肉，大概吃的是它的<b>壳</b>和<b>肚子里的卵</b>。<br>        </div>    </div>    <div class=\"f-block\" id=\"_j_paragraph_4\"><h2>炸蚱蜢</h2></div>    <div class=\"f-block\">        <div class=\"p-section\">            小时候和表哥表姐一起玩，最怀念夏天的时候一起看萤火虫、抓蚱蜢的日子。<br>            抓一小罐，用油炸到金黄了出锅，整个厨房都是焦香。后来整个院子的小伙伴纷纷加入我们的行列！<br>        </div>    </div>    <div class=\"f-block\">        <img class=\"_j_lazyload\" style=\"height: 1019px; width: 680px; background: rgb(252, 242, 220); display: block;\"             src=\"/wKgEaVx8uw2ALrHbAAMyONPlmWI47.jpeg\">        <span class=\"img-an\">                                    </span>    </div>    <div class=\"f-block\">        <div class=\"p-section\">            这份炸蚱蜢，是5种虫里<b>最惹味</b>的！吃到嘴里能嚼到头部的肉，椒盐味越吃越香~~~<br>        </div>    </div>    <div class=\"f-block\">        <img class=\"_j_lazyload\" style=\"height: 452px; width: 680px; background: rgb(252, 242, 220); display: block;\"             src=\"/wKgEaVx8uw2AdzjbAAFFJl_AnZ092.jpeg\">        <span class=\"img-an\">                                    </span>    </div>    <div class=\"f-block\">        <div class=\"p-section\">            它的翅膀太薄，已经被炸飞了一只，<b>鼓起的眼睛</b>依然可以看清。<br>        </div>    </div>    <div class=\"f-block\">        <img class=\"_j_lazyload\" style=\"height: 452px; width: 680px; background: rgb(252, 242, 220); display: block;\"             src=\"/wKgEaVx8uw2ACuRQAADed-pYnpA29.jpeg\">        <span class=\"img-an\">                                    </span>    </div>');
INSERT INTO `strategy_content` VALUES (5, '<div class=\"f-block\">        <div class=\"p-section\">            上海素有“魔都”之称，一直是国内繁华都市的代表。根据马蜂窝用户出行数据，以下是最受欢迎的10个上海景点。这些景点是上海的城市精华，适合初次造访想要打卡景点的游客。        </div>    </div>    <div class=\"f-block\">        <div class=\"p-section\">            上海便捷的公共交通可以保证游客轻松往来于城区内的各处景点。以外滩沿线为中心，游客可一同造访<a                href=\"http://m.mafengwo.cn/nb/public/sharejump.php?type=103&amp;video_id=453452&amp;album_id=album_594\"                rel=\"nofollow\" target=\"_blank\">南京路</a>步行街、陆家嘴、<a                href=\"http://m.mafengwo.cn/nb/public/sharejump.php?type=103&amp;video_id=381284&amp;album_id=album_594\"                rel=\"nofollow\" target=\"_blank\">城隍庙</a>、人民广场等上海代表景点。<a                href=\"http://m.mafengwo.cn/nb/public/sharejump.php?type=103&amp;video_id=179087&amp;album_id=album_594\"                rel=\"nofollow\" target=\"_blank\">迪士尼乐园</a>距离市区较远，客流量较大，最好单放一天游玩。        </div>    </div>    <div class=\"f-block\" id=\"_j_paragraph_1\"><h2>外滩</h2></div>    <div class=\"f-block\">        <img class=\"_j_lazyload\" style=\"height: 454px; width: 680px; background: rgb(252, 242, 220); display: block;\"             src=\"/wKgB4lMdHmSAPOEcAAfE1QOwzZc15.jpeg\">        <span class=\"img-an\">                                            图：外滩的万国建筑群。By 不系舟不停港                                    </span>    </div>    <div class=\"f-block\">        <div class=\"p-section\">            <a href=\"http://m.mafengwo.cn/nb/public/sharejump.php?type=103&amp;video_id=123829&amp;album_id=album_594\"               rel=\"nofollow\" target=\"_blank\">外滩</a>是近代上海城市的起点，也收录着整座城市的精华。自1843年上海开埠（通商）以来，这里便成为了整座城市中最繁华的区域，时至今日。沿着宽阔的<a                href=\"http://m.mafengwo.cn/nb/public/sharejump.php?type=103&amp;video_id=441788&amp;album_id=album_594\"                rel=\"nofollow\" target=\"_blank\">黄埔江</a>，外滩一侧百年历史的万国建筑与对岸<a                href=\"http://m.mafengwo.cn/nb/public/sharejump.php?type=103&amp;video_id=441822&amp;album_id=album_594\"                rel=\"nofollow\" target=\"_blank\">陆家嘴</a>的新型都市交相辉映，转眼间展现着上海的过往与繁华。        </div>    </div>    <div class=\"f-block\">        <img class=\"_j_lazyload\" style=\"height: 451px; width: 680px; background: rgb(252, 242, 220); display: block;\"             src=\"/wKgBEFqTdzWAbU4YAAS_cewWr2A38.jpeg\">        <span class=\"img-an\">                                            图：外滩看到的陆家嘴风景。 by 鱼摆摆                                    </span>    </div>    <div class=\"f-block\" id=\"_j_paragraph_2\"><h3>游览方式推荐</h3></div>    <div class=\"f-block\">        <div class=\"p-section\">            <b>漫步外滩</b>        </div>    </div>    <div class=\"f-block\">        <div class=\"p-section\">            大多数游客都会选择在外滩一侧赏景，因为这一侧可以拍到对岸陆家嘴鳞次栉比的摩天大楼，也是外滩标志性的取景区域。        </div>    </div>    <div class=\"f-block\">        <div class=\"p-section\">            <b>渡轮夜赏</b>        </div>    </div>    <div class=\"f-block\">        <div class=\"p-section\">            外滩的渡轮分为两种，一种为从外滩往返对岸陆家嘴的跨江渡轮，一种为历时一个小时的游客观光渡轮。        </div>    </div>    <div class=\"f-block\">        <div class=\"p-section\">            <b>跨江渡轮：</b>跨江渡轮从外滩的金陵东渡码头购票登船，船票价格为2元，历时10分钟左右，将游客送至对岸的陆家嘴。        </div>    </div>    <div class=\"f-block\">        <div class=\"p-section\">            <b>观光渡轮：</b>观光渡轮从外滩的十六铺码头购票登船，票价从80-150元不等，区别在于是否含餐及赏景座位的区域。        </div>    </div>    <div class=\"f-block\">        <div class=\"p-section\">            <b>观景台俯瞰</b>        </div>    </div>    <div class=\"f-block\">        <div class=\"p-section\">            在陆家嘴，有很多设有观景台的摩天大楼。这些观景台普遍位于百米高处，可从高空俯瞰外滩景致。设有观景台的摩天大楼包括&nbsp;<a                href=\"http://m.mafengwo.cn/nb/public/sharejump.php?type=103&amp;video_id=441781&amp;album_id=album_594\"                rel=\"nofollow\" target=\"_blank\">东方明珠</a>、上海<a                href=\"http://m.mafengwo.cn/nb/public/sharejump.php?type=103&amp;video_id=458325&amp;album_id=album_594\"                rel=\"nofollow\" target=\"_blank\">金茂大厦</a>、环球金融中心、上海中心大厦。这其中最高的观景台位于上海中心大厦内，高546米。上海金茂大厦在340米处设有室外空中步道，百米高空的室外坐在摩天大楼的边缘想必会是场难忘的体验。        </div>    </div>    <div class=\"f-block\">        <div class=\"p-section\">            <b>露台餐厅、酒吧</b>        </div>    </div>    <div class=\"f-block\">        <div class=\"p-section\">            在外滩一侧的欧式建筑顶端有很多高端餐厅及酒吧，这些地方是远离拥挤人群的最佳去处，同时还为你营造出一片欣赏陆家嘴景致的绝佳区域。餐厅的价格不菲、人均在人民币300+。        </div>    </div>    <div class=\"f-block\">        <div class=\"p-section\">            <b>人气露台餐厅</b>        </div>    </div>    <div class=\"f-block\">        <ul>            <li>New Heights 新视角（西餐厅）</li>            <li>House of Roosevelt（烧烤餐厅）</li>            <li>M ON THE BUND（以欧洲菜为主）</li>            <li>deCanto（意大利餐厅）</li>            <li>Bar Rouge（露台酒吧）</li>        </ul>    </div>    <div class=\"f-block\" id=\"_j_paragraph_3\"><h3>周边顺道游</h3></div>    <div class=\"f-block\">        <div class=\"p-section\">            外滩步行即可到达南京路步行街、<a                href=\"http://m.mafengwo.cn/nb/public/sharejump.php?type=103&amp;video_id=381284&amp;album_id=album_594\"                rel=\"nofollow\" target=\"_blank\">城隍庙</a>、<a                href=\"http://m.mafengwo.cn/nb/public/sharejump.php?type=103&amp;video_id=454687&amp;album_id=album_594\"                rel=\"nofollow\" target=\"_blank\">豫园</a>等景点。还可以顺路去陆家嘴的上海迪士尼旗舰店逛逛，哪怕是不去<a                href=\"http://m.mafengwo.cn/nb/public/sharejump.php?type=103&amp;video_id=179087&amp;album_id=album_594\"                rel=\"nofollow\" target=\"_blank\">迪士尼乐园</a>，也可以在这里买到正版迪士尼纪念品。        </div>    </div>    <div class=\"f-block\">        <div class=\"p-section\">            <b>更多外滩资讯请点击：</b>        </div>    </div>    <div class=\"f-block raiders clearfix\">        <a href=\"https://m.mafengwo.cn/nb/public/sharejump.php?type=3&amp;id=5504076&amp;poi_type_id=3\" target=\"_blank\"           class=\"_j_quote_guide\" data-title=\"外滩\" data-id=\"5504076\" data-type=\"2\">            <div class=\"img\"><img                    src=\"/wKgB4lJ1MdWABIHAAAysp_8i80o98.jpeg\">            </div>            <div class=\"info view_poi_info\">                <h2>外滩</h2>                <p style=\"max-height: 81px;line-height: 21px;\">·位于上海市中心黄浦区的黄浦江畔，是最具上海城市象征意义的景点之一。                    ·长1.5公里，由南向北漫步，左手边是宽阔的中山东一路，路边一字排开着数十栋风格迥异的外国建筑。                    ·紧靠上海的母亲河—黄浦江，江上巨轮穿梭，江对岸则矗立着金茂大厦、环球金融中心等摩天建筑。                    ·夜晚，浦江两岸霓虹齐放，适合与爱人漫步在外滩，感受着“不夜城”的韵味与浪漫。</p>            </div>        </a>    </div>    <div class=\"f-block\" id=\"_j_paragraph_4\"><h2>南京路步行街</h2></div>    <div class=\"f-block\">        <img class=\"_j_lazyload\" style=\"height:453px;width:680px;background:#FCF2DC\"             src=\"/wKgB4lM5neyAfjmVAA9Teswthmc34.jpeg\">        <span class=\"img-an\">                                            图：上海历史最悠久的商业街。By 背包走天涯                                    </span>    </div>    <div class=\"f-block\">        <div class=\"p-section\">            <a href=\"http://m.mafengwo.cn/nb/public/sharejump.php?type=103&amp;video_id=453452&amp;album_id=album_594\"               rel=\"nofollow\" target=\"_blank\">南京路</a>步行街紧邻<a                href=\"http://m.mafengwo.cn/nb/public/sharejump.php?type=103&amp;video_id=123829&amp;album_id=album_594\"                rel=\"nofollow\" target=\"_blank\">外滩</a>，是上海最繁华、游客最多的老牌商业街。步行街西起人民广场、东至上海外滩。长1.2公里的距离，汇集了上海百年老字号餐厅、商铺及各大当代潮流品牌商厦。即使身为“老牌”、“游客多”的商业街，南京路仍然值得购物爱好者一去。        </div>    </div>    <div class=\"f-block\">        <img class=\"_j_lazyload\" style=\"height:453px;width:680px;background:#FCF2DC\"             src=\"/wKgBEFqTegaAGG-GAAgeDCxhmAQ61.jpeg\">        <span class=\"img-an\">                                             by 小卢澄子                                    </span>    </div>    <div class=\"f-block\">        <div class=\"p-section\">            游客在这里可以逛到亚洲最大的<b>MM豆旗舰店</b>，也可以在百年的上海<b>第一食品铺</b>里买些上海特产。上海繁华中沉淀的新与旧，都被展现在了这条历经岁月的购物街中，等待你的发现。        </div>    </div>    <div class=\"f-block\" id=\"_j_paragraph_5\"><h3>老字号美食餐厅</h3></div>    <div class=\"f-block\">        <ul>            <li>第一食品店（特产小吃）</li>            <li>沈大成（本帮菜）</li>            <li>泰康食品（鲜肉月饼、老酸奶）</li>            <li>老半斋（刀鱼面）</li>            <li>舒蔡记（咸肉菜饭、生煎）</li>        </ul>    </div>    <div class=\"f-block\">        <div class=\"p-section\">            <b>更多南京路步行街资讯请点击：</b>        </div>    </div>    <div class=\"f-block raiders clearfix\">        <a href=\"https://m.mafengwo.cn/nb/public/sharejump.php?type=3&amp;id=4978&amp;poi_type_id=3\" target=\"_blank\"           class=\"_j_quote_guide\" data-title=\"南京路步行街\" data-id=\"4978\" data-type=\"2\">            <div class=\"img\"><img                    src=\"/wKgBEFtkT3WAWNHLAASGIzip98E36.jpeg\">            </div>            <div class=\"info view_poi_info\">                <h2>南京路步行街</h2>                <p style=\"max-height: 81px;line-height: 21px;\">·全国十大著名步行街之一，是上海开埠后最早建立的一条商业街。                    ·这里是百货公司的聚集地，商品类目齐全，是购物者的天堂。                    ·随处可见富有创意的城市雕塑，街中央还有大量椅子供游客小坐，文艺时尚气息十足。                    ·南京路步行街上，可以看到像缩小版旧式电车的铛铛车穿梭往来，很有老上海的味道，不妨体验一下。</p>            </div>        </a>    </div>    <div class=\"f-block\" id=\"_j_paragraph_6\"><h2>上海迪士尼乐园</h2></div>    <div class=\"f-block\">        <img class=\"_j_lazyload\" style=\"height:453px;width:680px;background:#FCF2DC\"             src=\"/wKgBZ1lA6N2AZLLOAAKc0m-n61w02.jpeg\">        <span class=\"img-an\">                                            图：迪士尼乐园城堡。by 希 ..❤                                    </span>    </div>    <div class=\"f-block\">        <div class=\"p-section\">            作为中国大陆第一座超人气乐园，上海<a                href=\"http://m.mafengwo.cn/nb/public/sharejump.php?type=103&amp;video_id=179087&amp;album_id=album_594\"                rel=\"nofollow\" target=\"_blank\">迪士尼乐园</a>在国内掀起了一波乐园狂潮。这座让人向往的“梦幻世界”，如今就开在家门口。园内不仅保留了经典的童话风格，还融入了更多的中国元素，中国公主花木兰的花车、十二生肖纪念墙壁及园林庭院式的漫月轩餐厅都领这里别具一格。乐园中的大部分项目都为“量身”打造，唯上海迪士尼独有。        </div>    </div>    <div class=\"f-block\" id=\"_j_paragraph_7\"><h3>推荐游玩时间</h3></div>    <div class=\"f-block\">        <div class=\"p-section\">            上海迪士尼开业一年有余，但依旧人气不减。相比一周来讲，每周三、四的客流量最少。最好可以避开十一等法定节假日，节日期间不光游客激增，还有可能因当日门票售罄而买不到票。        </div>    </div>    <div class=\"f-block\" id=\"_j_paragraph_8\"><h3>门票价格</h3></div>    <div class=\"f-block\">        <div class=\"p-section\">            门票分平日票和高峰日票两种。平日票适用于周一至周五。高峰日票适用于周末、节假日、暑期（7—8月）。        </div>    </div>    <div class=\"f-block\">        <div class=\"p-section\">            玩两天的游客可以买两日联票，价格在两天单日门票基础上打95折。        </div>    </div>    <div class=\"f-block\">        <div class=\"p-section\">            <b>优惠票适用范围</b>        </div>    </div>    <div class=\"f-block\">        <div class=\"p-section\">            老年人：65周岁以上<br>            儿童：身高1-1.4米（含）<br>            残障游客：需提供残障证明<br>            婴幼儿：1米及以下        </div>    </div>    <div class=\"f-block\" id=\"_j_paragraph_9\"><h3>营业时间</h3></div>    <div class=\"f-block\">        <div class=\"p-section\">            9:00-20:00<br>            暑期及十一等出行旺季，乐园闭园时间会顺延至22:00。具体当日营业时间游客可参考乐园官网。        </div>    </div>    <div class=\"f-block\">        <div class=\"p-section\">            <a href=\"https://www.shanghaidisneyresort.com/\" rel=\"nofollow\" target=\"_blank\">上海迪士尼乐园官网入口</a>**        </div>    </div>    <div class=\"f-block\" id=\"_j_paragraph_10\"><h3>到达方式</h3></div>    <div class=\"f-block\">        <div class=\"p-section\">            最便捷的方式是搭乘地铁11号线，坐到终点&nbsp;<b>迪士尼站</b>&nbsp;出站步行5分钟即到迪士尼乐园。要注意的是迪士尼站发出的末班时间为22:30分。        </div>    </div>    <div class=\"f-block\">        <div class=\"p-section\">            乐园还在<b>上海火车站、上海火车南站、虹桥枢纽站、浦东机场</b>设有乐园快线巴士，游客可直接下火车、飞机后搭乘快线前往迪士尼乐园。        </div>    </div>    <div class=\"f-block\" id=\"_j_paragraph_11\"><h3>人气项目</h3></div>    <div class=\"f-block\">        <div class=\"p-section\">            这些热门项目排队大多要超过1个小时，部门项目旺季等候时间甚至超过2小时。如果游客时间优先，可以考虑优先玩这些热门项目。        </div>    </div>    <div class=\"f-block\">        <div class=\"p-section\">            <b>创极速光轮：</b>全球首发的弹射式摩托过山车，融入《创战纪》电影元素。<br>            <b>加勒比海盗—沉落宝藏之战：</b>融合全球顶尖船载系统的探险项目，仿佛进入加勒比海盗的远海之战。<br>            <b>翱翔·飞跃地平线：</b>身临其境的4D飞行影院。<br>            <b>七个小矮人矿车：</b>车体会随着轨道摇摆的家庭式过山车项目。<br>            <b>雷鸣山漂流：</b>激流勇进，会溅湿衣物，夏季游玩大热门。        </div>    </div>    <div class=\"f-block\" id=\"_j_paragraph_12\"><h3>必看表演：</h3></div>    <div class=\"f-block\">        <div class=\"p-section\">            米奇童话专列（日间巡游）<br>            点亮奇梦：夜光幻影秀（夜间烟火）        </div>    </div>    <div class=\"f-block\">        <div class=\"p-section\">            <a href=\"http://m.mafengwo.cn/nb/public/sharejump.php?type=1&amp;id=761&amp;chapter=1\" rel=\"nofollow\"               target=\"_blank\">乐园省时排队技巧请参考马蜂窝上迪官方攻略</a>        </div>    </div>    <div class=\"f-block raiders clearfix\">        <a href=\"https://m.mafengwo.cn/nb/public/sharejump.php?type=3&amp;id=6102028&amp;poi_type_id=3\" target=\"_blank\"           class=\"_j_quote_guide\" data-title=\"上海迪士尼乐园\" data-id=\"6102028\" data-type=\"2\">            <div class=\"img\"><img                    src=\"/wKgBEFtRWgOAL6CtAAhBG3gnnaM20.jpeg\">            </div>            <div class=\"info view_poi_info\">                <h2>上海迪士尼乐园</h2>                <p style=\"max-height: 81px;line-height: 21px;\">·上海迪士尼乐园是中国内地首座迪士尼主题乐园，欢迎来到一个前所未见的神奇世界。                    ·乐园分为米奇大街、奇想花园、梦幻世界、探险岛、宝藏湾、明日世界和迪士尼·皮克斯玩具总动员七大主题园区。                    ·乐园内拥有世界上最大的迪士尼城堡“奇幻童话城堡”，游客可以在乐园内与众多迪士尼朋友互动，感受独特的沉浸式体验。                    ·建议提前下载上海迪士尼度假区官方APP，查看乐园地图、等候时间、项目及演出时间、领取FP等。</p>            </div>        </a>    </div>');
INSERT INTO `strategy_content` VALUES (6, '<div class=\"f-block\">        <div class=\"p-section\">            买了两次迪士尼季卡，N刷迪士尼，迪士尼迷妹为大家总结的一份上海迪士尼攻略。<br>            <br>            先发一些照片预览<br>        </div>    </div>    <div class=\"f-block\">        <img class=\"_j_lazyload\" style=\"height: 453px; width: 680px; background: rgb(252, 242, 220); display: block;\"             src=\"/wKgED1wKeeKASc7SAADlnHTqHMk69.jpeg\">        <span class=\"img-an\">                                    </span>    </div>    <div class=\"f-block\" id=\"_j_paragraph_1\"><h2>出发前的准备&amp;TIP</h2></div>    <div class=\"f-block\">        <div class=\"p-section\">            *&nbsp;<b>APP</b>：<b>迪士尼度假区</b>：查看地图、排队时间、取快速通行证、餐饮介绍等非常齐全。一定要提前下载到手机上哦。乐拍通：用于查看乐园内摄影师拍的照片，不过下载或冲印照片都是收费的。<br>            *&nbsp;<b>购票</b>：<b>提前在网上买好票</b>，可以节省买门票排队的时间，高峰票（暑假、周末和大部分节假日）575元、假期高峰票（国庆和春节）665元&nbsp;、平日票399元&nbsp;。淘宝携程等购买会稍微便宜一点，带餐券和小食的套票也挺好的。进入园区时可以刷身份证进&nbsp;入，进入时工作人员会给你一张实体票。餐券在通过安检后右手边的游客服务中心兑换。<br>            *&nbsp;<b>出发前准备</b>：<b>身份证、充电宝、遮阳伞防晒霜、雨衣</b>（玩雷鸣山漂流需要）、未开封饮料或水杯（水杯注意不可以是玻璃杯，园内买水矿泉水10元/瓶）、（不可以带吃的）<br>            <b>*&nbsp;</b>当天会在园区里走很多圈，基本上能走到2万步，建议<b>穿较舒适的运动鞋</b>，做好长时间步行和站立的心理准备。<br>            <b>*&nbsp;</b><b>交通</b>：来迪士尼可以<b>坐&nbsp;11&nbsp;号线直达迪士尼站</b>，出站后步行约5分钟到乐园。<br>            <b>*&nbsp;停车</b>：开车的话一共7个停车场(迪士尼停车场，申迪P1-P6停车场)，<b>推荐P6和迪士尼停车场</b><br>            迪士尼停车场：先付费再停车，13点前100元/次，13点后30元/次，离度假区高架路及园区都最近。<br>            申迪P5/P6：先停车再付费，20分钟内免费，超过20分钟60元封顶，P6离园区的距离和官方停车场差不多。<br>            申迪P1/P2/P3/P4：先停车再付费，10元/小时，80元封顶。<br>            <b>*&nbsp;</b><b>住宿</b>：可以住上海迪士尼乐园酒店或玩具总动员酒店，价格较贵，想更经济一点的可以选11号线康新公路或秀沿路站附近的酒店或民宿。<br>            <b>*&nbsp;</b>第一道门排队安检大概需要排半个小时，第二道门刷身份证火门票入园，<b>入园时记得领取‘’乐园指南“和”时间表”。</b><br>            <b>*&nbsp;</b>想充分玩项目的，<b>请一定一定要早到</b>，实际开门时间可能会比官方写的早一点，安检排队需要约30分钟，8点开园的话建议7:20到。人最少的一定是早上，很多热门项目早上都不怎么排队，午饭、晚饭、巡游、烟花时间也都是排队相对较少的时段，这个时间去热门项目，排队时间可以有所缩短。晚上烟火结束后，如果还没闭园的话可以再去刷一遍喜欢的项目哦，这时排队很快。<br>            <b>*&nbsp;</b>带着孩子的朋友注意，身高超过&nbsp;122&nbsp;CM&nbsp;的小朋友，才可以玩园内所有项目，建议家长先仔细查看乐园指南上的限高说明或项目附近的限高标志。<br>            <b>*&nbsp;</b>迪士尼乐园提供童车和轮椅租赁服务，就在入园大门左手边的位置。童车租赁费用为&nbsp;70&nbsp;元/天。<br>            <b>*&nbsp;</b>排队过程中如需上厕所可问工作人员要排队卡<br>            <br>            <br>        </div>    </div>    <div class=\"f-block\" id=\"_j_paragraph_2\"><h2>快速通行证、单人通道</h2></div>    <div class=\"f-block\">        <div class=\"p-section\">            去迪士尼都排队是不可避免的，而能减少的排队的神器就是快速通行证与单人通道。<br>            <br>            <br>            <b>Fast&nbsp;Pass</b><b>快速通行证&nbsp;</b><br>            简称FP，园区内有七个项目可以取FP卡，在<b>迪士尼度假区APP上扫描门票二维码后可获取。</b><br>            <b>*&nbsp;</b>每<b>间隔2小时可以取一次</b>。<br>            <b>*&nbsp;</b>热门程度：排队时间的随着时节变化不同，只是作为一个大概的参考。<br>            飞跃地平线：最最最热门的项目，FP卡在9:00左右领取完毕，排队约60～150分钟。<br>            雷鸣山漂流：FP卡在12:00左右领取完毕，排队约30～90分钟。<br>            七个小矮人矿山飞车：FP卡在11:00左右就领取完毕，排队约60～120分钟。<br>            创极速光轮：FP卡在12:00左右就领取完毕，排队约在20～90分钟。<br>            小飞侠、小熊维尼、巴斯光年相对不那么火爆，FP在13:00多还能领到，排队约30～60分钟左右、巴斯光年排队时间30分钟以内。<br>            <b>*&nbsp;个人推荐排序：飞跃地平线，创极速光轮／七个小矮人矿山飞车（喜欢刺激的选创极速，想玩温和一点的选七个小矮人</b>）<b>、小飞侠、雷鸣山漂流、小熊维尼历险记、巴斯光年</b>。<br>            FP卡领取注意：<br>            <b>*&nbsp;</b>FP有一定数量限制，按时间段顺序发，发完为止，可以在官方app内查看发放到了几点的fp决定自己的行程。<br>            <b>*&nbsp;</b>FP领取后必须在要求的时间段一小时内游玩项目，过时不可以使用。<br>            <b>*&nbsp;</b>土豪可以直接在APP上购买官方出售的尊享卡（相当于不限时的FP卡）套票价格随着时节变化，一般单个项目平日120，周末节假日150，建议购买套票比较划算。<br>            <br>            <b>Single&nbsp;Rider单人通道</b><br>            迪士尼还有一个为单人游客开设的单人通道，也就是补空位的，比正常排队时间要少一些，并不是只有一个人才可以走，愿意和小伙伴们分开乘坐的小团队也<b>可以去单人通道节省排队时间</b>。单人通道有3个项目，可以查看地图中的“S”标志：七个小矮人矿山车、创极速光轮、沉落宝藏之战。特别推荐“加勒比海盗”，排单人通道基本都不超过20分钟。<br>            <br>            <br>        </div>    </div>    <div class=\"f-block\" id=\"_j_paragraph_3\"><h2>一日游推荐游玩顺序</h2></div>    <div class=\"f-block\">        <div class=\"p-section\">            <br>            <b>可以根据APP显示的排队时间灵活调整顺序</b><br>            <br>            <b>*&nbsp;梦幻童趣+小刺激版</b><br>            <br>            取飞跃地平线FP+排队小矮人矿山飞车（或排队飞跃地平线FP&nbsp;取小矮人矿山飞车FP）<br>            玩加勒比海盗沉落宝藏之战<br>            有时间的适当玩一两个喜欢的小项目<br>            看个表演休息一下，冰雪奇缘或加勒比海盗<br>            差不多可以领第二张FP了，推荐小飞侠<br>            就近吃午饭休息一下<br>            去看一看城堡和迎宾阁的公主，还可以去米奇大街和迪士尼的朋友们合影。<br>            或者玩一两个小项目，如果还有的话取小熊维尼的FP。<br>            占位等看花车巡游<br>            玩之前取得FP小矮人矿山飞车<br>            逛一下爱丽丝梦游仙境迷宫<br>            玩之前取得FP小飞侠、小熊维尼<br>            有时间的可以再玩一个小项目或看一个表演，推荐晶彩奇航或弹簧狗团团转或胡迪牛仔嘉年华<br>            买晚餐打包，占位边吃边等烟花<br>            如果是周末看完烟花还没闭园的话，可以抓紧时间再去排一两个热门项目，此时排队时间大大减少。<br>            <br>            <b>*&nbsp;</b><b>科幻</b><b>刺激</b><b>探险版</b><br>            <br>            取飞跃地平线FP或排队飞跃地平线<br>            排队玩飞跃地平线的话，取小矮人矿山飞车FP<br>            玩加勒比海盗<b>—</b>沉落宝藏之战<br>            玩绳索挑战道或者探险家独木舟<br>            看个表演，风暴来临&nbsp;-&nbsp;杰克船长之惊天特技大冒险<br>            差不多可以领第二张FP了，取创极速光轮FP<br>            吃午饭休息一下<br>            如果能取到第三张FP的话，推荐小飞侠，也可以取巴斯光年星际营救<br>            玩两个小项目比如雪弗兰数字挑战、太空幸会史迪奇或者<br>            去漫威英雄总部、星球大战远征基地和你喜欢的角色合影。<br>            在明日世界附近看花车巡游<br>            玩之前取的FP小矮人矿山飞车<br>            逛一下爱丽丝梦游仙境迷宫<br>            玩之前取得FP创极速光轮<br>            玩巴斯光年星际营救，有时间的可以再玩一两个小项目<br>            买晚餐打包，占位等烟花<br>            如果是周末看完烟花还没闭园的话，可以抓紧时间再去拍一两个热门项目，此时排队时间大大减少。<br>            <br>        </div>    </div>    <div class=\"f-block\" id=\"_j_paragraph_4\"><h2>游玩项目</h2></div>    <div class=\"f-block\">        <div class=\"p-section\">            <br>            入园后拿的地图长这样，以下项目前的数字编号就是乐园地图上的编号，拿到地图后可以对照看哦~<br>            乐园的游乐项目分布在6个区域，分别是探险岛、宝藏湾、梦幻世界、奇想花园、明日世界、皮克斯玩具总动员，先从探险岛开始写。<br>            <br>            <br>            <br>            <b>探险岛</b>        </div>    </div>    <div class=\"f-block\">        <div class=\"p-section\">            探险岛<br>            <br>        </div>    </div>    <div class=\"f-block raiders clearfix\">        <a href=\"https://m.mafengwo.cn/nb/public/sharejump.php?type=3&amp;id=14334402&amp;poi_type_id=3\" target=\"_blank\" class=\"_j_quote_guide\" data-title=\"探险岛\" data-id=\"14334402\" data-type=\"2\">            <div class=\"img\"><img src=\"/wKgBZ1jFbNmAY_PuAAyYQFCVR-892.jpeg\"></div>            <div class=\"info view_poi_info\">                <h2>探险岛</h2>                <p style=\"max-height: 81px;line-height: 21px;\">上海迪士尼乐园的“探险岛”将带领游客进入新发现的远古部落中——这里四处弥漫着神秘色彩，还有隐秘的宝藏。在雷鸣山脚的游客可以去“古迹探索营”走出自己的探索之路，证明自己是真正的冒险家；或是在“翱翔·飞越地平线”里穿越时空；更可登上惊险的筏艇历险“雷鸣山漂流”，深入“探险岛”腹地。</p>            </div>        </a>    </div>    <div class=\"f-block\">        <div class=\"p-section\">            90&nbsp;翱翔·飞跃地平线（推荐指数：★★★★★）<br>            通过球幕电影载着你翱翔了世界不同国家最具代表性的景色和人文，画面很有冲击感，不同场景之间的切换也做得很好，还配合各种不同的气味哦～&nbsp;男女老少皆宜，是<b>乐园里最最最热门的项目，排队时间最长</b>，大家通常一进来取这个FP，如果FP已经取完,&nbsp;直接去排队时间也可以。（提前看一下地图上的位置，入园后找起来快一点哦）<br>            <br>        </div>    </div>    <div class=\"f-block raiders clearfix\">        <a href=\"http://m.mafengwo.cn/nb/public/sharejump.php?type=3&amp;id=14334432&amp;poi_type_id=3\" target=\"_blank\" class=\"_j_quote_guide\" data-title=\"翱翔·飞越地平线\" data-id=\"14334432\" data-type=\"2\">            <div class=\"img\"><img src=\"/wKgBEFtRR8CAarPYABpZWpZeccs88.jpeg\"></div>            <div class=\"info view_poi_info\">                <h2>翱翔·飞越地平线</h2>                <p style=\"max-height: 81px;line-height: 21px;\">·游客在拂面的微风中飞越树梢，俯瞰世界各地最具代表性的地标。                    ·拥有原创的故事情节、新鲜的游览体验和全新的环球飞行之旅。                    ·采用巨幕投影技术，深受游客喜爱，是个适合全家人的游乐项目。</p>            </div>        </a>    </div>    <div class=\"f-block\">        <img class=\"_j_lazyload\" style=\"height: 453px; width: 680px; background: rgb(252, 242, 220); display: block;\"             src=\"/wKgED1wKeeSAXvKuAAGv5d9sr4U49.jpeg\">        <span class=\"img-an\">                                    </span>    </div>    <div class=\"f-block\">        <div class=\"p-section\">            91&nbsp;雷鸣山漂流&nbsp;（推荐指数：★★★）<br>            并不是很刺激，坡都很比较小，不会溅到很多水，主要是脚容易湿，但不想湿身的话记得带好雨衣哦。另外冬天是不开放，天暖才开。<br>            <br>        </div>    </div>    <div class=\"f-block raiders clearfix\">        <a href=\"http://m.mafengwo.cn/nb/public/sharejump.php?type=3&amp;id=14334509&amp;poi_type_id=3\" target=\"_blank\" class=\"_j_quote_guide\" data-title=\"雷鸣山漂流\" data-id=\"14334509\" data-type=\"2\">            <div class=\"img\"><img src=\"/wKgBEFtRTN-AYzZqAJnQX5wJuS484.jpeg\"></div>            <div class=\"info view_poi_info\">                <h2>雷鸣山漂流</h2>                <p style=\"max-height: 81px;line-height: 21px;\">·扣人心弦的“雷鸣山漂流”载着游客深入“探险岛”腹地。                    ·筏艇顺水而下，带领众人穿过未知的惊险，驶入幽暗山洞，一探古老部落传说和神秘爬行巨兽魁拉的秘密。                    ·只有敢于进山探险的人才能遇见体型如巴士般庞大的神秘魁拉，甚至嗅到它呼吸的特殊气味。</p>            </div>        </a>    </div>    <div class=\"f-block\">        <img class=\"_j_lazyload\" style=\"height: 453px; width: 680px; background: rgb(252, 242, 220); display: block;\"             src=\"/wKgED1wKeeSAASKCAAHOf18ZRqM75.jpeg\">        <span class=\"img-an\">                                    </span>    </div>    <div class=\"f-block\">        <div class=\"p-section\">            92&nbsp;古迹探险营（推荐指数：★★）<br>            基本不需要排队，绕着雷鸣山和绳索挑战道附近散步，穿过瀑布，沿途有好几个座位，人很少，天气热的时候这边还蛮凉快的大家可以来走一走休息一下哦。<br>            <br>        </div>    </div>    <div class=\"f-block raiders clearfix\">        <a href=\"https://m.mafengwo.cn/nb/public/sharejump.php?type=3&amp;id=14334452&amp;poi_type_id=5\" target=\"_blank\" class=\"_j_quote_guide\" data-title=\"古迹探索营\" data-id=\"14334452\" data-type=\"2\">            <div class=\"img\"><img src=\"/wKgBEFtyOkGAJTgeAAjL5QeWHsk60.jpeg\"></div>            <div class=\"info view_poi_info\">                <h2>古迹探索营</h2>                <p style=\"max-height: 81px;line-height: 21px;\">上海迪士尼乐园是全球首座拥有“古迹探索营”的迪士尼乐园。探险家们无论年龄大小、技巧高低，都可一起出发去岛上的瀑布、遗址、考古现场搜寻远古部落的痕迹，也可探索自然景观与古老传说，跋涉穿过瀑布并沿岛上专设的攀爬索道去寻找部落遗址。到“古迹探索营”的游客可以选择自己的路线。偏爱惊险刺激的游客可以选择探索雷鸣山自然景观,其他游客则可以选择观赏雷鸣山上的险峻美景或陶醉于岛上的科学、自然和历史。</p>            </div>        </a>    </div>    <div class=\"f-block\">        <img class=\"_j_lazyload\" style=\"height:453px;width:680px;background:#FCF2DC\" src=\"/wKgED1wKeeWAGMX3AAD06FZXhQY62.jpeg\">        <span class=\"img-an\">                                    </span>    </div>    <div class=\"f-block\">        <div class=\"p-section\">            92-94&nbsp;绳索挑战道（推荐指数：★★★）<br>            挂绳索走路探险，据说意外的刺激好玩，进去有两边两条不一样的路，左边的路线更惊险。另外有儿童通道，小孩也可以玩。项目需要存包，手机相机都不能带进去的。<br>            <br>            <br>            <br>            <br>            <br>            <b>梦幻世界</b><br>        </div>    </div>    <div class=\"f-block\" id=\"_j_paragraph_7\"><h2>隐藏玩法</h2></div>    <div class=\"f-block\" id=\"_j_paragraph_8\"><h3>和迪士尼人物合影、收集签名</h3></div>    <div class=\"f-block\">        <img class=\"_j_lazyload\" style=\"height:453px;width:680px;background:#FCF2DC\"             src=\"/wKgED1wLeVKAIzP4AAWwgb-nSCg31.jpeg\">        <span class=\"img-an\">                                    </span>    </div>    <div class=\"f-block\">        <div class=\"p-section\">            <br>            在地图上有“手套指出”图标的位置就是可以跟迪士尼人物合影的地方。<br>            数字编号就是图上的编号，具体可以问工作人员。<br>            *&nbsp;8&nbsp;甜心糖果——米妮<br>            这里可以和超人气的米妮合影哦，对面会有黛西哦，拐弯到房子后看有高飞、布鲁托，我在房子后这边还看到过米奇哦。<br>            *&nbsp;10&nbsp;老车站商店——达菲熊、雪莉玫、星黛露、杰拉托尼<br>            忍不住要介绍一下达菲熊的传奇身世，达菲是米妮送给米奇一只小熊玩偶。明明没有动画作品，纯粹是日本人原创出来的只在东京迪士尼sea里才能出现的角色，靠着独特的圈钱手法和丧心病狂的卖萌技巧获得了全世界迪士尼粉丝的喜爱，最终被官方认可出现在各个园区。<br>            *&nbsp;14&nbsp;米奇俱乐部——米奇<br>            *&nbsp;16-19&nbsp;漫威英雄总部——美国队长、蜘蛛侠等英雄<br>            *&nbsp;33&nbsp;巴斯光年星际营救巴斯——史迪奇<br>            *&nbsp;37-39&nbsp;星球大战远征基地——星球大战的人物们<br>            *&nbsp;51&nbsp;迎宾阁——迪士尼的各个公主们<br>            据说每天会有4位公主出来和大家合影，公主们都美美哒，要合影的通常都要排30分钟以上，不合影的话可以路过时从侧面出口处看看是哪位公主。<br>            *&nbsp;57&nbsp;小熊维尼历险记——小熊维尼<br>            *&nbsp;79&nbsp;探秘海妖复仇号附近&nbsp;——&nbsp;杰克船长<br>            *&nbsp;95&nbsp;欢笑聚友会——丁满和拉菲奇、朱迪和尼克、路易王和巴鲁，每次会出来两个人物，门口有人物的牌子。<br>            *在城堡前方会有打太极的唐老鸭，因为合影场地是露天的，所以下雨天唐老鸭就不一定出来哦，一般中午12点多的时候，唐老鸭会带着胖胖的奇奇和蒂帝出来打太极+跳舞。        </div>    </div>');
INSERT INTO `strategy_content` VALUES (7, '<div class=\"f-block\">        <img class=\"_j_lazyload\" style=\"height: 282px; width: 680px; background: rgb(252, 242, 220); display: block;\"             src=\"/wKgBEFrpZTWABl00ABk5Sn1vuhE654.png\">        <span class=\"img-an\">                                    </span>    </div>    <div class=\"f-block\" id=\"_j_paragraph_1\"><h2>懒人吃货看重什么？</h2></div>    <div class=\"f-block\" id=\"_j_paragraph_2\"><h3>地道又好吃是必须的</h3></div>    <div class=\"f-block\">        <div class=\"p-section\">            说到上海的小吃，可能很多人吃过以后觉得并没有那么好吃，那很有可能是你没有找对店！所以选择一家地道的老上海味道，非常重要。        </div>    </div>    <div class=\"f-block\" id=\"_j_paragraph_3\"><h3>市区内景点附近</h3></div>    <div class=\"f-block\">        <div class=\"p-section\">            作为一个懒人吃货，既想吃美食但又不愿为了一道小吃特意跑一趟，最好这些餐馆就在市区景点附近，<b>逛吃两不误</b>。所以这篇攻略选择的餐馆<b>几乎都在市中心</b>，且为大家附上了他们<b>周围值得一逛的地点</b>，一日游轻松get~        </div>    </div>    <div class=\"f-block\" id=\"_j_paragraph_4\"><h3>交通方便，少走路</h3></div>    <div class=\"f-block\">        <div class=\"p-section\">            旅行虽然开心，但其实也很累，尤其是在逛饿了的时候，能少走路就少走路。所以这篇攻略为大家选的餐馆都有地铁可以到达，交通很方便。        </div>    </div>    <div class=\"f-block\" id=\"_j_paragraph_5\"><h2>地道老上海人爱吃哪些小吃？</h2></div>    <div class=\"f-block\">        <div class=\"p-section\">            上海的饮食，除了浓油赤酱的本帮菜外，最让上海人引以为豪的莫过于这里的各色小吃。上海的小吃不同于粤港地区的纯甜，也有别于川渝的麻辣，而是以清淡、鲜美可口著称。走在大街小巷里，各种物廉价美的传统小吃，从清晨的四五点钟起，供应到深夜时分。从这些人间烟火中，你可以看到一个真实的普通人的上海。<br>        </div>    </div>    <div class=\"f-block\" id=\"_j_paragraph_6\"><h3>早餐</h3></div>    <div class=\"f-block\">        <div class=\"p-section\">            清晨，大多数人还在睡梦之中，而各种早点小摊已经忙碌起来。<br>            &nbsp;<br>            <b>生煎包</b>：<br>            生煎包起源于20世纪的上海，又叫做生煎馒头、生煎包子，特点是皮酥、汁浓、肉香、精巧，深受上海人喜爱。传统的生煎包外部金黄灿灿，底部煎至酥脆，肉馅鲜嫩多汁。吃的时候一定要趁热吃。<br>        </div>    </div>    <div class=\"f-block\">        <img class=\"_j_lazyload\" style=\"height: 453px; width: 680px; background: rgb(252, 242, 220); display: block;\"             src=\"/wKgBEFrkPXyAZn4qAAkf35AL21481.jpeg\">        <span class=\"img-an\">                                            生煎包                                    </span>    </div>    <div class=\"f-block\">        <div class=\"p-section\">            <b>锅贴</b>：<br>            上海锅贴是北方锅贴和上海特色的结合，很多人会将锅贴和生煎、煎饺混为一谈。但实际上，上海锅贴更为脆嫩，能轻易被筷子戳破。想要吃正宗的锅贴一定要是新鲜出炉，一分钟售罄的那种，冷掉的，或者被热锅烘干了汤汁的锅贴味道都会差很多。<br>        </div>    </div>    <div class=\"f-block\">        <img class=\"_j_lazyload\" style=\"height: 453px; width: 680px; background: rgb(252, 242, 220); display: block;\"             src=\"/wKgBEFrpaPeAXXWJAAHm7ku-zfE23.jpeg\">        <span class=\"img-an\">                                            锅贴-又一村                                    </span>    </div>    <div class=\"f-block\">        <div class=\"p-section\">            <b>小笼包</b>：<br>            小笼脱胎于北方的“灌汤包”，皮薄汁多，味道鲜咸，一般分蟹粉和鲜肉两种馅。吃小笼有一个口诀：“轻轻提，慢慢移，先开窗，后喝汤，最后一扫而光。”配上清爽的醋和嫩姜，晶莹剔透的小笼可以算颜值最高的传统小吃了。        </div>    </div>    <div class=\"f-block\">        <img class=\"_j_lazyload\" style=\"height: 510px; width: 680px; background: rgb(252, 242, 220); display: block;\"             src=\"/wKgBEFrkPjqAaq9DAAgAUbeHVmc98.jpeg\">        <span class=\"img-an\">                                            小笼包                                    </span>    </div>    <div class=\"f-block\">        <div class=\"p-section\">            <b>“四大金刚”</b><br>            上海的早餐很丰富，除了上述那些，最经典的还要算“四大金刚”——大饼、油条、豆浆、粢饭团。油条豆浆不用多说，正宗的上海大饼是从炉子里烘出来的，分为咸甜两种。粢饭团也有甜咸之分，甜的里面放豆沙、黑洋沙；咸的则往往放榨菜、肉松等。不管哪种，最后都要包上根油条，然后团起来压紧。<br>        </div>    </div>    <div class=\"f-block\">        <img class=\"_j_lazyload\" style=\"height: 441px; width: 680px; background: rgb(252, 242, 220); display: block;\"             src=\"/wKgBEFrkQk-AM4s7ADPvk5DZPPg821.png\">        <span class=\"img-an\">                                            “四大金刚”（大饼、油条、豆浆、粢饭团）                                    </span>    </div>    <div class=\"f-block\" id=\"_j_paragraph_7\"><h3>中餐、晚餐</h3></div>    <div class=\"f-block\">        <div class=\"p-section\">            除了早餐，其他时候还有哪些小吃可以尝尝呢？<br>            <b>炸猪排</b>：<br>            现在10元钱就买到的炸猪排，在以前其实是一道堪比牛排的大菜，吃一顿要花掉半个月工资，很奢侈的！比起日式炸猪排，上海炸猪排多了一份情怀，还曾上过《舌尖上的中国》。<br>        </div>    </div>    <div class=\"f-block\">        <img class=\"_j_lazyload\" style=\"height: 382px; width: 680px; background: rgb(252, 242, 220); display: block;\"             src=\"/wKgBEFrpVqGAVUdUAAMk1MgdnyM77.jpeg\">        <span class=\"img-an\">                                            炸猪排                                    </span>    </div>    <div class=\"f-block\">        <div class=\"p-section\">            <b>排骨年糕</b>：<br>            排骨年糕在上海已经有50多年的历史，既有排骨的浓香，又有年糕的软糯酥脆，十分可口。排骨色泽金黄，表面酥脆，肉质鲜嫩。入口糯中发香，略有甜辣味，鲜嫩适口。<br>        </div>    </div>    <div class=\"f-block\">        <img class=\"_j_lazyload\" style=\"height:447px;width:671px;background:#FCF2DC\"             src=\"/wKgBEFrpNF2ARPCDAAHbzTsHfVA65.jpeg\">        <span class=\"img-an\">                                            排骨年糕                                    </span>    </div>    <div class=\"f-block\">        <div class=\"p-section\">            <b>白斩鸡</b>：<br>            白斩鸡是上海人非常喜欢的经典凉菜，原汁原味，皮爽肉滑，丰腴鲜美，老少皆宜，是沪上家庭逢年过节、大筵小席必备的美食之一。<br>        </div>    </div>    <div class=\"f-block\">        <img class=\"_j_lazyload\" style=\"height:453px;width:680px;background:#FCF2DC\"             src=\"/wKgBEFrpNaGAVs0tAAdVmDd_W4U22.jpeg\">        <span class=\"img-an\">                                            白斩鸡                                    </span>    </div>    <div class=\"f-block\" id=\"_j_paragraph_8\"><h3>季节性小吃&amp;饮料</h3></div>    <div class=\"f-block\">        <div class=\"p-section\">            除了上述这些日常小吃，在不同的时节，上海也有些特色美食小吃。<br>            <b>青团</b>：<br>            青团是江南一带在<b>清明节</b>时期吃的一种传统美食，青色，用艾草的汁拌进糯米粉里，再包裹进豆沙馅儿或者莲蓉，不甜不腻。专属春天的味道，凝固在一颗青色的小团子里。<br>        </div>    </div>    <div class=\"f-block\">        <img class=\"_j_lazyload\" style=\"height:453px;width:680px;background:#FCF2DC\"             src=\"/wKgBEFrpOICAXxBxAAbNyzNxX0875.jpeg\">        <span class=\"img-an\">                                            清明节传统美食——青团                                    </span>    </div>    <div class=\"f-block\">        <div class=\"p-section\">            <b>鲜肉月饼</b>：<br>            每到<b>中秋节</b>吃月饼是中国人的传统，不同于其他地方口味偏甜的月饼，上海人吃的月饼里加的是猪肉！鲜肉月饼的馅完全是由一大团鲜肉，皮脆而粉，又有着几分韧，可口的肉汁慢慢渗透其间，非常好吃。每年临近中秋，很多上海人愿意排队两三个小时、驱车几十公里，只为了买上一盒鲜肉月饼。<br>        </div>    </div>    <div class=\"f-block\">        <img class=\"_j_lazyload\" style=\"height:453px;width:680px;background:#FCF2DC\"             src=\"/wKgBEFrpPDGAcAU9AAfc8OwHcdY75.jpeg\">        <span class=\"img-an\">                                            中秋节传统美食——鲜肉月饼                                    </span>    </div>    <div class=\"f-block\" id=\"_j_paragraph_9\"><h2>去哪儿吃最正宗最地道？</h2></div>    <div class=\"f-block\" id=\"_j_paragraph_10\"><h3>云南南路小吃街</h3></div>    <div class=\"f-block\">        <div class=\"p-section\">            云南南路是人民广场附近最老牌的美食街，250米长的街道两旁，遍布有着百年历史的老字号，作为一个吃货，有些店是必去的。        </div>    </div>    <div class=\"f-block\">        <div class=\"p-section\">            <b>1.&nbsp;大壶春</b><br>            大壶春创始于1932年，在上海从老一辈到年轻人都有很高的知名度。来大壶春必吃的是生煎，不同于其他地方很多汤汁的生煎，大壶春的“<b>无汤生煎</b>”是它的一大特色，面皮厚实松软，裹着少少的油水和饱满的馅料。<br>            <br>            营业时间：07:30-20:00<br>            人均：17元<br>            地址：云南南路89号<br>        </div>    </div>    <div class=\"f-block raiders clearfix\">        <a href=\"https://m.mafengwo.cn/nb/public/sharejump.php?type=3&amp;id=7919053&amp;poi_type_id=1\" target=\"_blank\"           class=\"_j_quote_guide\" data-title=\"大壶春(云南南路店)\" data-id=\"7919053\" data-type=\"2\">            <div class=\"img\"><img                    src=\"/wKgBEFrkIIqABFABAA0yr2xvzkg58.jpeg\">            </div>            <div class=\"info view_poi_info\">                <h2>大壶春(云南南路店)</h2>                <p style=\"max-height: 81px;line-height: 21px;\"></p>            </div>        </a>    </div>    <div class=\"f-block\">        <div class=\"p-section\">            <b>2.&nbsp;鲜得来</b><br>            鲜得来排骨年糕创始于1921年，是上海本地人怀念小时候美味经常会去的店。这里的<b>排骨年糕</b>最出名，排骨外脆里嫩，年糕很软，蘸上他们特制的酱油，属于必点的一道小吃！<br>            <br>            营业时间：10:00-19:00<br>            人均：21元<br>            地址：云南南路46号<br>        </div>    </div>');
INSERT INTO `strategy_content` VALUES (8, '<div class=\"f-block\">        <div class=\"p-section\">            被高铁站的广告吸引到了海昌海洋公园，不得不说，这是我在上海玩过的最有趣的海洋公园。<br>            可能会有不少人会头疼怎样才能把整个公园在一天之内刷一遍呢？接下去楼主要带着大家转一遍上海海昌海洋公园啦。<br>        </div>    </div>    <div class=\"f-block\" id=\"_j_paragraph_1\"><h2>交通篇</h2></div>    <div class=\"f-block\">        <div class=\"p-section\">            上海海昌海洋公园位于浦东新区银飞路166号，离滴水湖不远，但是距离市区比较远，需要安排好时间，早点出发。<br>            交通方式1：自驾，从市区到海洋公园自驾时间要一个小时到一个半小时左右，海洋公园有停车场，费用为50/次。另周边有三大配套停车场，分别是临港大道停车场、雪绒花路停车场和港城新天地停车场，为自驾游客提供更多停车空间。<br>            交通方式2：地铁16号线到临港大道下车，从市区过来大约要一个半小时到二个小时左右。下了地铁站以后可以选择3号口出乘坐公交1135路，也可以1号口出乘坐公园的短驳车，大约五分钟路程到达公园。个人更倾向于选择短驳车，方便，有位置，只要踩好点，不会等很久。<br>        </div>    </div>    <div class=\"f-block\">        <div class=\"tips-box\">            <b>Tips：</b><br>            海昌海洋公园短驳车停在临港大道地铁站1号出口外的停车场上，每十五分钟一班车，整点发车。从海洋公园返回地铁站的短驳车在售票处门口乘坐，最晚一班车是19：00。短驳车是免费乘坐的。        </div>    </div>    <div class=\"f-block\" id=\"_j_paragraph_2\"><h2>门票篇</h2></div>    <div class=\"f-block\">        <img class=\"_j_lazyload\" style=\"height: 275px; width: 680px; background: rgb(252, 242, 220); display: block;\"             src=\"wKgED1wHXuSAHpYOAAFfcg8rK9k346.png\">        <span class=\"img-an\">                                            门票价格表                                    </span>    </div>    <div class=\"f-block\">        <div class=\"p-section\">            2018年12月31日以前，平日标准票是299元，高峰日标准票是360元。如果在各大app上购买，高峰日的门票可以便宜50元左右，平日票可以便宜20元左右。从2019年1月1日起，高峰日的标准票是399元，想享受优惠游玩的小伙伴们要抓紧了。<br>            <br>            上海海昌海洋公园只有这一道大门票，里面所有的设施和表演是不再额外收费的。<br>        </div>    </div>    <div class=\"f-block\">        <div class=\"tips-box\">            <b>Tips：</b><br>            门票购买的时候绑定身份证号，进门优先刷身份证，其次是二维码。所以去公园的小伙伴们要带好身份证。        </div>    </div>    <div class=\"f-block\" id=\"_j_paragraph_3\"><h2>游园篇</h2></div>    <div class=\"f-block\">        <img class=\"_j_lazyload\" style=\"height: 502px; width: 680px; background: rgb(252, 242, 220); display: block;\"             src=\"wKgED1v9UOWAFLQMADacrhZ88jQ56.jpeg\">        <span class=\"img-an\">                                            园区地图                                    </span>    </div>    <div class=\"f-block\">        <img class=\"_j_lazyload\" style=\"height: 638px; width: 680px; background: rgb(252, 242, 220); display: block;\"             src=\"wKgED1wHYaeAeI4KAAOqvHhIGHY389.png\">        <span class=\"img-an\">                                            表演时间表                                    </span>    </div>    <div class=\"f-block\">        <div class=\"p-section\">            要规划游玩路线和时间，我们需要用到园区地图和表演时间表。入园的时候在大门左右边有一个游客服务中心，在门口可以免费领取一张园区地图和表演时间安排表，这个地图还是非常有用的。<br>            <br>            楼主是高峰日去的，路线规划是以高峰日为主。<br>        </div>    </div>    <div class=\"f-block\" id=\"_j_paragraph_4\"><h3>路线规划</h3></div>    <div class=\"f-block\">        <div class=\"p-section\">            10:00&nbsp;入园→海兽探秘馆→雪国列车<br>            11:15虎鲸剧场→南极企鹅馆→海豚过山车→珊瑚水母馆<br>            13:30火山鲸鲨馆<br>            14:15海豚剧场<br>            15:00海底世界门口看花车巡游表演→海底世界馆→时光缆车<br>            16:00秋涟河水上飞人表演→北极冰山馆17:30&nbsp;4D影院<br>            <br>            因为表演场次有限，需要算好在每个场馆逗留的时间和行程。<br>        </div>    </div>    <div class=\"f-block\">        <img class=\"_j_lazyload\" style=\"height:510px;width:680px;background:#FCF2DC\"             src=\"wKgED1wHkemALD3qAAq-D2_TKUQ82.jpeg\">        <span class=\"img-an\">                                            公园正门，早上拍摄会逆光                                    </span>    </div>    <div class=\"f-block\">        <div class=\"p-section\">            考虑到海洋公园比较远，9点开门，目前人并不是特别多，所以10点左右到也是可以接受的。园区看起来项目比较多，其实并没有非常大，走一天下来也不过15000步左右。<br>            <br>            海洋公园主要分为五个区域：人鱼海湾，极地小镇，冰雪王国，海洋部落和海底奇遇。人鱼海湾，主要是商店，是出园的必经之路，建议出园的时候游玩。毕竟买完东西提着也不太方便。<br>        </div>    </div>    <div class=\"f-block\" id=\"_j_paragraph_5\"><h3>海兽探秘馆</h3></div>    <div class=\"f-block\">        <div class=\"p-section\">            10点左右进园，右手边第一个展馆是海兽探秘馆，没有表演。海兽探秘馆分为两层，第一层是露天的，主要有海狮和海豹，他们特别喜欢晒太阳。在这里你可以看到死海豹懒洋洋的样子，就像表情包里的海豹那样，喜欢晒。<br>        </div>    </div>    <div class=\"f-block\" id=\"_j_paragraph_6\"><h3>雪国列车</h3></div>    <div class=\"f-block\">        <div class=\"p-section\">            出了海兽馆，隔壁就是海狮剧场。目前海狮剧场还没有对外开放，也是唯一一个没有对外开放的剧场。海狮剧场对面是雪国列车的入口。个人建议在去看虎鲸表演之前乘坐雪国列车，早上人不太多，排队大概半小时左右。楼主下午五点来的时候要排一个小时，所以就放弃了。<br>            <br>            不过要算好排队的时间，不要错过十一点半的虎鲸表演。最好也不要看完虎鲸表演再乘坐雪国列车，这个时候观看完表演的人大量涌出，排队时间直接从半小时上升到一个小时了。        </div>    </div>    <div class=\"f-block\" id=\"_j_paragraph_7\"><h3>虎鲸剧场</h3></div>    <div class=\"f-block\">        <div class=\"p-section\">            虎鲸剧场一天有两场表演，上午11点半和下午三点半，因为它的位置靠近大门，最好安排看上午十一点半的这一场表演。表演结束的时间是不到12点。<br>            <br>            剧场很大，每个人都有位置坐，但是来得太晚就只剩下后排了。前面7排为溅水区，要穿好雨衣，否则会被淋得透心凉。不过前排的视野好一点，能近距离观看虎鲸，后排更多要借助大屏幕来观看。<br>            <br>            即使到场早也不要担心，大屏幕上有问题回答，和观众互动，可以学习到不少有关于虎鲸的知识。<br>        </div>    </div>    <div class=\"f-block\">        <img class=\"_j_lazyload\" style=\"height:510px;width:680px;background:#FCF2DC\"             src=\"wKgED1wHkiWACdfuAAkuWL1TFLM25.jpeg\">        <span class=\"img-an\">                                            虎鲸表演                                    </span>    </div>    <div class=\"f-block\" id=\"_j_paragraph_8\"><h3>南极企鹅馆</h3></div>    <div class=\"f-block\">        <div class=\"p-section\">            从虎鲸剧场出来以后，如果想乘坐时光缆车，要排队半小时以上，会耽误后面的行程，楼主就调过了极地北极馆，先去了南极企鹅馆。企鹅馆有上下两层，下层是麦哲伦企鹅等品种的企鹅，体型不大，上层的企鹅比较多。帝企鹅在上层，他们是所有企鹅里体型最大的。在我去过的海洋馆里，这里的企鹅品种最全，企鹅数量也最多。场馆中间是水，贴着玻璃的一侧都是冰，这样可以非常近距离地观察到企鹅，真的很萌很治愈。有好多企鹅趴在地上睡觉，看起来像一个球。<br>        </div>    </div>    <div class=\"f-block\">        <img class=\"_j_lazyload\" style=\"height:510px;width:680px;background:#FCF2DC\"             src=\"wKgED1wHkt6Aez4TAAt0G1YTtB014.jpeg\">        <span class=\"img-an\">                                            小丑鱼                                    </span>    </div>    <div class=\"f-block\">        <div class=\"p-section\">            美人鱼表演在玻璃水缸前，有位置可以坐，也可以站在水缸前。表演时间只有一刻钟左右，其实站在水缸前的视野最好。<br>            <br>            美人鱼表演很惊艳，全部表演者都是金发碧眼的外国小姐姐，身材特别好。配合上水缸里的鱼群和儒艮，效果特别好。美人鱼表演绝对值得一看，所以最好不要错过演出的时间。<br>        </div>    </div>    <div class=\"f-block\" id=\"_j_paragraph_12\"><h3>海豚剧场</h3></div>    <div class=\"f-block\">        <div class=\"p-section\">            看完美人鱼表演出来，直奔海豚剧场，正好能赶上两点半的表演。运气好还能找到个前排的位置。和虎鲸不一样，海豚体型小，更温顺，不会溅出水花，可以放心地坐在第一排。<br>            <br>            这里要说一下，每场表演主持人会选出一位幸运观众上台转呼啦圈，和海豚来个海洋之吻。主持人只会选择前排漂亮的小姐姐，如果想成为幸运观众的女孩子，可以打扮漂亮一点，戴个萌萌的头饰，会被主持人注意到的。<br>        </div>    </div>    <div class=\"f-block\" id=\"_j_paragraph_14\"><h3>海底世界馆</h3></div>    <div class=\"f-block\">        <div class=\"p-section\">            看完花车表演顺路就可以到海底世界馆了。海底隧道就在这个场馆。可以感受海龟鳐鱼在头顶游过的感觉。不过有些遗憾的是这里的海底隧道不长，一眼就能望到底了，没有穿过长长的海底隧道的感觉。<br>        </div>    </div>    <div class=\"f-block\">        <img class=\"_j_lazyload\" style=\"height:906px;width:680px;background:#FCF2DC\"             src=\"wKgED1wHk6iAHo2KAA1OPxNKcQg34.jpeg\">        <span class=\"img-an\">                                            海底世界馆                                    </span>    </div>    <div class=\"f-block\" id=\"_j_paragraph_15\"><h3>时光缆车</h3></div>    <div class=\"f-block\">        <div class=\"p-section\">            这个时光缆车算是比较鸡肋的项目了。排队至少半个小时才能坐上，和一般的缆车也没有什么差别。如果是累了的话，还是不建议坐缆车了，排队时间早就走过去了。如果是单纯想体验一下缆车，排半个多小时还是可以的。        </div>    </div>    <div class=\"f-block\" id=\"_j_paragraph_16\"><h3>秋涟河水上飞人表演</h3></div>    <div class=\"f-block\">        <div class=\"p-section\">            水上飞人的表演是下午四点，楼主因为排队坐缆车错过了。如果不做缆车，可以走到河边去看表演。<br>        </div>    </div>    <div class=\"f-block\" id=\"_j_paragraph_17\"><h3>北极冰山馆</h3></div>    <div class=\"f-block\">        <div class=\"p-section\">            下了缆车就是北极冰山馆了，这里可以作为最后一站。北极冰山馆里的动物比较多，也比较特别，有北极狐，北极狼，北极熊，海狮海豹，还有白鲸。有不少动物都是别处看不到的，不管是在别的海洋馆还是在野生动物园。看到白鲸真的是非常治愈，但是看到海豹懒洋洋地躺着就想打它。<br>        </div>    </div>    <div class=\"f-block\">        <img class=\"_j_lazyload\" style=\"height:510px;width:680px;background:#FCF2DC\"             src=\"wKgED1wHk9CAWbZ_AAt7uh5REoY56.jpeg\">        <span class=\"img-an\">                                            北极狐                                    </span>    </div>    <div class=\"f-block\">        <img class=\"_j_lazyload\" style=\"height:510px;width:680px;background:#FCF2DC\"             src=\"wKgED1wHk9SAaNY_AATNIM3L6aQ49.jpeg\">        <span class=\"img-an\">                                            白鲸                                    </span>    </div>    <div class=\"f-block\" id=\"_j_paragraph_18\"><h3>4D影院</h3></div>    <div class=\"f-block\">        <div class=\"p-section\">            出了北极冰山馆绕出来就是4D影院，下午五点半有一场放映。楼主累了就没有去体验。放映的影片应该是和海洋动物相关的，能去体验一下也不错。<br>        </div>    </div>    <div class=\"f-block\" id=\"_j_paragraph_19\"><h3>美食&amp;购物</h3></div>    <div class=\"f-block\">        <div class=\"p-section\">            公园里餐厅和商店不少，基本上每个场馆都会有一个餐厅和一个商店。餐厅主要以西餐为主，楼主大概看了一下套餐在60-80元之间，也不算贵的离谱。如果不想吃正餐，公园里有不少小吃摊，可以买到烧烤香肠冰激凌等小吃。<br>            <br>            商店里的商品以海洋周边为主，周边又以毛绒玩具为主。价格嘛，不是特别便宜，但想买个小玩意当纪念品或者作为礼物送人，也是不错的。商店里的商品琳琅满目，相信小朋友非常难把握住自己，成年人也要靠理性来把握住购物的欲望。商店里拍照也是不错的。<br>            <br>            按照以上的线路安排的话，主要的场馆和表演都能够刷一遍的。总体来说，一天的体验很好，值得这个票价。参观与游乐一体的海洋馆，在上海这是第一个。<br>            <br>            看完这个你心动了吗？赶快行动起来吧。希望小伙伴们都可以有一个不错的体验。<br>            <br>        </div>    </div>    <div class=\"f-block\">        <div class=\"tips-box\">            <b>Tips：</b><br>            海洋公园开放和闭园时间：<br>            工作日（周一至周五）9:30-17:00<br>            周末（周六至周日）9:00-18:00<br>            目前只有海狮剧场和火山漂流没有对外开放，其他场馆已经全部对外开放。        </div>    </div>    <div class=\"f-block raiders clearfix\">        <a href=\"https://m.mafengwo.cn/nb/public/sharejump.php?type=3&amp;id=56053804&amp;poi_type_id=3\" target=\"_blank\"           class=\"_j_quote_guide\" data-title=\"上海海昌海洋公园\" data-id=\"56053804\" data-type=\"2\">            <div class=\"img\"><img                    src=\"/wKgED1vzoaiAZNYmAAOcVpIlhAg68.jpeg\">            </div>            <div class=\"info view_poi_info\">                <h2>上海海昌海洋公园</h2>                <p style=\"max-height: 81px;line-height: 21px;\">上海海昌海洋公园围绕海洋文化特色，分为                    人鱼海湾、极地小镇、冰雪王国、海底奇域、海洋部落五大                    主题区和具有丰富特色的海洋主题度假酒店。五大明星剧目——《海豚奇缘》《白鲸之恋》《海象嘻游记》《人鱼童话》及虎鲸科普秀，两大高科技影院——天幕影院、超感4D影院，                    10余项游乐设施——海豚过山车、时空缆车、雪国列车、深                    海奇航、极速企鹅、海洋木马、鹈鹕大冒险等，还有海豚家                    园“人豚互动”以及“海洋梦幻花车巡                    游”等特色内容，为游客带来精彩纷呈的海洋梦幻之旅。</p>            </div>        </a>    </div>');
INSERT INTO `strategy_content` VALUES (9, '<div class=\"f-block\" id=\"_j_paragraph_1\"><h2>寻找紫禁城沉淀600年的记忆</h2></div>    <div class=\"f-block\">        <div class=\"p-section\">            故宫是游客到北京必去的地方，不仅在于她的名气，更在于她在每个中国人心中的文化情结。故宫之美，不单美在她无以伦比的建筑和她留下的珍贵古玩，更美在那里曾经住过的人、发生过的事儿，深宫里的人虽然已经不在了，但故事还在，到故宫去，就是为了去寻找紫禁城沉淀的600年记忆。<br>            四季交替，春夏秋冬故宫都有他不一样的美，春天树木吐新芽，各色花朵绽放在红墙下，秋天金色满园，肃穆而沉寂，然而最让人喜欢的还是冬天，下了雪，北京又成了北平，故宫又回到了故事里的紫禁城，白雪镶红墙，碎碎坠琼芳，来北京的这三年，每每周末赶上下雪，一定是带着相机去故宫领略穿越数百年的厚重与静美。<br>        </div>    </div>    <div class=\"f-block\">        <img class=\"_j_lazyload\" style=\"height: 441px; width: 680px; background: rgb(252, 242, 220); display: block;\"             src=\"/wKgBpVUK8mKAexcEABjxz6zeqhw09.jpeg\">        <span class=\"img-an\">                                            图：雪中故宫。by 雪梨酱                                    </span>    </div>    <div class=\"f-block\" id=\"_j_paragraph_2\"><h2>故宫这么大，如何合理安排路线？</h2></div>    <div class=\"f-block\">        <div class=\"p-section\">            故宫的占地面积72万平方米，建筑面积约15万平方米，有大小宫殿七十多座，这么大的故宫，想要好好的逛这皇帝的居所，就给自己一天的时间吧。做好功课，装满书本上明清的历史知识，再加上电视剧里萦绕在脑海的画面和情节，就可以开启自己的穿越之旅了。毕竟，对于这么大的故宫，还是要三分看，七分听，不然即便是走马观花，也很容易产生视觉疲劳。但是诺大的故宫博物院游览路线繁多，在这里给大家分享一下常规走的四条参观路线：<br>            路线一（图中黄箭头）：午门-太和殿-中和殿-保和殿-乾清宫-交泰殿-坤宁宫-御花园-神武门<br>            路线二（图中绿箭头）：中轴线&nbsp;东线承乾宫-永和宫-景仁宫-延禧宫-外东路钟表馆-珍宝馆-御花园<br>            路线三（图中蓝箭头）：中轴线&nbsp;军机处-慈宁宫-寿康宫-太极殿-翊坤宫-储秀宫-御花园<br>            （三条路线均会通过故宫前的三座大殿）<br>            路线四（午门口紫色字）：午门雁翅楼<br>        </div>    </div>    <div class=\"f-block\">        <img class=\"_j_lazyload\" style=\"height: 906px; width: 680px; background: rgb(252, 242, 220); display: block;\"             src=\"/wKgBs1fSiCiASXgTAAn0BwNirDM16.jpeg\">        <span class=\"img-an\">                                            图：故宫平面导览图                                    </span>    </div>    <div class=\"f-block\" id=\"_j_paragraph_3\"><h3>一、中轴线参观</h3></div>    <div class=\"f-block\">        <div class=\"p-section\">            最精华的故宫大殿，必去！        </div>    </div>    <div class=\"f-block\">        <div class=\"p-section\">            【游玩线路】：午门-太和殿-中和殿-保和殿-乾清宫-交泰殿-坤宁宫-御花园-神武门<br>            【适合年龄人群】：老人和小孩，以及比较赶时间的人。因为此线路走路时间较少，还能看到故宫最精华的景区，走路时间在2小时左右。<br>            【前朝办公区域：太和殿、中和殿、保和殿】<br>        </div>    </div>    <div class=\"f-block\">        <img class=\"_j_lazyload\" style=\"height: 450px; width: 680px; background: rgb(252, 242, 220); display: block;\"             src=\"/wKgBpVUK8nOAOE_jAB6eknB_94488.jpeg\">        <span class=\"img-an\">                                            图：太和殿。by 雪梨酱                                    </span>    </div>    <div class=\"f-block\">        <div class=\"p-section\">            故宫的前三殿是天子的办公区，他们依次是太和门-皇帝御门听政的地方；太和殿-皇帝举行大朝的地方，也就是金銮殿；中和殿-除了皇帝临时休息外，更存放着皇家的玉碟，也就是皇家的家谱；保和殿-天下读书人向往的地方，明清时期，每三年在这里会举行一次隆重的殿试活动，钦点“天子门生”。<br>            前朝代表的是皇帝的威仪，所以，也是所有游客参观故宫的必经之所。紫禁城的整体建筑体系是“中轴布局、左右对称”，所以，放眼太和殿广场的最佳位置，就是两侧的弘义阁和体仁阁平台上，同样，这也是拍摄太和殿、太和殿广场的绝佳位置。<br>        </div>    </div>    <div class=\"f-block\">        <img class=\"_j_lazyload\" style=\"height: 450px; width: 680px; background: rgb(252, 242, 220); display: block;\"             src=\"/wKgBs1cWRpKAEB0rAAgcFICPI1E40.jpeg\">        <span class=\"img-an\">                                            图：太和门前的青铜狮子。by 小憩                                    </span>    </div>    <div class=\"f-block\">        <div class=\"p-section\">            紫禁城的308口大水缸除了它固有的消防功能外，更为故宫平添了无尽的美感。1900年，八国联军攻入北京，在紫禁城中进行大肆掠夺时，有不少侵略者竟用刺刀狂刮鎏金铜缸上的金子，如今在太和殿两侧的大缸上，仍能清晰地看见侵略者当年留下的累累刀痕。        </div>    </div>    <div class=\"f-block\">        <img class=\"_j_lazyload\" style=\"height: 453px; width: 680px; background: rgb(252, 242, 220); display: block;\"             src=\"/wKgBpVUK9ZWANwQ3ABax1oJxyoY88.jpeg\">        <span class=\"img-an\">                                            图：故宫里的鎏金铜缸。by 雪梨酱                                    </span>    </div>    <div class=\"f-block\">        <div class=\"p-section\">            【后庭居住区域：保和殿、中和殿、乾清宫】<br>            走下保和殿后的丹陛，就可以看到内左门、乾清门、内右门，三道门内便是皇帝和家眷们居住的内廷，也就是“后宫”。当然，自乾清门而入，中线部分还是所有游客传统的参观路线。<br>            乾清宫-雍正帝之前皇帝的居所；坤宁宫-明代皇后的居所；清代为了不忘祖先信仰，把坤宁宫左侧改外萨满教祭祀的地方，右侧则是皇帝的婚房。在“乾”“坤”之间，便是象征着帝后和睦的“交泰殿”。<br>            【休闲花园区】：御花园，传统旅游团在结束了后三座大殿的游览后，会径直进入御花园，然后出神武门，结束在故宫的游览。但是这又如何尽兴，毕竟这72万平方米的紫禁城有着太多的流连忘返。<br>        </div>    </div>    <div class=\"f-block\">        <img class=\"_j_lazyload\" style=\"height:450px;width:680px;background:#FCF2DC\"             src=\"/wKgBs1cWRtqAAQhkAAhH97zrNyo25.jpeg\">        <span class=\"img-an\">                                            图：故宫御花园的红墙绿树。by 小憩                                    </span>    </div>    <div class=\"f-block\" id=\"_j_paragraph_4\"><h3>二、东线参观</h3></div>    <div class=\"f-block\">        <div class=\"p-section\">            <b>故宫三大殿、探访顺治与董鄂妃的生死之恋以及珍妃井的秘密</b>        </div>    </div>    <div class=\"f-block\">        <div class=\"p-section\">            【游玩路线】：中轴线-东线承乾宫-永和宫-景仁宫-延禧宫-外东路钟表馆-珍宝馆-御花园<br>            【适合人群】：对历史感兴趣的大神们<br>            <br>            <b>【东六宫：景仁宫、承乾宫、钟粹宫、景阳宫、永和宫、延禧宫】</b><br>            交泰殿东侧，出门就是东六宫，这些小院落曾经住着紫禁城里备受恩宠的女人。走进这些院落，和影视剧里、历史故事里的人物对接一下，仿佛一下子就穿越到了当年的紫禁城。东六宫目前只开放了四个院落。<br>        </div>    </div>    <div class=\"f-block\">        <img class=\"_j_lazyload\" style=\"height:434px;width:680px;background:#FCF2DC\"             src=\"/wKgBpVUK802AHN6IACAD5hyUlds52.jpeg\">        <span class=\"img-an\">                                            图：故宫琉璃瓦。by 雪梨酱                                    </span>    </div>    <div class=\"f-block\">        <div class=\"p-section\">            ①钟粹宫：慈安皇太后曾经在这里居住过，慈禧是谁你一定知道，那么慈安和慈禧又是什么关系呢？好多人都知道大家习惯称慈禧为西太后，那么这位慈安就是那位东太后了，慈禧太后是咸丰帝的妃子，同治帝生母，而慈安太后是咸丰帝时的皇后，但并无子嗣，咸丰帝死后，同治继位，按照咸丰的遗诏，分别尊慈禧为圣母皇太后，尊慈安为母后皇太后。<br>            ②景阳宫：红丸案是明末三大案件之一，景阳宫是红丸案主角儿泰昌帝朱常洛生母住过的，没有开放，但这并不影响我们对这个历史疑案的推测和猜想。<br>            ③承乾宫：清顺治帝孝献皇后董鄂氏曾在这里居住，《孝庄皇后》里面，舒畅把董鄂妃演的深入人心，历史的帝王里，除了杨玉环和李隆基的绝世爱情，顺治和董鄂妃的生死恋情同样让人感到凄美。        </div>    </div>    <div class=\"f-block\">        <img class=\"_j_lazyload\" style=\"height:450px;width:680px;background:#FCF2DC\"             src=\"/wKgBs1cWRqWAG9ZJAAjKxP4oT9k95.jpeg\">        <span class=\"img-an\">                                            图：故宫红墙琉璃饰件。by 小憩                                    </span>    </div>    <div class=\"f-block\">        <div class=\"p-section\">            ④永和宫：这里曾住着雍正的生母、康熙的德妃乌雅氏，最终也未能母凭子贵移居慈宁宫，她并未像影视剧中那样尊享太后之位。<br>            ⑤景仁宫：福祸相依，这里曾住过明宣宗因被剥夺皇后之位而幸免于殉葬的胡皇后，也曾住过因慈禧太后为保全皇家颜面而使其投井殉国的光绪最宠爱的珍妃。<br>            ⑥延禧宫：还珠格格里的令妃娘娘就是住在延禧宫，令皇贵妃魏佳氏从最初一名默默的宫女成了宠惯后宫的女主人，也是嘉庆帝的生母。<br>        </div>    </div>    <div class=\"f-block\">        <img class=\"_j_lazyload\" style=\"height:452px;width:680px;background:#FCF2DC\"             src=\"/wKgBpVUK9oaASKc3AB_4RV2IOF899.jpeg\">        <span class=\"img-an\">                                            图：延禧宫里西洋式的水殿，俗称“水晶宫”。by 雪梨酱                                    </span>    </div>    <div class=\"f-block\">        <div class=\"p-section\">            <b>【外东路：珍宝馆-钟表馆-珍妃井】</b><br>            ①珍宝馆：一座宝库，有各色宝石，闪闪发光的金银器皿，珍珠翡翠等。<br>            离开延禧宫就能左转顺着红墙夹道去太上皇的宫殿。乾隆皇帝86岁时禅位给了他的儿子嘉庆皇帝，于是，成了太上皇的他专门给自己修了一座养老院，这就是珍宝馆，曾经的宁寿全宫-一组浓缩的紫禁城。珍宝馆有紫禁城最精华的部分<b>-</b>九龙壁-三联印-发晶鼻烟壶-宫中各种饰物-乾隆皇帝的25枚宝印-众达五吨的大禹治水玉山。<br>            ②钟表馆：清宫收藏的各式钟表。（这两个地方需要分别额外购买10/人的门票）。<br>            ③珍妃井：虽然就是一口井，但却代表了一个王朝的走入没落。<br>            出了珍宝馆的出口左转直行，便可看到顺贞门和神武门，顺贞门内是御花园，神武门外就算是离开了紫禁城了。<br>        </div>    </div>    <div class=\"f-block\">        <img class=\"_j_lazyload\" style=\"height:464px;width:680px;background:#FCF2DC\"             src=\"/wKgBpVUK81SAYmz0ABdIFDSsWQk05.jpeg\">        <span class=\"img-an\">                                            图：故宫珍宝馆展出的皇帝玺印。by 雪梨酱                                    </span>    </div>    <div class=\"f-block\">        <img class=\"_j_lazyload\" style=\"height:447px;width:680px;background:#FCF2DC\"             src=\"/wKgBpVUK836AU11aAB0u4B-0nQc45.jpeg\">        <span class=\"img-an\">                                            图：故宫里的珍妃井。by 雪梨酱                                    </span>    </div>    <div class=\"f-block\" id=\"_j_paragraph_5\"><h3>三、西线参观</h3></div>    <div class=\"f-block\">        <div class=\"p-section\">            <b>探秘电视剧《甄嬛传》的小主们生活的地方。</b>        </div>    </div>    <div class=\"f-block\">        <div class=\"p-section\">            【游玩线路】：中轴线-军机处-慈宁宫-寿康宫-太极殿-翊坤宫-储秀宫-御花园<br>            【适合人群】：对甄嬛传百看不厌的“小主贝勒王爷们”。<br>            ①军机处：雍正皇帝后专设的咨议机构，是清朝时期的中枢权力机关，不管是来自历史书上，还是来自电视剧里，军机大臣四个字早已根植于所有游客的脑海。<br>            ②慈宁宫：大名鼎鼎的孝庄皇太后，也难逃人生的落幕--“太宗皇帝奉安已久，我不便去惊扰，况且我最放心不下的是你和你的父亲，就把我葬在你父亲的陵边吧。”这句话给了几百年来许多人无数的遐想，太后下嫁多尔衮，有些历史终究无法还原，但这些趣闻也使我们的旅程增加了无限的乐趣。<br>            ③寿康宫：女主人们都比较长寿，雍正皇帝的熹贵妃、乾隆皇帝的亲生母亲、电视剧里的甄嬛，就住在这个院落。熹贵妃活了86岁，跟她的儿子去漠北，巡齐鲁下江南、登嵩岳，享尽了人间的荣华富贵。可是，这个院落最长寿的却是乾隆的婉嫔陈氏，虽然她曾经是这紫禁城里最不起眼的人物，但是她却活了92岁年纪。<br>        </div>    </div>    <div class=\"f-block\">        <img class=\"_j_lazyload\" style=\"height:450px;width:680px;background:#FCF2DC\"             src=\"/wKgBs1cWRuyAJiCrAAm7hUMASyc38.jpeg\">        <span class=\"img-an\">                                            图：安静祥和的慈宁宫花园，春色流离。by 小憩                                    </span>    </div>    <div class=\"f-block\">        <div class=\"p-section\">            <b>【西六宫：永寿宫、翊坤宫、储秀宫、咸福宫、长春宫和启祥宫（太极殿）】</b><br>            目前开放宫殿有翊坤宫、储秀宫和太极殿三个。<br>            ①翊坤宫：万历皇帝的生母、明穆宗李贵妃住过的地方，当然最出名的人物却是蒋欣扮演的华妃娘娘的原型、雍正的敦肃皇贵妃年氏，不过和电视剧中的年世兰不一样，敦肃皇贵妃一生生育一女三子，可惜都没有存世。<br>            ②储秀宫<b>：</b>懿嫔，也就是后来的慈禧太后，曾在这里居住，并在这里生下了同治皇帝。<br>            ③太极殿：里曾经住了大清国的最后一位皇太后--隆裕皇太后，正是她，亲笔签下《清帝退位诏书》，大清就这么结束了......<br>            逛完西六宫的三个小院落，向北可以进入御花园，出了神武门也就算离宫了。        </div>    </div>');
INSERT INTO `strategy_content` VALUES (10, '<div class=\"f-block\" id=\"_j_paragraph_1\"><h2>关于八达岭长城路线&amp;游玩攻略</h2></div>    <div class=\"f-block\">        <div class=\"p-section\">            八达岭长城，位于北京市西北部的延庆区，是旧时军都山关沟古道；作为万里长城的一部分，这个建于明代的长城是最早向游人开放的地段，所以整个景区的餐饮、娱乐、交通等配套设施较为完善。<br>            <br>            [一张很重要的导游图]        </div>    </div>    <div class=\"f-block\">        <img class=\"_j_lazyload\" style=\"height: 355px; width: 680px; background: rgb(252, 242, 220); display: block;\"             src=\"/wKgBZ1jXqguACJhhAAI1acBSdqI54.jpeg\">        <span class=\"img-an\">                                    </span>    </div>    <div class=\"f-block\">        <div class=\"p-section\">            一个完整的八达岭长城路线为<br>            从③售票处入口，开始登城，从北一楼至北八楼（北八楼是最高点）；然后从北八楼下至到北十楼，从熊乐园出城。但为了方便不同体力的游客，长城里还有其他路线~<br>            <br>            蓝色路线：景区内所有步行路线<br>            黄色路线：初步行外，其他交通方式；上面路线为缆车路线（北八楼--滚天沟停车场）下面路线为滑车（北四楼--熊乐园）<br>            绿色路线：北八楼--北一楼的下城路线<br>            <br>            来来来，跟着图解先来爬一遍八达岭长城，热热身~        </div>    </div>    <div class=\"f-block\">        <div class=\"p-section\">            ①八达岭火车站        </div>    </div>    <div class=\"f-block\">        <img class=\"_j_lazyload\" style=\"height: 453px; width: 680px; background: rgb(252, 242, 220); display: block;\"             src=\"/wKgBZ1jXqw-APrcAAA07x5ZKdDo47.jpeg\">        <span class=\"img-an\">                                    </span>    </div>    <div class=\"f-block\">        <img class=\"_j_lazyload\" style=\"height: 453px; width: 680px; background: rgb(252, 242, 220); display: block;\"             src=\"/wKgBZ1jXqzmARMDHABB0-Wn7-Oc78.jpeg\">        <span class=\"img-an\">                                    </span>    </div>    <div class=\"f-block\">        <div class=\"p-section\">            火车站距离登城口大约800米；清晨的阳光很美，一路按着指引牌行走，就像走在阳光大道。<br>            站台不允许停留，如果想要拍照，一定要尽（最）快下车。        </div>    </div>    <div class=\"f-block\">        <img class=\"_j_lazyload\" style=\"height: 453px; width: 680px; background: rgb(252, 242, 220); display: block;\"             src=\"/wKgBZ1jXq86AUvJ2AAtic8MFNBU44.jpeg\">        <span class=\"img-an\">                                    </span>    </div>    <div class=\"f-block\">        <div class=\"p-section\">            过了上图中的指示牌，就差不多进入了景区。<br>            马路右边为②商业步行街，包括各种餐饮以及邮局；左边⑩包括“不到长城非好汉”的刻碑、詹天佑纪念馆、长城博物馆、影院等。        </div>    </div>    <div class=\"f-block\">        <img class=\"_j_lazyload\" style=\"height: 453px; width: 680px; background: rgb(252, 242, 220); display: block;\"             src=\"/wKgBZ1k_72eAO_1oAA72kM0rqmM37.jpeg\">        <span class=\"img-an\">                                    </span>    </div>    <div class=\"f-block\">        <div class=\"p-section\">            对于有明信片癖的人来说，自然也要在长城邮局收一个邮戳~        </div>    </div>    <div class=\"f-block\">        <img class=\"_j_lazyload\" style=\"height:453px;width:680px;background:#FCF2DC\"             src=\"/wKgBZ1jXrGuAFtTiABbK6LMXIbg85.jpeg\">        <span class=\"img-an\">                                    </span>    </div>    <div class=\"f-block\">        <div class=\"p-section\">            如果想在“不到长城非好汉”前留念，建议登城前拍照，返回人太多的话，那就排队喽~<br>            <br>            沿蓝色路线一直前行，经过“北门锁钥”的西城门，就到了登城入口。        </div>    </div>    <div class=\"f-block\">        <img class=\"_j_lazyload\" style=\"height:453px;width:680px;background:#FCF2DC\"             src=\"/wKgBZ1jXrUiAHe-tABWYt6cUzEY06.jpeg\">        <span class=\"img-an\">                                    </span>    </div>    <div class=\"f-block\">        <img class=\"_j_lazyload\" style=\"height:453px;width:680px;background:#FCF2DC\"             src=\"/wKgBZ1jXrcuAUAR-AA7j-r3UY_Q84.jpeg\">        <span class=\"img-an\">                                    </span>    </div>    <div class=\"f-block\">        <div class=\"p-section\">            其实在进西门前，还要经过安检；但我们到的时候，安检人员都还没上班。所以还是早点到吧，返程时看到安检的队伍已经浩浩荡荡了……        </div>    </div>    <div class=\"f-block\">        <img class=\"_j_lazyload\" style=\"height:453px;width:680px;background:#FCF2DC\"             src=\"/wKgBZ1jXriOAZcnEAAyrfoJPBcQ59.jpeg\">        <span class=\"img-an\">                                    </span>    </div>    <div class=\"f-block\">        <div class=\"p-section\">            在③售票口处买票进景区<br>            研究森可以买到17.5元的学生票<br>            旺季4月1日—10月31日&nbsp;&nbsp;&nbsp;40元/成人；20元/学生<br>            淡季11月1日—次年3月31日&nbsp;&nbsp;&nbsp;35元/成人；17.5/学生<br>            关于八达岭长城的具体票价可参考官网：<br>            <a href=\"http://www.badaling.cn/infoshow.asp?id=139\" rel=\"nofollow\" target=\"_blank\">http://www.badaling.cn/infoshow.asp?id=139</a><br>            <br>            八达岭长城的南长城段并未完全开放，向南也只能走到南三楼（尽头）便返回；所以可以直接向北，从北一楼开始登城。图标④是指北一楼--北二楼--北三楼--北四楼这一段。<br>            这四座敌楼，可以说整个八达岭长城的43座敌楼形制相仿又各具特色，其中有巡逻放哨用的墙台，也有上、下两层的敌台，但现在所有的二楼通道都已封锁。        </div>    </div>    <div class=\"f-block\">        <div class=\"p-section\">            这一段应该算是整个八达岭长城中较为平缓的路程，而且游人相对较少，可以多驻足停留拍拍照。        </div>    </div>    <div class=\"f-block\">        <div class=\"p-section\">            到达⑤北四楼，可以看到下城滑车。怎么评价滑车呢，售着过山车的价钱（80元），但却没有任何刺激可言；看似蜿蜒曲折的路程，实则两三年分钟就下车了。所以并不建议乘坐滑车。<br>            <br>            一过北四楼，便深刻体会到了“居庸之险不在关而在八达岭”这句话了。本就凹凸不平的地面，已经磨到光滑的扶手，再加上不断的45度斜坡，真的是要小心翼翼才能登到海拔888米的北八楼。<br>            <br>            ⑥北八楼，八达岭长城海拔最高的敌楼，是俯瞰长城最佳之处。但同时也要做好人山人海的准备。9点半到达北八楼，已是无法走到敌楼最近处。        </div>    </div>    <div class=\"f-block\">        <div class=\"p-section\">            拍照套路：如果想以北八楼的敌楼为背景，那就不能奢望在镜头中能找到自己；所以可以以崇山峻岭为背景，毕竟这也是888米的视角。<br>            推荐一个北八楼拍照的好地方(上图我所在的位置）：在敌楼正面有已经被扶梯阻拦的通道，通道旁便是一个可以长时间停留的地方。既不会阻挡来往的人群，也有很棒的群山背景。        </div>    </div>    <div class=\"f-block\">        <div class=\"p-section\">            在北七楼与北八楼之间，遇见了这群可爱的馋猫。在喂了两根玉米肠要离开之际，看着不停往上窜的小爪子，它们的内心OS一定是“腿到用时方恨短”。        </div>    </div>    <div class=\"f-block\">        <img class=\"_j_lazyload\" style=\"height:453px;width:680px;background:#FCF2DC\"             src=\"/wKgBZ1jXqMyAdU4TABFvYbIBg1w33.jpeg\">        <span class=\"img-an\">                                    </span>    </div>    <div class=\"f-block\">        <div class=\"p-section\">            北八楼已算是八达岭长城的尽头，下城便有三种路线：<br>            1.乘坐缆车到滚天沟停车场；<br>            2.沿着绿色的下城路线返回，或者直接沿原路返回（只适合人少时）<br>            3.沿着北九楼，从北十楼下城。<br>            如果条件可以，当然推荐第三种路线，感受一个完整的长城路线~<br>            <br>            北八楼到北十楼之间，是人最少的阶段，但也是长城最陡的阶段。既想欣赏风景，又要时刻低头看路。如果不着急的话，这会是一段非常适合拍照的路程~        </div>    </div>');
INSERT INTO `strategy_content` VALUES (11, '<div class=\"f-block\" id=\"_j_paragraph_1\"><h2>出发前，你需要知道的！</h2></div><div class=\"f-block\">    <div class=\"p-section\">        <b>关于大交通：</b>大交通就是从你的当地到北京的交通，现在到北京的飞机、火车、高铁、动车都非常方便，全国各地各火车站、机场到北京的车次、航班都比较密集，都能很方便的买到票，机票的折扣也都比较透明，这里就不一一详述了！<br>    </div></div><div class=\"f-block\">    <img class=\"_j_lazyload\" style=\"height: 510px; width: 680px; background: rgb(252, 242, 220); display: block;\"         src=\"/wKgBs1gNqYaAHOGwAAMsuLl0J4U41.jpeg\">    <span class=\"img-an\">                                    </span></div><div class=\"f-block\">    <div class=\"p-section\">        <b>关于住宿，买好到北京的大交通，其次就是住宿问题了。</b>首先北京的酒店房间不是特别大，北京寸土寸金，近几年发展的比较快，五环都算市中心了，五环以内的房价都飙到4-5w一平米了，所以北京当地的酒店一般都不会特别大，不像二三线城市的酒店那么宽大，有很多就是刚好能放两张床就只剩下过道了，这都是比较正常的现象。<br>        Tips：北京酒店不同地理位置的酒店价格差距非常大，好的地段的连锁酒店都会到3-400元/晚，都差不多赶上位置偏一点的四星、五星酒店的价格了。<br>        <b>关于市内出行交通：<br>        </b>北京当地的交通，地铁是旅游出行最好的选择，北京打车不仅贵而且堵车特别严重，上下班高峰期甚至都打不到车，公交转车麻烦且拥挤，所以地铁出行是最好的方式，不会堵车，时间可控，基本上北京的大部分景点和商圈都有地铁覆盖，买张公共交通卡就解决了所有的出行问题！所以在酒店选择方面可以选择稍微偏一点的三环左右的酒店是最方便实惠的。<br>    </div></div><div class=\"f-block\">    <img class=\"_j_lazyload\" style=\"height: 510px; width: 680px; background: rgb(252, 242, 220); display: block;\"         src=\"/wKgBs1gNqhGAGv4ZAAPF1pRWtLQ23.jpeg\">    <span class=\"img-an\">                                    </span></div><div class=\"f-block\" id=\"_j_paragraph_2\"><h2>这几个景点不仅免费，还好逛！</h2></div><div class=\"f-block\">    <div class=\"p-section\">        说到重点了，先说免费的景点，我按几个片区来说，可能会更加清晰，可以根据自己的喜好来安排游玩时间。<br>    </div></div><div class=\"f-block\" id=\"_j_paragraph_3\"><h3>TOP1：天安门片区</h3></div><div class=\"f-block\">    <img class=\"_j_lazyload\" style=\"height: 510px; width: 680px; background: rgb(252, 242, 220); display: block;\"         src=\"/wKgBs1gNq7mAMr6QAAQ2nAilBkI60.jpeg\">    <span class=\"img-an\">                                    </span></div><div class=\"f-block\">    <div class=\"p-section\">        在长安街南侧，北京城的传统中轴线上，座落着世界上最大的广场——天安门广场，广场中心为人民英雄纪念碑，继续向南穿过毛主席纪念堂就到了正阳门，也就是人们常说的前门。广场的西侧是人民大会堂，东侧是国家博物馆。在广场的对面，长安街的北侧即是天安门城楼，城楼下是波光粼粼的金水河。每天的清晨和傍晚，天安门广场都会举行隆重严肃的升降旗仪式，对于初到北京的人来说，观看一场升降旗仪式是必不可少的一件事。天安门广场上的人民英雄纪念碑、毛主席纪念堂、东边的国家博物馆都是免费的。<br>        毛主席纪念堂：位于天安门广场，每周一闭馆，周二到周日的上午（8-12点）开放，下午闭馆，凭有效证件免费参观，需要注意的是入内瞻仰需接受安检，不允许带包、相机、水杯等物品进入，所以需要先存包。每天开放的时候排队人都比较多，有时候都会拐几个大弯的长龙排队。<br>    </div></div><div class=\"f-block\">    <img class=\"_j_lazyload\" style=\"height:510px;width:680px;background:#FCF2DC\"         src=\"/wKgBs1gNtAeAa1uxAALUpnKG5bo15.jpeg\">    <span class=\"img-an\">                                    </span></div><div class=\"f-block\">    <div class=\"p-section\">        升旗仪式：天安门升旗仪式每天都有，不管刮风下雨还是下雪，每天根据太阳出来的时间，早夏季在4点多，冬季7点多左右，如果没赶上升旗，可以下午太阳落下的时候看降旗仪式，两个都没赶上的话，国旗班在天安门里面，午门外面的东侧训练，可以近距离看到国旗班的甩姿！<br>        天安门广场南边的新前门大街，前门大街商贾林立，全聚德烤鸭、都一处烧麦、六必居酱园、同仁堂药店、瑞蚨祥绸布、内联升鞋店、张一元茶庄，还有鲜鱼口小吃，这里是吃货们的天堂，购物的好去处！<br>    </div></div><div class=\"f-block\">    <img class=\"_j_lazyload\" style=\"height:510px;width:680px;background:#FCF2DC\"         src=\"/wKgBs1gNtA-AOM3KAAOVhruNmvI78.jpeg\">    <span class=\"img-an\">                                    </span></div><div class=\"f-block\" id=\"_j_paragraph_5\"><h3>TOP3：798艺术区</h3></div><div class=\"f-block\">    <div class=\"p-section\">        不管你是不是文艺青年都可以到这里装一把文艺范，&nbsp;喜欢艺术的朋友更要要去这里，感受这里的艺术氛围，这是一个旧工厂改造的，来自全球的各种艺术表现手法、前沿艺术都在这里可以感受到，美术、创意、服装、摄影、泥塑、咖啡、酒吧、各种涂鸦、各种小商店、行为艺术等等等等，也会时不时的有活动和画展，能看到什么展览活动就需要看缘分了，适合各种逼格的艺术拍照，小资情怀，文艺青年！<br>        交通：乘401、402、405、445、909、946、955、973、988、991路在大山子路口南站下，地铁10号线亮马桥站C口可换乘402、405、909路，1号线四惠站可换乘402、405路，15号线望京站可换乘445路。<br>        自驾：四环路在大山子环岛上酒仙桥路，然后从酒仙桥路2号入口或酒仙桥路4号入口进入798，厂子里可停车。&nbsp;<br>        门票：免费，个别展馆单独收费<br>        开放时间：园区全天开放，大多数展览的展出时间为10:00-18:00，大部分画廊展馆周一闭馆。<br>    </div></div><div class=\"f-block\">    <img class=\"_j_lazyload\" style=\"height:369px;width:680px;background:#FCF2DC\"         src=\"/wKgBs1gNvJSACfVXAAJmb6a4ULw02.jpeg\">    <span class=\"img-an\">                                            798艺术区   by 凹凸曼                                    </span></div>');
INSERT INTO `strategy_content` VALUES (12, '<div class=\"f-block\" id=\"_j_paragraph_1\"><h2>探寻胡同里的地道北京味</h2></div>    <div class=\"f-block\">        <div class=\"p-section\">            豆汁糖葫芦，胡同上空的鸽哨声，两边的四合院，敞着门静静地晒太阳。茶余饭后，大爷大妈，孩子嬉闹，小鸟叽喳。北京的胡同，任岁月变迁，依旧不急不缓地伸展着，就像是走过多年沧桑的老者。也许只有到了胡同，你才能体会这地地道道的老北京味儿。<br>        </div>    </div>    <div class=\"f-block\" id=\"_j_paragraph_2\"><h2>NO.1 南锣鼓巷</h2></div>    <div class=\"f-block\">        <div class=\"p-section\">            美国《时代》周刊挑选出的亚洲25处你不得不去的好玩地，北京南锣鼓巷榜上有名。这条长800米的胡同，是北京最热闹也是最时尚的胡同区，酒吧霓虹与灰墙灰瓦融合。这里藏着最地道的北京味儿，街街巷巷也曾挤满了达官显贵。从明朝文臣将军到清代皇后格格，还有文人学者诗画巨匠，胡同里每一处宅院都有说不完的风流人物，每一处都能牵扯出一段历史或故事。<br>            南锣鼓巷南北走向，北起鼓楼东大街,&nbsp;南止地安门东大街，&nbsp;全长786米，&nbsp;宽8米，与元大都(1267年)同期建成，&nbsp;是我国唯一完整保存着元代胡同院落肌理、规模最大、品级最高、资源最丰富的棋盘式传统民居区。<br>            如今这里开起了风格百变的个性店铺，精巧时尚的私房小馆，元朝古巷新旧混血，就此重生，全球游客都爱来此“迷失北京”。<br>        </div>    </div>    <div class=\"f-block\">        <img class=\"_j_lazyload\" style=\"height: 447px; width: 680px; background: rgb(252, 242, 220); display: block;\"             src=\"/wKgBZ1i5LN2ALcOkAAGTXFcsYwM58.jpeg\">        <span class=\"img-an\">                                    </span>    </div>    <div class=\"f-block\" id=\"_j_paragraph_3\"><h3>如何抵达：</h3></div>    <div class=\"f-block\">        <div class=\"p-section\">            到达北口：乘107、124、204、635路在宝钞胡同站下，107、124、204路在小经厂站下，或乘地铁6号线或8号线南锣鼓巷站下。<br>            到达南口：乘13、60、118、612、623路在锣鼓巷站下，104、108、113、201、612、758路在北兵马司站下，向西经过东棉花胡同即是。<br>        </div>    </div>    <div class=\"f-block raiders clearfix\">        <a href=\"https://m.mafengwo.cn/nb/public/sharejump.php?type=3&amp;id=3511&amp;poi_type_id=3\" target=\"_blank\"           class=\"_j_quote_guide\" data-title=\"南锣鼓巷\" data-id=\"3511\" data-type=\"2\">            <div class=\"img\"><img                    src=\"/wKgBEFqilDOAb27JAAxBfrAhcjc17.jpeg\">            </div>            <div class=\"info view_poi_info\">                <h2>南锣鼓巷</h2>                <p style=\"max-height: 81px;line-height: 21px;\">·南锣鼓巷列于25片旧城保护区之中，全长786米，是北京最古老的街区之一。                    ·是我国唯一完整保存着元代胡同院落构造、规模最大、品级最高、资源最丰富的棋盘式传统民居区。                    ·如今这里开起了风格百变的个性店铺，各种精巧时尚的私房小馆，老北京胡同与小资情调结合，成为北京的时尚地标。                    ·如果想安静体会老北京风情，可以到两侧几条胡同里寻觅一番，多座名人故居和历史建筑一定让你不虚所行。</p>            </div>        </a>    </div>    <div class=\"f-block\" id=\"_j_paragraph_4\"><h2>NO.2 烟袋斜街</h2></div>    <div class=\"f-block\">        <div class=\"p-section\">            “后海波寒柳雾凉，一根烟袋点残阳。银桥可载西山重，老店犹飞爆肚香。梦落鼻壶闻烂醉，魂游瓦巷转悠扬。斜街更比烟竿短，几步明清岁月长”。诗句中写的正是北京著名的烟袋斜街，位于什刹海保护区的核心区内。这名字由来还要说到当时居住在北城的旗人嗜好抽烟，烟叶装在烟袋中，后来烟袋的需求激增，斜街上的烟袋铺也与日俱增。另外烟袋斜街本身就宛如一只烟袋，细长的街道好似烟袋杆。如今这里已是北京人闲暇时寻找美食古玩，赏书画古建筑的好去处。<br>        </div>    </div>    <div class=\"f-block\">        <img class=\"_j_lazyload\" style=\"height: 283px; width: 680px; background: rgb(252, 242, 220); display: block;\"             src=\"/wKgBZ1i5LieAASg6AAE5vY2ivB817.jpeg\">        <span class=\"img-an\">                                    </span>    </div>    <div class=\"f-block\" id=\"_j_paragraph_5\"><h3>如何抵达：</h3></div>    <div class=\"f-block\">        <div class=\"p-section\">            公交：乘坐5、60、107、124、635路公交车鼓楼站下车步行202米即到。<br>            地铁：乘坐地铁二号线鼓楼大街站下。乘坐地铁六号线南锣鼓巷站下或北海北站下。<br>        </div>    </div>    <div class=\"f-block\">        <div class=\"product-box\">            <div class=\"item\">                <a href=\"http://www.mafengwo.cn/sales/357259.html?cid=1010402&amp;sourceFrom=zhuti-10065-2753\"                   target=\"_blank\">                    <span class=\"img\"><img                            src=\"/wKgBs1gAN4yARiEYAAQ0b0ZDagE46.jpeg\"                            alt=\"北京必体验之天安门广场+故宫+恭王府+烟袋斜街深度纯玩悠闲一日游（赠送乘坐黄包车胡同儿游+老北京海碗居炸酱面+全程导游贴心服务）\" width=\"140\"                            height=\"90\"></span>                    <h3>北京必体验之天安门广场+故宫+恭王府+烟袋斜街深度纯玩悠闲一日游（赠送乘坐黄包车胡同儿游+老北京海碗居炸酱面+全程导游贴心服务）</h3>                    <div> 古都京韵风情/ 登天安门城楼/ 坐黄包车逛老胡同/</div>                    <i class=\"p-arr\"><i></i></i>                </a>            </div>        </div>    </div>    <div class=\"f-block raiders clearfix\">        <a href=\"https://m.mafengwo.cn/nb/public/sharejump.php?type=3&amp;id=3499&amp;poi_type_id=3\" target=\"_blank\"           class=\"_j_quote_guide\" data-title=\"烟袋斜街\" data-id=\"3499\" data-type=\"2\">            <div class=\"img\"><img                    src=\"/wKgB4lN8rLeACSoFAAwFNrOkGak81.jpeg\">            </div>            <div class=\"info view_poi_info\">                <h2>烟袋斜街</h2>                <p style=\"max-height: 81px;line-height: 21px;\">·烟袋斜街全长232米，是北京最古老的的一条商业街，在清朝时主要经营烟具、装裱字画、贩卖古玩玉器等。                    ·烟袋斜街本身就宛如一只烟袋，细长的街道好似烟袋杆儿，东头入口像烟袋嘴儿，因此以“烟袋”命名斜街。                    ·这里有北京剪纸、吹糖人、北京特色小吃，充满了古老而独特的市井风情，韵味十足。                    ·周边还有银锭桥、荷花市场、恭王府等著名景点，以及姚记炒肝、南门涮肉等特色美食，可以一并游玩。</p>            </div>        </a>    </div>    <div class=\"f-block\" id=\"_j_paragraph_6\"><h2>NO3. 国子监街</h2></div>    <div class=\"f-block\">        <div class=\"p-section\">            想要在北京来一场探寻历史的文化之旅，那国子监街必是你不容错过的一处。这里因孔庙和国子监而得名，仅仅是孔庙的历史便可以追溯到元，历史光芒可见一斑。首都博物馆值得一逛，北京仅存的六座牌楼这里就有四座，夹道的古槐树在天空织成一张大网，顺着幽静的街道蜿蜒向前，2块武官下马文官下轿的碑默默一旁，讲述着过往的辉煌。<br>            在这条有着700多年的历史老街上，有着传统文化和记忆留存的建筑，如松堂博物馆和北京老物件陈列室；还有许多朴素且不平庸的店铺点缀着这条充满古朴的街道，如梵几客厅和好白商店。<br>        </div>    </div>    <div class=\"f-block\">        <img class=\"_j_lazyload\" style=\"height: 279px; width: 680px; background: rgb(252, 242, 220); display: block;\"             src=\"/wKgBZ1i5LxOABL0KAAEUkUiy4n424.jpeg\">        <span class=\"img-an\">                                    </span>    </div>');
INSERT INTO `strategy_content` VALUES (13, '<div class=\"f-block\" id=\"_j_paragraph_1\"><h2>一、杭州概况</h2></div>    <div class=\"f-block\">        <img class=\"_j_lazyload\" style=\"height: 803px; width: 680px; background: rgb(252, 242, 220); display: block;\"             src=\"/wKgEaVxvpDeAXxqZAAjWnM_JEfc220.png\">        <span class=\"img-an\">                                    </span>    </div>    <div class=\"f-block\">        <div class=\"p-section\">            “上有天堂，下有苏杭”这座自古就被人称作“人间天堂”的杭城，山、泉、湖、桥、塔、寺样样俱全，世人对于杭州的印象无论是自然的湖光山色还是充满历史感的名胜古迹都充满了溢美之词。<br>            <br>            在BBC纪录片《中国故事》第三季中提到了13世纪，马可波罗将杭州称为世界上最美的城市。自G20在杭州举办以后，杭州的发展便迎来了全面爆发。杭州入选“2018年WFBA世界特色魅力城市200强”榜单，在经济体量杭州已经超过了世界上许多国家，成为中国最顶级的14个城市之一。而且在2022年，杭州将成为亚运会的举办地。继北京和广州后，第三个举办亚运会的中国城市。<br>            <br>            杭州，真是优秀到极致。享尽了全世界对它的赞美~<br>            <br>        </div>    </div>    <div class=\"f-block\">        <img class=\"_j_lazyload\" style=\"height: 360px; width: 640px; background: rgb(252, 242, 220); display: block;\"             src=\"/wKgEaVxve6CAb6reAAdZa4LbcOc007.gif\">        <span class=\"img-an\">                                    </span>    </div>    <div class=\"f-block\" id=\"_j_paragraph_2\"><h3>最佳旅行时间</h3></div>    <div class=\"f-block\">        <div class=\"p-section\">            每年的3-4月、9-10月是杭州的最佳旅行时间。春风和煦，秋高气爽，没有夏季的酷热，也没有冬季的阴冷。但品味杭州，无所谓季节，也无所谓天气。因为西湖如同一位魔术师，无论春夏秋冬、阴晴雨雪，都是一样的美，正如那句\"淡妆浓抹总相宜\"。<br>            9-11月：天气秋高气爽，满陇桂雨的桂花飘香十里。中秋前后尤有看头：白天可观钱塘大潮，晚上能游湖赏月。<br>            3-5月：春风暖暖，春水醉人，最适合漫步苏堤踏青赏花。<br>            6-8月：盛夏季节，天气炎热，而西湖的荷花正在烈日下开得热火朝天。<br>            12-2月：严冬时节，腊梅竞放，孤山赏梅、灵峰探梅、超山访梅三大赏梅圣地不可不去，西湖十景之一的“断桥残雪”此时也迎来最动人时节。<br>        </div>    </div>    <div class=\"f-block\" id=\"_j_paragraph_3\"><h2>二、杭州人气景点</h2></div>    <div class=\"f-block\" id=\"_j_paragraph_4\"><h3>1、西湖</h3></div>    <div class=\"f-block\">        <div class=\"p-section\">            杭州最著名的景点，新旧“西湖十景”等是其精华所在。<br>            西湖十景形成于南宋时期，包括苏堤春晓、曲苑风荷、平湖秋月、断桥残雪、柳浪闻莺、花港观鱼、雷峰夕照、双峰插云、南屏晚钟、三潭印月，代表了古代西湖胜景精华。<br>            新西湖十景是经过杭州市民评选，并由专家评选委员会确定的，包括云栖竹径、满陇桂雨、虎跑梦泉、龙井问茶、九溪烟树、吴山天风、阮墩环碧、黄龙吐翠、玉皇飞云、宝石流霞。<br>        </div>    </div>    <div class=\"f-block\">        <img class=\"_j_lazyload\" style=\"height: 453px; width: 680px; background: rgb(252, 242, 220); display: block;\"             src=\"/wKgED1xWchuAJmnZAAR8o80U04858.jpeg\">        <span class=\"img-an\">                                    </span>    </div>');
INSERT INTO `strategy_content` VALUES (14, '<div class=\"f-block\" id=\"_j_paragraph_1\"><h2>东京必吃的10大排队美食（排名不分前后）</h2></div>    <div class=\"f-block\" id=\"_j_paragraph_2\"><h3>01 店铺很多的一蘭拉面</h3></div>    <div class=\"f-block\">        <div class=\"p-section\">            虽然是国人趋之若鹜的攻略必备店铺，但还是值得造访，没有什么比深夜里一碗热腾腾的拉面更治愈的了，而且味道诚意满满。<br>            Tips：<br>            1.&nbsp;新奇的全自动点菜系统，全程见不到服务员小哥们，先投币购买，再选口味；投币注意不要选错成加一份面，就要正常的一碗即可，而后不够可再加替玉。<br>            2.&nbsp;吃光面喝光汤有惊喜哦。<br>            3.&nbsp;人均1000&nbsp;Yen，&nbsp;24小时营业。<br>            4.最美味的搭配是普通浓度&nbsp;软面&nbsp;1/2辣&nbsp;细葱花&nbsp;木耳&nbsp;蛋（点睛的木耳和溏心蛋一定要点）<br>            5.菜单勾选也有中文，适合不会说日文，害羞的新手造访！<br>            附近景点：分店很多，如果去涉谷那家可以顺路看到忠犬八公的铜像，<a                href=\"https://m.mafengwo.cn/nb/public/sharejump.php?type=103&amp;video_id=452874\" rel=\"nofollow\"                target=\"_blank\">浅草寺</a>前也有店的<br>            地址：分店很多，如果去<a href=\"https://m.mafengwo.cn/nb/public/sharejump.php?type=103&amp;video_id=538318\"                          rel=\"nofollow\" target=\"_blank\">新宿</a>JR站那家店人不多<br>            营业时间：24小时<br>            人均消费：1000到2000日元<br>            网址：<a href=\"http://www.ichiran.co.jp/\" rel=\"nofollow\" target=\"_blank\">http://www.ichiran.co.jp/</a><br>        </div>    </div>    <div class=\"f-block\">        <img class=\"_j_lazyload\" style=\"height: 474px; width: 680px; background: rgb(252, 242, 220); display: block;\"             src=\"/wKgBs1bzvICAMVaHAAIJQ8m7pD498.jpeg\">        <span class=\"img-an\">                                    </span>    </div>    <div class=\"f-block\" id=\"_j_paragraph_3\"><h3>02 南千住 | 尾花•鳗鱼饭</h3></div>    <div class=\"f-block\">        <div class=\"p-section\">            如果你也喜欢名侦探柯南的话，对于鳗鱼饭一定不陌生。尾花鳗鱼香气十足，外皮完全和鱼肉融为一体，完全没有刺，不愧是东京鰻鱼饭排名中，不可能错过的名店。<br>            当然他并不是最便宜或是交通最方便的，需合理安排行程。尾花的鳗鱼都是现点现做，所以等待的时间会比较长。<br>            附近景点：南千住属于居民区，附件名胜不多，但购物中心不少，专卖母婴用品的西松屋虽不退税，但价格非常实惠。<br>            地址：東京都荒川区南千住5-33-1<br>            营业时间：工作日11:30～13:30、16:00～19:30<br>            周末及假日11:30～19:30<br>            周一休息<br>            人均消费：5000-6000日元<br>            电话：03-3801-4670<br>        </div>    </div>    <div class=\"f-block\">        <img class=\"_j_lazyload\" style=\"height: 426px; width: 680px; background: rgb(252, 242, 220); display: block;\"             src=\"/wKgBs1b564KAcXHzAAkHCNRsRlE551.png\">        <span class=\"img-an\">                                    </span>    </div>    <div class=\"f-block\" id=\"_j_paragraph_4\"><h3>03 筑地 | 寿司大•店长自选套餐</h3></div>    <div class=\"f-block\">        <div class=\"p-section\">            看过寿司之神的你一定不会错过东京最大的鱼鲜集散地——筑地市场，而超级热门的筑地市场寿司大，必须起大早前去排队，5点到16点的营业时间保证了食材的真正新鲜。店长自选套餐(Omakase)，这里面包括了玉子烧、味磳汤、十个寿司、鮪鱼寿司捲，还有最后可以加点任一贯自选寿司。鲜美味道让你惊呼出来！<br>            附近景点：筑地市场<br>            店址：东京都中央区筑地&nbsp;筑地市场6号馆2F<br>            网址：<a href=\"http://www.tsukijigourmet.or.jp/\" rel=\"nofollow\" target=\"_blank\">http://www.tsukijigourmet.or.jp/</a><br>            营业时间：5:00到16:00<br>            电话：03-3541-0952<br>            人均消费：4000日元<br>        </div>    </div>    <div class=\"f-block\">        <img class=\"_j_lazyload\" style=\"height: 435px; width: 680px; background: rgb(252, 242, 220); display: block;\"             src=\"/wKgBs1bzu9GAAYOgAAgT9PsR8ac410.png\">        <span class=\"img-an\">                                    </span>    </div>    <div class=\"f-block\" id=\"_j_paragraph_5\"><h3>04 银座怀石料理</h3></div>    <div class=\"f-block\">        <div class=\"p-section\">            如果在日本吃尽所有却未尝试过一次怀石料理的话，可以斩钉截铁的下个结论：亲你白来了（＋﹏＋）。<br>            怀石料理绝对是这个国度最最传统也最最传神的美食！很多人在问日本哪里可以吃到性价比最高的怀石料理，我觉得如果不差钱儿在米其林餐厅体验一次怀石料理当然最棒（一定要提前至少1个月进行预约！！），如果想高性价比体验一把，那么银座豆寅怀石料理不妨为一种选择！<br>            私以为怀石料理的用餐环境非常重要(=￣ω￣=)，东京是比较时髦的国际化大都市，而京都天然具备古色古香的和风禅意，一方古院，小桥流水~如果行程中有京都的话不妨将怀石体验留给京都吧。<br>            附近景点：银座，这里的人们称它魅力之都（hah&nbsp;hah）<br>            地址：東京都中央区銀座6-12-7<br>            网址：<a href=\"http://kiwa-group.co.jp/restaurant/153/\" rel=\"nofollow\" target=\"_blank\">http://kiwa-group.co.jp/restaurant/153/</a><br>            营业时间：周一到周五11:30&nbsp;-&nbsp;15:00、17:30&nbsp;-&nbsp;L.O.21:30<br>            周六11:30&nbsp;-&nbsp;15:00、17:30&nbsp;-&nbsp;L.O.21:00<br>            电话：03-5537-5914<br>            人均消费：15000日元-25000日元<br>        </div>    </div>    <div class=\"f-block\">        <img class=\"_j_lazyload\" style=\"height:422px;width:680px;background:#FCF2DC\"             src=\"/wKgBs1b0tIKAVnQ-AAGYB0FQ0oY65.jpeg\">        <span class=\"img-an\">                                    </span>    </div>    <div class=\"f-block\" id=\"_j_paragraph_6\"><h3>05 汐留 | 比内や•亲子饭</h3></div>    <div class=\"f-block\">        <div class=\"p-section\">            以有名的比内地鸡为名的店，晚上是居酒屋，午餐限定三种menu:&nbsp;极上の亲子丼&nbsp;980yen，究极の亲子丼&nbsp;1,200yen&nbsp;，&nbsp;比内地鶏&nbsp;やきとり丼980yen。<br>            用天然盐，按摩鸡肉，以备长炭烤制而成的亲子饭。弹Q肉质与滑嫩蛋汁搭配天衣无缝，选材上佳，料理用心的美味。<br>            附近景点：JR新桥站可以说是东京往横滨、神奈川的交通枢纽，去神奈川看灌篮高手的同学会在这里转车<br>            地址：東京都港区東新橋１－３－５<br>            网址：<a href=\"http://www.hotpepper.jp/strJ000001877/map/\" rel=\"nofollow\" target=\"_blank\">http://www.hotpepper.jp/strJ000001877/map/</a><br>            营业时间：周一到周五:&nbsp;11:30-14:00&nbsp;、17:00-3:00<br>            周六11:30&nbsp;-&nbsp;15:00、17:30&nbsp;-&nbsp;L.O.21:00<br>            电话：050-5815-2803<br>            人均消费：3000-4000日元<br>        </div>    </div>    <div class=\"f-block\">        <img class=\"_j_lazyload\" style=\"height:440px;width:680px;background:#FCF2DC\"             src=\"/wKgBs1b5E2yAI0sYAAHIfaoAq3Y01.jpeg\">        <span class=\"img-an\">                                    </span>    </div>');
INSERT INTO `strategy_content` VALUES (15, '<div class=\"f-block\">    <img class=\"_j_lazyload\" style=\"height: 409px; width: 680px; background: rgb(252, 242, 220); display: block;\"         src=\"/wKgBZ1jZ3wyAdHiLABBvyPkvPEk222.png\">    <span class=\"img-an\">                                    </span></div><div class=\"f-block\" id=\"_j_paragraph_1\"><h2>难道就为打卡而看场百老汇音乐剧？</h2></div><div class=\"f-block\">    <div class=\"p-section\">        当然不仅仅是这样的！如果只为一次纽约魅力夜生活打卡而选择一场百老汇音乐剧，那真的是一个聪明不后悔的选择。不过，更大的原因其实是我们来到，看到，值得拥有全世界最好的英语剧。&nbsp;全世界最好的音乐剧和英语话剧都汇集在了纽约百老汇，因为只有全世界最好的音乐剧才有资格在百老汇上演，全世界最好的演员都梦想来百老汇演出。&nbsp;这里是纽约客们的精神食粮。    </div></div><div class=\"f-block\">    <img class=\"_j_lazyload\" style=\"height: 316px; width: 650px; background: rgb(252, 242, 220); display: block;\"         src=\"/wKgBZ1jZziaAAFdyAAHmkULuR7866.jpeg\">    <span class=\"img-an\">                                            百老汇大街                                    </span></div><div class=\"f-block\" id=\"_j_paragraph_2\"><h2>托尼奖和百老汇音乐剧</h2></div><div class=\"f-block\">    <div class=\"p-section\">        Broadway&nbsp;Shows，包括在Broadway&nbsp;Theaters上演的所有音乐剧(Musical)和话剧(Play)。而Broadway&nbsp;Theaters是指获准加入Broadway&nbsp;Theater联盟的40家剧院，也就是所说的<b>“内百老汇”</b>剧院，几乎分布在44街至53街，构成纽约剧院的精华，上演的均是经典、热门、商业化的剧目；41街和56街上的<b>“外百老汇”</b>剧院(Off&nbsp;Broadway&nbsp;Theaters)，演出的多是一些实验性、无名气、低成本的剧目。百老汇以<b>音乐剧</b>最为出名，音乐剧是为了讲故事而唱，重心在于故事和表演。这其中大致又分两类：一类以唱为百主，如《歌剧魅影》；另一类以音乐舞台为主，没有或者基本没有语言，如《狮子王》。&nbsp;&nbsp;    </div></div><div class=\"f-block\">    <img class=\"_j_lazyload\" style=\"height: 446px; width: 680px; background: rgb(252, 242, 220); display: block;\"         src=\"/wKgBZ1nMyr-AQBZYAA8ELUY0U3M141.png\">    <span class=\"img-an\">                                    </span></div><div class=\"f-block\">    <div class=\"p-section\">        &nbsp;说到百老汇就不能不说托尼奖。托尼奖和奥斯卡、格莱美并列为世界顶级奖项，是为了评选出当年最优秀的话剧和音乐剧而设立的。由于话剧和音乐剧这种非常依赖team&nbsp;working的创作，托尼奖每年最重要的四个奖项给了最佳话剧、最佳重拍话剧、最佳音乐剧、最佳重排音乐剧！不得不说音乐剧创作者真的非常喜欢挑战自己，不断要超越自己所创作的经典。不过，正是因此，才会有一部又一部新的经典剧目推陈出行，作为观众是最有福气的。&nbsp;&nbsp;&nbsp;&nbsp;    </div></div><div class=\"f-block\">    <img class=\"_j_lazyload\" style=\"height: 346px; width: 650px; background: rgb(252, 242, 220); display: block;\"         src=\"/wKgBZ1jZz_WARP--AAGEISIWqGg82.jpeg\">    <span class=\"img-an\">                                            托尼奖在美国与奥斯卡、格莱美齐名，是为评选当年最好的音乐剧和话剧。                                    </span></div><div class=\"f-block\" id=\"_j_paragraph_3\"><h2>选择最适合你的剧目</h2></div><div class=\"f-block\" id=\"_j_paragraph_4\"><h3>全能入门剧</h3></div><div class=\"f-block\">    <div class=\"p-section\">        这些音乐剧是非常友好的，大部分歌曲是朗朗上口的，剧情是通俗易通的，而且舞台精彩，无论喜欢什么类型的人都不会挑出毛病，是非常适合作为入门级百老汇剧目的。&nbsp;&nbsp;&nbsp;&nbsp;&nbsp;    </div></div><div class=\"f-block\">    <div class=\"p-section\">        冰雪奇缘《Frozen》根据热门电影改编，将于2018.2.22在纽约百老汇正式首演。&nbsp;奥斯卡奖获得者克里斯汀.安德森.洛佩兹和托尼奖奥斯卡奖双重获得者罗伯特洛佩兹合作的编剧，音效设计、灯光设计、场景和舞台设计、编舞、导演均是由获得托尼奖（美国戏剧界的奥斯卡）的大咖担纲。    </div></div><div class=\"f-block\">    <div class=\"p-section\">        推荐理由：&nbsp;未演先火的迪士尼经典改变，除了电影中的7首主题曲，百老汇的演出中会再加入15首歌曲丰富剧情。不忘《let&nbsp;it&nbsp;go》，更有新音乐欣赏。一票难求，现在买暑期的票都未必买得到了。&nbsp;    </div></div><div class=\"f-block\">    <img class=\"_j_lazyload\" style=\"height: 379px; width: 680px; background: rgb(252, 242, 220); display: block;\"         src=\"/wKgBZ1oea86AP8L5AA8ApZAwA88842.png\">    <span class=\"img-an\">                                    </span></div><div class=\"f-block\">    <div class=\"p-section\">        演出剧院：St.&nbsp;James&nbsp;Theatre&nbsp;&nbsp;246&nbsp;West&nbsp;44th&nbsp;Street&nbsp;New&nbsp;York,&nbsp;NY&nbsp;10036<br>        演出时长：2小时30分钟&nbsp;（包括一次幕间休息）<br>        演出时间：2018.2.22~2018.12.31&nbsp;&nbsp;周二、周四、周五20:00&nbsp;&nbsp;周三、周六14:00&amp;20:00&nbsp;周日15:00&nbsp;&nbsp;<br>    </div></div><div class=\"f-block\">    <div class=\"p-section\">        <b>狮子王&nbsp;(Lion&nbsp;King)</b>非洲大草原的动物王国，其主题超越任何文化和国界。老狮子王向儿子（小狮子王辛巴）传授的道理貌似简单，其实富有深刻哲理：生命的轮回、万物的盛衰，一切都必须依照自然规律。&nbsp;&nbsp;    </div></div><div class=\"f-block\">    <div class=\"p-section\">        <b>推荐理由：</b>曾获1998年包括最佳音乐剧在内的托尼奖6项大奖，服装设计的巅峰之作！    </div></div><div class=\"f-block\">    <img class=\"_j_lazyload\" style=\"height:452px;width:680px;background:#FCF2DC\"         src=\"/wKgBZ1nMyzqACBsAAAhvLgAmlN0340.png\">    <span class=\"img-an\">                                    </span></div><div class=\"f-block\">    <div class=\"p-section\">        演出地点：Minskoff&nbsp;Theatre,&nbsp;200&nbsp;West&nbsp;45th&nbsp;Street,&nbsp;New&nbsp;York,&nbsp;NY&nbsp;10036<br>        演出时间：周二19:00，周三14:00&amp;19:00，周四19:00，周五20:00，周六14:00&amp;20:00，周日15:00<br>        演出时长：2.5小时&nbsp;&nbsp;<br>    </div></div>');
INSERT INTO `strategy_content` VALUES (16, '<div class=\"f-block\">        <img class=\"_j_lazyload\" style=\"height: 356px; width: 640px; background: rgb(252, 242, 220); display: block;\"             src=\"/wKgBEFtntc6AeKX5AACL0XooylQ15.jpeg\">        <span class=\"img-an\">                                    </span>    </div>    <div class=\"f-block\" id=\"_j_paragraph_1\"><h2>Q 如何办理泰国签证？</h2></div>    <div class=\"f-block\">        <div class=\"p-section\">            A&nbsp;中国大陆居民可凭有效护照提前办理泰国旅游签证，签证费用为230元人民币。同时，无论是从国内直接出发，还是从第三国或地区到达泰国，中国公民均可凭至少还有6个月有效期的护照办理有效期为15天的落地签证。但是由于泰国各大国际机场办理落地签游客较多，为节省排队时间可在国内先办好签证再出发。        </div>    </div>    <div class=\"f-block\" id=\"_j_paragraph_2\"><h2>Q 去泰国需要买旅游保险吗？</h2></div>    <div class=\"f-block\">        <div class=\"p-section\">            A&nbsp;旅行是个开心的事情，但不排除会有意外发生的可能。因此为了自己和家人的安全，可根据自己出行的目的地以及将要参加的旅游项目，来买适合自己的旅游保险。        </div>    </div>    <div class=\"f-block\" id=\"_j_paragraph_3\"><h2>Q 去泰国如何买机票？</h2></div>    <div class=\"f-block\">        <div class=\"p-section\">            A&nbsp;各大旅行网站上都可以买到去泰国的机票，如果决定好了日程就可以去看看机票了。一般来说，机票越早买越便宜，除此之外也可以多看看各个旅行网站的促销活动，有时候可以买到很便宜的机票。        </div>    </div>    <div class=\"f-block\" id=\"_j_paragraph_4\"><h2>Q 泰国和中国有时差吗？</h2></div>    <div class=\"f-block\">        <div class=\"p-section\">            A&nbsp;泰国时间比格林威治标准时间早7个小时，比北京时间晚1小时（如果格林威治时间为12时，那么泰国时间为19时，北京时间为20时）。旅客从中国境内上飞机后，可以将手表拨慢1小时。        </div>    </div>    <div class=\"f-block\">        <img class=\"_j_lazyload\" style=\"height: 453px; width: 680px; background: rgb(252, 242, 220); display: block;\"             src=\"/wKgBEFtntwaAdySjABNgIl0gs8A762.png\">        <span class=\"img-an\">                                    </span>    </div>    <div class=\"f-block\" id=\"_j_paragraph_5\"><h2>Q 泰国的天气怎么样？</h2></div>    <div class=\"f-block\">        <div class=\"p-section\">            A&nbsp;泰国中南部地区曼谷、大城以南地处热带，终年炎热，全年温差不大。而北部清迈以北地区则属于亚热带，加上四周山区和茂盛的植被，气候相对来说凉快一些。        </div>    </div>    <div class=\"f-block\" id=\"_j_paragraph_6\"><h2>Q 什么时候去泰国最合适？</h2></div>    <div class=\"f-block\">        <div class=\"p-section\">            A&nbsp;泰国中南部地区（曼谷、大城、华欣、芭堤雅等）是热带季风气候，各地年平均气温一般为30℃左右，因此每年11月-次年1月，是泰国中南部的最佳季节，其次是2月和10月。<br>            <br>            泰国的北部地区（清迈、清莱等地）是亚热带季风气候，各地年平均气温一般为25℃左右。每年除6-9月的雨季，其余时间都是很好的旅游季节。泰国南部的海岛为热带气候，全年都可以享受到阳光海滩。总的来说，泰国是一个四季都适宜旅行的地方。<br>        </div>    </div>    <div class=\"f-block\" id=\"_j_paragraph_7\"><h2>Q 如何预订泰国的酒店？</h2></div>    <div class=\"f-block\">        <div class=\"p-section\">            A&nbsp;各大旅行网站都可以预订泰国的酒店，Booking或者Agoda也是预订酒店的好选择。每个人可以根据自己的行程、预算，来预定最适合自己的酒店。此外，建议去曼谷、普吉岛等地时，可以找一家评价比较好的酒店；去清迈时，可以预订民宿，因为在小城清迈，坐在漂亮的小院里发呆是一件十分幸福的事情。        </div>    </div>    <div class=\"f-block\" id=\"_j_paragraph_8\"><h2>Q 有哪些必带的物品？</h2></div>    <div class=\"f-block\">        <div class=\"p-section\">            A&nbsp;出境旅行，有不少必带的物品。身份证、护照、旅游保险单等个人证件是一定要带好的。根据泰国的天气情况也要准备好相应的衣物。一些个人洗护用品也可以带上，有些泰国酒店不提供这些。此外，要带上清凉油、感冒药等常用药物。        </div>    </div>    <div class=\"f-block\" id=\"_j_paragraph_9\"><h2>Q 在哪里兑换泰国货币？</h2></div>    <div class=\"f-block\">        <div class=\"p-section\">            A&nbsp;泰国的货币为泰铢，在泰国的机场、银行、酒店以及旅游点的外币兑换处都可兑换泰铢。国内兑换更优惠一些，建议提前在中国银行兑换好。人民币与泰铢的参考汇率（以银行实时汇率为准）为1人民币元=5.1683泰铢。        </div>    </div>    <div class=\"f-block\">        <img class=\"_j_lazyload\" style=\"height: 427px; width: 640px; background: rgb(252, 242, 220); display: block;\"             src=\"/wKgBEFtnt8OACRx5AAEuGx8wFGo99.jpeg\">        <span class=\"img-an\">                                    </span>    </div>    <div class=\"f-block\" id=\"_j_paragraph_10\"><h2>Q 泰国的消费水平如何？</h2></div>    <div class=\"f-block\">        <div class=\"p-section\">            A&nbsp;泰国消费水平整体不高，是性价比很高的旅游国家。中部以及北部地区物价中低水平，南部沿海以及海岛物价相对略高。比如说餐饮方面，人均大概在150-300泰铢，相对来说还是很便宜的。        </div>    </div>    <div class=\"f-block\" id=\"_j_paragraph_11\"><h2>Q 在泰国如何给小费</h2></div>    <div class=\"f-block\">        <div class=\"p-section\">            A&nbsp;泰国的小费习惯因区域不同而有所差异。只有各个海岛受欧美文化影响较大，有收取小费的习俗，一般20泰铢起，其他地方不需要给小费。如果对服务特别满意的话，也可以给予一定的小费作为鼓励，泰国很多高档餐厅会收取7%-10%的服务费，此时也不用给小费。<br>            <br>            此外，在给小费的时候，千万记住不要给硬币，因为硬币是给乞丐的，而且要注意的是给小费最少要给20铢。<br>        </div>    </div>    <div class=\"f-block\" id=\"_j_paragraph_12\"><h2>Q 在泰国购物如何退税？</h2></div>    <div class=\"f-block\">        <div class=\"p-section\">            A&nbsp;退税方法1：游客只要在贴上【VAT&nbsp;Refund&nbsp;for&nbsp;Tourist】的商场或百货公司消费，同一日累计消费满2000铢，持当日的购物单据及旅游证件，到退税柜台办理手续后会即时交还退款，并有一份退税发票（Tax&nbsp;Invoice）和退税表格。<br>            <br>            退税方法2：旅行者在同一天到带有指定标识的同一商店购物满2000泰铢，向商店的工作人员或者商场的客服中心出示护照或者复印件，索取P.P.10表格填写、确认，并保留相应的小票以及刷卡凭条；&nbsp;到达机场后，在离境大堂找到退税海关办公室，出示护照、发票等，请海关检查购买的物品，并在P.P.10表格上盖章；&nbsp;通过边检后，到达机场免税购物区的退税办公室，出示护照、发票以及已由海关盖章的退税单办理退税。<br>        </div>    </div>    <div class=\"f-block\" id=\"_j_paragraph_13\"><h2>Q 如何购买手机卡？</h2></div>    <div class=\"f-block\">        <div class=\"p-section\">            A&nbsp;泰国处于全球移动通信系统网络之中。中国的全球通用户可以在普吉岛使用手机，但费用稍高。也可在当地购买手机SIM卡，泰国的移动运营商包括AIS、Orange和DTAC，所有厂商都可以让你在本国的手机中使用他们的SIM卡。SIM卡能轻易在机场和7-11买到，也可以提前在淘宝购买好。此外，随身WiFi也是个不错的选择，也可以提前在淘宝上购买。        </div>    </div>    <div class=\"f-block\" id=\"_j_paragraph_14\"><h2>Q 如何填写入境出境卡？</h2></div>    <div class=\"f-block\">        <div class=\"p-section\">            A&nbsp;入境卡是在前往泰国的飞机上，空姐会分发给每位乘客。需要用英文填写，信息需要和护照上保持一致。下面是入境卡填写范本，分别为正面和背面。        </div>    </div>    <div class=\"f-block\">        <img class=\"_j_lazyload\" style=\"height: 302px; width: 640px; background: rgb(252, 242, 220); display: block;\"             src=\"/wKgBEFtnuESAd8rPAACdSr8NwD475.jpeg\">        <span class=\"img-an\">                                    </span>    </div>    <div class=\"f-block\">        <img class=\"_j_lazyload\" style=\"height: 198px; width: 498px; background: rgb(252, 242, 220); display: block;\"             src=\"/wKgBEFtnuEyARIKWAABboMM1DNQ92.jpeg\">        <span class=\"img-an\">                                    </span>    </div>    <div class=\"f-block\" id=\"_j_paragraph_15\"><h2>Q 泰国当地有哪些交通方式？</h2></div>    <div class=\"f-block\">        <div class=\"p-section\">            A&nbsp;泰国不同城市之间的交通主要有火车、长途汽车。泰国火车分三种，普通列车，快速列车，特快列车，可以根据自己的时间来选择。长途汽车也是泰国重要的交通方式，速度和费用均优于火车，但舒适性稍差，其中的VIP长途客车是舒适性最好的一类客车，建议乘坐这类长途客车。<br>            <br>            泰国市内的交通以地铁、出租车和突突车为主。在曼谷可以乘坐地铁和轻轨，能够方便到达城市的主要区域。出租车主要是在曼谷，上车前一定要咨询是否打表。突突车和双条车是泰国比较有特色的公共交通方式。双条车单程价格20到40铢，随叫随停。突突车是东南亚普遍的短途交通工具，司机开价会很高，记得砍价。<br>        </div>    </div>    <div class=\"f-block\">        <img class=\"_j_lazyload\" style=\"height: 360px; width: 640px; background: rgb(252, 242, 220); display: block;\"             src=\"/wKgBEFtnuHKAcBrAAAB5GP3Cao424.jpeg\">        <span class=\"img-an\">                                    </span>    </div>    <div class=\"f-block\" id=\"_j_paragraph_16\"><h2>Q 去泰国旅行安全吗？</h2></div>    <div class=\"f-block\">        <div class=\"p-section\">            A&nbsp;泰国的社会治安可以说比较安全，但还是要提高自己的安全意识，外出时勿携带大量信用卡和现金，夜间休息时锁好门窗，防止搅入冲突或者被骗。遇到反政府示威抗议活动，请绕行，以免卷入骚乱之中。遇到路人搭讪、警告或者建议，请理智判断，或者尝试多问几个人，以防花了冤枉钱又耽误了时间。<br>            <br>            如果遇到危险或者突发事件，可拨打泰国旅游警察服务电话：1155。也可以拨打中国驻曼谷大使馆电话：0066-2245&nbsp;7044。<br>        </div>    </div>    <div class=\"f-block\" id=\"_j_paragraph_17\"><h2>Q 在泰国旅行穿衣上需要注意吗？</h2></div>    <div class=\"f-block\">        <div class=\"p-section\">            A&nbsp;泰国的气候整体来说比较炎热，因此短袖、短裤和裙子就能满足需求。泰国北部昼夜温差较大，晚上比较凉，如果在12-2月到泰国北部游玩的话需要准备一件长衫，以免感冒。<br>            <br>            但要注意的是，泰国人民比较注重仪表，在某些特殊场合需要注重穿着，比如进入寺庙时需要穿长裤和长裙、以及有袖上衣，不能穿的过于暴露。很多高级餐厅、酒吧会拒绝着短裤和背心、拖鞋的游客入内，因此建议出入这些场所时穿着稍微正式一些。<br>        </div>    </div>    <div class=\"f-block\" id=\"_j_paragraph_18\"><h2>Q 在泰国需要注意防晒吗？</h2></div>    <div class=\"f-block\">        <div class=\"p-section\">            A&nbsp;泰国的气候炎热，太阳也很毒，因此一定要注意防晒，尤其是去海滩时一定要勤抹防晒霜，晒黑和晒伤对于女孩子来说都很痛苦。如果真的晒着了，可以找家7-11或者全家买瓶晒后补水，效果很不错。        </div>    </div>    <div class=\"f-block\" id=\"_j_paragraph_19\"><h2>Q 在泰国旅行不会英语怎么办？</h2></div>    <div class=\"f-block\">        <div class=\"p-section\">            A&nbsp;泰国的官方语言为泰语，现在许多的泰国人在学习中文，也会些许英语，普及程度都算高。而且在曼谷、清迈、普吉等热门目的地，景点、餐馆、机场、车站等重要场所都会有中文提示与中文接待，不必太过于担心语言问题。不过，建议出发前下载好用的翻译软件，总有用得上的时候。        </div>    </div>    <div class=\"f-block\">        <img class=\"_j_lazyload\" style=\"height: 413px; width: 620px; background: rgb(252, 242, 220); display: block;\"             src=\"/wKgBEFtnuMyAbHicAADTAhymvyw81.jpeg\">        <span class=\"img-an\">                                    </span>    </div>');
INSERT INTO `strategy_content` VALUES (17, '<div class=\"f-block\">        <div class=\"p-section\">            拜水都江堰，问道青城山。多少人冲着余秋雨先生这句话来到成都！这篇攻略就是要告诉你如何玩转都江堰、青城山，看看游客必玩的打卡地如何玩出本地人爱的local感。<br>            <br>            <b>本文约2000字，阅读时间5分钟。</b>        </div>    </div>    <div class=\"f-block\" id=\"_j_paragraph_1\"><h2>成都周边一日游的最佳选择</h2></div>    <div class=\"f-block\">        <div class=\"p-section\">            来成都玩的盆友，如果有超过两天以上的时间，一般都会在成都周边选个地方逛逛。既要有风景，又要有人文，通常两日游推荐<b>峨眉山+乐山大佛</b>，一日游就最为推荐<b>都江堰+青城山</b>了。但是传统的都江堰＋青城前山的玩法比较累，景区内步行＋爬山的路程较长，且下午时间紧张，通常需要坐索道来回，成本高，体验不佳。所以一日游我们更推荐本地人爱的休闲玩法，找一处避世的民宿，深度体验青城山的幽静。<br>            先来看个行程线路的短视频吧！<br>            <br>        </div>    </div>    <div class=\"f-block\" id=\"_j_paragraph_2\"><h2>线路概况及亮点</h2></div>    <div class=\"f-block\">        <div class=\"p-section\">            <b>上午：</b>成都-都江堰，在西街吃午餐，逛逛老街和小店。<br>            <b>下午：推荐两种玩法，①</b>青城外山打水麻将，<b>②</b>寻访山中避世民宿和寺庙。当晚即可返回成都。<br>        </div>    </div>    <div class=\"f-block\">        <img class=\"_j_lazyload\" style=\"height: 972px; width: 680px; background: rgb(252, 242, 220); display: block;\"             src=\"/wKgBEFtxJbaAPQ86AAIaF3ViArI48.jpeg\">        <span class=\"img-an\">                                    </span>    </div>    <div class=\"f-block\" id=\"_j_paragraph_3\"><h3>线路小心机</h3></div>    <div class=\"f-block\">        <div class=\"p-section\">            ①<b>都江堰</b>，我推荐你不从正门进，而从高处的秦堰楼买门票进入。90%的人都不知道，这样走可以避免走回头路，还能巧妙避开人流，且从上往下走省体力得多。<br>            ②<b>西街</b>，我推荐在这里午餐。不会因为是景区旁而贵很多。反而在这里能发现性价比很高的百年小院私房菜呢。<br>            ③<b>青城外山</b>，不去被开发的前山和后山景区，是因为前山人多，道观多，门票贵；后山除了爬山之外农家乐人多，没什么特色；而外山的夏日水麻将，则是这山中不可错过的夏季限定。<br>            ④<b>精致</b><b>民宿</b>，青城山有很多农家乐，我精选了一家山中小道里的幽静民宿，在宽敞的露台上喝个下午茶，眺望对面的老君阁，漫山遍野的绿树青草，天然的大氧吧，忍不住要多呼吸几口清新的空气。<br>            ⑤<b>普照寺</b>，外山之中，藏着川西四大名寺之一的普照寺，颇为隐秘，许多本地人也未必知晓，因为许愿灵验而颇受香港大佬、明星青睐。<br>        </div>    </div>    <div class=\"f-block\">        <img class=\"_j_lazyload\" style=\"height: 453px; width: 680px; background: rgb(252, 242, 220); display: block;\"             src=\"/wKgBZ1l25iCAeDVmAAzUbm78Y9U96.jpeg\">        <span class=\"img-an\">                                            普照寺 by bikego                                    </span>    </div>    <div class=\"f-block\" id=\"_j_paragraph_4\"><h3>拜水都江堰</h3></div>    <div class=\"f-block\">        <div class=\"p-section\">            余秋雨在《文化苦旅》中提到，“<b>中国历史上最激动人心的工程不是长城，而是都江堰</b>。”“长城的社会功用早已废弛，而它至今还在为无数民众输送汩汩清流。有了它，旱涝无常的四川平原成了天府之国，每当我们民族有了重大灾难，天府之国总是沉着地提供庇护和濡养。因此，可以毫不夸张地说，它永久性地灌溉了中华民族。”<br>        </div>    </div>    <div class=\"f-block\">        <img class=\"_j_lazyload\" style=\"height: 452px; width: 680px; background: rgb(252, 242, 220); display: block;\"             src=\"/wKgBEFtxBt6AY7N9AA2QAg3zQyU30.jpeg\">        <span class=\"img-an\">                                            从秦堰楼俯瞰 by bikego                                    </span>    </div>    <div class=\"f-block\">        <div class=\"p-section\">            往下走，会看到二王庙。        </div>    </div>    <div class=\"f-block\">        <img class=\"_j_lazyload\" style=\"height:453px;width:680px;background:#FCF2DC\"             src=\"/wKgBZ1l1qQGAXhJRAASKsswjhKU57.jpeg\">        <span class=\"img-an\">                                            都江堰治水格言 by bikego                                    </span>    </div>    <div class=\"f-block\">        <div class=\"p-section\">            走过安澜索桥，会看到鱼嘴。鱼嘴分水堤又称“鱼嘴”，是都江堰的分水工程。鱼嘴分水堤位于都江堰最深处，是都江堰水利工程中最壮观最值得一看的地方，可视为都江堰的精髓。<br>            传说当年日本侵华期间，曾派轰炸机来炸毁都江堰，但是轰炸机在空中盘旋，并没有发现想象中的大坝，结果就保住了都江堰这个奇迹。事实上，鱼嘴就是起到分流内江和外江的大坝。这个由鹅卵石堆砌的像鱼的嘴一样的建筑，并不是平的。它使得江水在雨季飞流直下，流入外江；而在枯水期保留足够的水，流入内江，从而使成都盆地农作物得以生存。        </div>    </div>    <div class=\"f-block\">        <img class=\"_j_lazyload\" style=\"height:452px;width:680px;background:#FCF2DC\"             src=\"/wKgBEFtxBy6AZauBAAmR7CevD0Y19.jpeg\">        <span class=\"img-an\">                                            鱼嘴 by bikego                                    </span>    </div>    <div class=\"f-block\">        <div class=\"p-section\">            往南大门走大约一公里（也可以做游览车）就可以到宝瓶口。离堆公园里有个小小的博物馆，关于治水的学问在这里一看便知啦。小go是个文科生，就不在这里赘述啦。其实今日行程亮点在后面呢。        </div>    </div>');
INSERT INTO `strategy_content` VALUES (19, '<p>是否花果山&middot;</p>\n');
INSERT INTO `strategy_content` VALUES (20, '<p>gggggg</p>\n');
INSERT INTO `strategy_content` VALUES (21, '<p>ddddd</p>\n');
INSERT INTO `strategy_content` VALUES (22, '<p>多对多啊</p>\n');

-- ----------------------------
-- Table structure for strategy_detail
-- ----------------------------
DROP TABLE IF EXISTS `strategy_detail`;
CREATE TABLE `strategy_detail`  (
  `id` bigint(20) NOT NULL AUTO_INCREMENT,
  `strategyName` varchar(255) CHARACTER SET utf8 COLLATE utf8_general_ci NULL DEFAULT NULL,
  `dest_id` bigint(20) NULL DEFAULT NULL,
  `author_id` bigint(20) NULL DEFAULT NULL,
  `theme_id` bigint(20) NULL DEFAULT NULL,
  `catalog_id` bigint(20) NULL DEFAULT NULL,
  `title` varchar(255) CHARACTER SET utf8 COLLATE utf8_general_ci NULL DEFAULT NULL,
  `subTitle` varchar(255) CHARACTER SET utf8 COLLATE utf8_general_ci NULL DEFAULT NULL,
  `summary` varchar(255) CHARACTER SET utf8 COLLATE utf8_general_ci NULL DEFAULT NULL,
  `coverUrl` varchar(255) CHARACTER SET utf8 COLLATE utf8_general_ci NULL DEFAULT NULL,
  `createTime` datetime(0) NULL DEFAULT NULL,
  `viewnum` int(11) NULL DEFAULT NULL,
  `replynum` int(11) NULL DEFAULT NULL,
  `favornum` int(11) NULL DEFAULT NULL,
  `sharenum` int(11) NULL DEFAULT NULL,
  `thumbsupnum` int(11) NULL DEFAULT NULL,
  `state` int(11) NULL DEFAULT NULL,
  PRIMARY KEY (`id`) USING BTREE
) ENGINE = InnoDB AUTO_INCREMENT = 18 CHARACTER SET = utf8 COLLATE = utf8_general_ci ROW_FORMAT = Compact;

-- ----------------------------
-- Records of strategy_detail
-- ----------------------------
INSERT INTO `strategy_detail` VALUES (1, '广州攻略', 3261, 1, 4, 1, '超实用的长隆亲子游攻略，出发前必看', '长隆亲子游', '带娃出游去哪玩？必须是广州长隆旅游度假区！作为国内超热门的亲子游乐王国，广州长隆每年都会吸引一大批游客！那么，广州长隆究竟有几个乐园和酒店？亲子出游怎么玩更方便又尽兴？酒店又该如何选择？小蜗牛帮你一一解答，还有各种独家游玩小妙招双手奉上！', '/wKgEaVyK_4SAdEn8AA10khckiyI39.jpeg', '2018-11-01 00:00:00', 29, 86, 59, 0, 38, 0);
INSERT INTO `strategy_detail` VALUES (2, '广州攻略', 3261, 1, 3, 1, '有娃必看，广州长隆野生动物园全攻略', '广州长隆野生动物园', '如果要说动物园，楼主强烈推荐带娃去广州长隆野生动物园！野生动物园有许多，但是广州长隆野生动物园只有一个！为什么长隆野生动物园如此与众不同呢？', '/wKgED1v7lwqAZm1mAAG55YkXRWI84.jpeg', '2018-11-26 00:00:00', 93, 44, 54, 2, 91, 0);
INSERT INTO `strategy_detail` VALUES (3, '广州攻略', 3261, 1, 6, 2, '广州小吃名店红黑榜：你还是当年珠江畔那个老字号吗？', '广州小吃名店红黑榜', '企鹅吃喝指南｜“城市指南“第4站－广州   小吃篇', '/wKgB3FEsZt6AaeAdAARfi3uw2CU10.jpeg', '2019-06-06 00:00:00', 38, 26, 15, 0, 0, 0);
INSERT INTO `strategy_detail` VALUES (4, '广州攻略', 3261, 2, 6, 3, '吃20cm的油炸大蜈蚣、⑥种昆虫！五毒之首到底什么味道？', '五毒之首到底什么味道？', '这是一个悲伤的故事，那天，我约瞎瞎出来吃饭……剩我独自一人挑战1%的广州人才敢吃的虫！提示：前方高能，胆小勿入！', '/wKgBEFtYAbaAZ-Z4AAdEuJZ3y5o22.jpeg', '2019-03-04 00:00:00', 76, 94, 56, 0, 98, 0);
INSERT INTO `strategy_detail` VALUES (5, '上海攻略', 249, 2, 14, 4, '上海十大人气景点，你都去过吗？', '上海十大人气景点', '上海素有“魔都”之称，一直是国内繁华都市的代表。根据马蜂窝用户出行数据，以下是最受欢迎的10个上海景点。这些景点是上海的城市精华，适合初次造访想要打卡景点的游客', '/wKgBZ1nlfSaAUDRhAAcwkdSo3Hk98.jpeg', '2017-06-14 00:00:00', 31, 82, 15, 0, 30, 0);
INSERT INTO `strategy_detail` VALUES (6, '上海攻略', 249, 2, 3, 5, 'N刷迪士尼，一篇干货满满的上海迪士尼攻略', 'N刷上海迪士尼', '买了两次迪士尼季卡，N刷迪士尼，迪士尼迷妹为大家总结的一份上海迪士尼攻略。', '/wKgED1wL1WyAfh6wAAIJgBDsRpA21.jpeg', '2018-12-10 00:00:00', 47, 11, 17, 0, 50, 0);
INSERT INTO `strategy_detail` VALUES (7, '上海攻略', 249, 3, 6, 6, '懒人吃货指南 | 轻松吃遍地道上海小吃', '轻松吃遍地道上海小吃', '去一个地方旅行当然要尝尝当地的特色美食，不然总觉得这趟旅行不完整。但是对于不熟悉上海的游客来说，“哪些是老上海小吃？去哪里能吃到地道的？”这些都是头疼的问题。这篇攻略将会给大家介绍老上海小吃，推荐一些老字号，并附上周边游玩小Tips', '/wKgBEFrkRVCAUV_ZAAWtxoKD0bU28.jpeg', '2018-05-18 00:00:00', 48, 42, 65, 0, 2, 0);
INSERT INTO `strategy_detail` VALUES (8, '上海攻略', 249, 2, 13, 6, '上海海昌海洋公园一日游攻略', '上海海昌海洋公园一日游', '被高铁站的广告吸引到了海昌海洋公园，不得不说，这是我在上海玩过的最有趣的海洋公园。', '/wKgED1wHkciAaj24AAuSFkxN7zE24.jpeg', '2018-12-05 00:00:00', 61, 66, 49, 0, 48, 0);
INSERT INTO `strategy_detail` VALUES (9, '上海攻略', 241, 2, 15, 7, '北京逛故宫全技能Get！', '北京逛故宫全技能Get！', '北京土著说：我逛不逛，它都在那儿，我想啥时候逛就啥时候逛！外地游客说：来到大北京，必须逛故宫！常住在北京的外地人说：老家人来了N次，故宫已经逛了N次！不管你是从没逛过，还是第一次逛，还是正要第N+1次逛，逛故宫的技能你都get了吗？', '/wKgBEFp319-AAngOAANweV_VNTM54.jpeg', '2016-09-07 00:00:00', 19, 20, 40, 0, 43, 0);
INSERT INTO `strategy_detail` VALUES (10, '北京攻略', 241, 1, 15, 7, '周末去爬八达岭长城', '八达岭长城路线', '八达岭长城，位于北京市西北部的延庆区，是旧时军都山关沟古道；作为万里长城的一部分，这个建于明代的长城是最早向游人开放的地段，所以整个景区的餐饮、娱乐、交通等配套设施较为完善。', '/wKgBZ1ny08-AalUvAAkEbRsgv2811.jpeg', '2017-10-27 00:00:00', 47, 49, 5, 0, 81, 0);
INSERT INTO `strategy_detail` VALUES (11, '北京攻略', 241, 1, 15, 8, '玩遍大北京！你绝不可错过的景点', '玩遍大北京', '北京是一座迷人的城市，小胡同、老茶馆、新潮酒吧街、繁华商业区，无限的摩登元素与老北京地道的京味儿相互交融，构筑了北京城博大精深的文化底蕴和正统而不失清雅的生活方式。来北京必去的景点非天安门、故宫、长城莫属，除此以外，可根据各人的兴趣爱好进行多样化的选择。不论是情侣出行还是亲子旅游，向往皇家古迹还是时尚街区，都能在北京找到最适合的去处。', '/wKgEaVyLc4WAANXaAAPRi-cmc7I74.jpeg', '2016-10-24 00:00:00', 110, 16, 94, 2, 20, 0);
INSERT INTO `strategy_detail` VALUES (12, '北京攻略', 241, 3, 15, 9, '京城十大胡同｜不当一回胡同串子，你算白来北京了 ！', '京城十大胡同', '有人说，胡同是老北京人的魂儿，一天不见就像丢了魂儿。但对大多数每天匆匆穿梭于北京大街小巷的人们而言，胡同还只是一个模糊的概念，是一个越来越稀有的存在。 春日的北京，阳光明媚，充满无限生机（就不提霾这事了）。掸一掸车座上的土，骑着俩轱辘逛一逛北京城，当一回胡同串子，拍一拍北京的犄角旮旯，才是最北京的玩法', '/wKgBZ1i5OImAQyseAACzRyMASOo96.jpeg', '2017-03-03 00:00:00', 48, 71, 15, 0, 61, 0);
INSERT INTO `strategy_detail` VALUES (13, '杭州攻略', 3148, 2, 7, 10, '杭州旅行全攻略', '杭州旅行全攻略', '上有天堂，下有苏杭”这座自古就被人称作“人间天堂”的杭城，山、泉、湖、桥、塔、寺样样俱全，世人对于杭州的印象无论是自然的湖光山色还是充满历史感的名胜古迹都充满了溢美之词。', '/wKgEaVxve8-AKu2MABICGVQUWZA657.gif', '2019-02-22 00:00:00', 29, 53, 80, 0, 44, 0);
INSERT INTO `strategy_detail` VALUES (14, '东京攻略', 2030, 2, 6, 11, '日本好吃不贵的排队美食大全!（含东京、大阪、京都）', '日本美食', '每到一个日本城市，最先关心的不是当地名胜，不是各种卖场，一定要先尝尝当地最具代表的排队美食！！汤头诱人的拉面、爆炸味蕾的海鲜、鲜美精致的寿司…日本美食讲究使用新鲜、应季的食材，运用传统的手法，烹调出匠人追求的味道。下面这些人气平价美食攻略是经我亲测的良心推荐，它们通常是需要预约或排队的，但你绝对不可错过⊙ω⊙！', '/wKgBs1b56W2ARtseAAo2CKssH5410.jpeg', '2016-03-24 00:00:00', 64, 85, 33, 0, 10, 0);
INSERT INTO `strategy_detail` VALUES (15, '纽约攻略', 350, 1, 7, 12, '百老汇观剧指南丨纽约一夜', '纽约一夜', '如果说去纽约最值得做的事，去百老汇看场剧必在其中！旅途中若缺少了精神食粮，怎能让一段旅程变得特别而难以忘怀？不关乎艺术的晦涩难懂，亦不关乎语言的不通障碍。当音乐响起，帷幕拉开，只需用心感受，你将领会故事本身和对于自己的意义。', '/wKgBZ1jZy5WAZ-kuAAIRkV9wxZE80.jpeg', '2017-03-28 00:00:00', 27, 80, 22, 0, 70, 0);
INSERT INTO `strategy_detail` VALUES (16, '泰国攻略', 193, 1, 10, 13, '第一次去泰国，一定要了解的30个问题', '第一次去泰国问题', ' 中国大陆居民可凭有效护照提前办理泰国旅游签证，签证费用为230元人民币。同时，无论是从国内直接出发，还是从第三国或地区到达泰国，中国公民均可凭至少还有6个月有效期的护照办理有效期为15天的落地签证。', '/wKgBEFtnuiGARrzwAAFasxKupZE08.jpeg', '2018-08-06 00:00:00', 5, 79, 79, 0, 61, 0);
INSERT INTO `strategy_detail` VALUES (17, '成都攻略', 3356, 1, 16, 14, '成都周边一日游，去都江堰和青城山吸氧避霾', '成都周边一日游', '拜水都江堰，问道青城山。多少人冲着余秋雨先生这句话来到成都！这篇攻略就是要告诉你如何玩转都江堰、青城山，看看游客必玩的打卡地如何玩出本地人爱的local感。', '/wKgEaVyPWKKAemSkAAZduoAFlWs20.jpeg', '2017-07-27 00:00:00', 47, 38, 48, 0, 30, 0);

-- ----------------------------
-- Table structure for strategy_tag
-- ----------------------------
DROP TABLE IF EXISTS `strategy_tag`;
CREATE TABLE `strategy_tag`  (
  `id` bigint(20) NOT NULL AUTO_INCREMENT,
  `name` varchar(20) CHARACTER SET utf8 COLLATE utf8_general_ci NULL DEFAULT NULL,
  PRIMARY KEY (`id`) USING BTREE
) ENGINE = InnoDB AUTO_INCREMENT = 29 CHARACTER SET = utf8 COLLATE = utf8_general_ci ROW_FORMAT = Compact;

-- ----------------------------
-- Records of strategy_tag
-- ----------------------------
INSERT INTO `strategy_tag` VALUES (5, '长隆');
INSERT INTO `strategy_tag` VALUES (6, '亲子游');
INSERT INTO `strategy_tag` VALUES (7, '主题公园');
INSERT INTO `strategy_tag` VALUES (8, '动物园');
INSERT INTO `strategy_tag` VALUES (9, '带娃');
INSERT INTO `strategy_tag` VALUES (10, '自驾');
INSERT INTO `strategy_tag` VALUES (11, '小吃');
INSERT INTO `strategy_tag` VALUES (12, '网红店');
INSERT INTO `strategy_tag` VALUES (13, '昆虫');
INSERT INTO `strategy_tag` VALUES (14, '广式美味');
INSERT INTO `strategy_tag` VALUES (15, '人气景点');
INSERT INTO `strategy_tag` VALUES (16, '魔都');
INSERT INTO `strategy_tag` VALUES (17, '不容错过');
INSERT INTO `strategy_tag` VALUES (18, '迪士尼乐园');
INSERT INTO `strategy_tag` VALUES (21, '长城');
INSERT INTO `strategy_tag` VALUES (26, '阿甘');
INSERT INTO `strategy_tag` VALUES (27, '的光辉');
INSERT INTO `strategy_tag` VALUES (28, '阿飞');

-- ----------------------------
-- Table structure for strategy_theme
-- ----------------------------
DROP TABLE IF EXISTS `strategy_theme`;
CREATE TABLE `strategy_theme`  (
  `id` bigint(20) NOT NULL AUTO_INCREMENT,
  `name` varchar(255) CHARACTER SET utf8 COLLATE utf8_general_ci NULL DEFAULT NULL,
  `state` int(11) NULL DEFAULT NULL,
  PRIMARY KEY (`id`) USING BTREE
) ENGINE = InnoDB AUTO_INCREMENT = 21 CHARACTER SET = utf8 COLLATE = utf8_general_ci ROW_FORMAT = Compact;

-- ----------------------------
-- Records of strategy_theme
-- ----------------------------
INSERT INTO `strategy_theme` VALUES (1, '数据报告', 0);
INSERT INTO `strategy_theme` VALUES (2, '休闲', 0);
INSERT INTO `strategy_theme` VALUES (3, '户外', 0);
INSERT INTO `strategy_theme` VALUES (4, '文化', 0);
INSERT INTO `strategy_theme` VALUES (5, '特别策划', 0);
INSERT INTO `strategy_theme` VALUES (6, '美食', 0);
INSERT INTO `strategy_theme` VALUES (7, '购物', 0);
INSERT INTO `strategy_theme` VALUES (8, '自驾', 0);
INSERT INTO `strategy_theme` VALUES (9, '节庆', 0);
INSERT INTO `strategy_theme` VALUES (10, '必备', 0);
INSERT INTO `strategy_theme` VALUES (11, '观赏', 0);
INSERT INTO `strategy_theme` VALUES (12, '周边', 0);
INSERT INTO `strategy_theme` VALUES (13, '摄影', 0);
INSERT INTO `strategy_theme` VALUES (14, '旅行主义', 0);
INSERT INTO `strategy_theme` VALUES (15, '建筑', 0);
INSERT INTO `strategy_theme` VALUES (16, '家庭', 0);
INSERT INTO `strategy_theme` VALUES (17, '星旅行', 0);
INSERT INTO `strategy_theme` VALUES (18, '滑雪', 0);
INSERT INTO `strategy_theme` VALUES (19, '登山', 0);
INSERT INTO `strategy_theme` VALUES (20, '22', 1);

-- ----------------------------
-- Table structure for strategycollect
-- ----------------------------
DROP TABLE IF EXISTS `strategycollect`;
CREATE TABLE `strategycollect`  (
  `userid` bigint(20) NULL DEFAULT NULL,
  `strategyid` bigint(20) NULL DEFAULT NULL
) ENGINE = InnoDB CHARACTER SET = utf8mb4 COLLATE = utf8mb4_general_ci ROW_FORMAT = Compact;

-- ----------------------------
-- Records of strategycollect
-- ----------------------------
INSERT INTO `strategycollect` VALUES (1, 11);
INSERT INTO `strategycollect` VALUES (1, 2);
INSERT INTO `strategycollect` VALUES (1, 14);
INSERT INTO `strategycollect` VALUES (1, 8);

-- ----------------------------
-- Table structure for travel
-- ----------------------------
DROP TABLE IF EXISTS `travel`;
CREATE TABLE `travel`  (
  `id` bigint(20) NOT NULL AUTO_INCREMENT,
  `dest_id` bigint(20) NULL DEFAULT NULL,
  `author_id` bigint(20) NULL DEFAULT NULL,
  `title` varchar(255) CHARACTER SET utf8 COLLATE utf8_general_ci NULL DEFAULT NULL,
  `summary` varchar(255) CHARACTER SET utf8 COLLATE utf8_general_ci NULL DEFAULT NULL,
  `coverUrl` varchar(255) CHARACTER SET utf8 COLLATE utf8_general_ci NULL DEFAULT NULL,
  `travelTime` datetime(0) NULL DEFAULT NULL,
  `perExpends` int(11) NULL DEFAULT NULL,
  `days` int(11) NULL DEFAULT NULL,
  `person` int(11) NULL DEFAULT NULL,
  `createTime` datetime(0) NULL DEFAULT NULL,
  `releaseTime` datetime(0) NULL DEFAULT NULL,
  `lastUpdateTime` datetime(0) NULL DEFAULT NULL,
  `overt` int(11) NULL DEFAULT NULL,
  `viewnum` int(11) NULL DEFAULT NULL,
  `replynum` int(11) NULL DEFAULT NULL,
  `favornum` int(11) NULL DEFAULT NULL,
  `sharenum` int(11) NULL DEFAULT NULL,
  `thumbsupnum` int(11) NULL DEFAULT NULL,
  `state` int(11) NULL DEFAULT NULL,
  PRIMARY KEY (`id`) USING BTREE
) ENGINE = InnoDB AUTO_INCREMENT = 20 CHARACTER SET = utf8 COLLATE = utf8_general_ci ROW_FORMAT = Compact;

-- ----------------------------
-- Records of travel
-- ----------------------------
INSERT INTO `travel` VALUES (1, 3261, 1, '广州三天三夜|跟随必字榜吃喝玩乐耍', '已经数不清是第几次 广州 行了，归根结底，仍然是因为吃呀。跟 香港 一样， 广州 总觉得遍地都好吃的，而 广州 人的爱吃也是全国出了名的， 比如 有一句话流传“ 广东 人连 福建 人都吃”！身为 福建 人，表示 亚历山大 呀。那么这一次，以吃为名，去 广州 ，跟着大众点评“必字榜”，吃住玩一条龙，且看我攻略。', '/wKgE2l0ZXLaAQ9X7AAg3M8RobGA39.jpeg', '2019-06-23 00:00:00', 3000, 3, 1, '2019-07-01 08:03:00', '2019-07-01 08:03:00', '2019-07-01 08:03:00', 1, 26, 23, 36, 63, 13, 2);
INSERT INTO `travel` VALUES (2, 3261, 1, '每年都会有的广州情节', '几乎每年都会去 广州 一趟，一般都是一两天，一个人逛。', '/wKgEaVzD69aAV3wVAApzcYZfk6089.jpeg', '2019-04-27 23:39:00', 100, 1, 1, '2019-04-27 23:39:00', '2019-04-27 23:39:00', '2019-04-27 23:39:00', 1, 52, 85, 70, 72, 96, 2);
INSERT INTO `travel` VALUES (3, 3261, 1, '记匆忙的广州四日游', '这是一趟说走就走的旅行。2019年1月28日，在寒冷的且没有暖气的江浙沪，我们家一家三口突然决定逃离寒冷，去往真正的南方— 广州 ！', '/wKgEaVxps2OAG1-cAAg3UXjgz7M20.jpeg', '2019-01-30 00:00:00', 100, 4, 1, '2019-02-24 22:27:00', '2019-02-24 22:27:00', '2019-02-24 22:27:00', 1, 71, 42, 94, 44, 45, 2);
INSERT INTO `travel` VALUES (4, 249, 1, '摩登而复古，旖旎又深沉，梦幻到极致', '小时候来 上海 并没有什么感觉，只感觉 上海 挺发达科技感挺强的；', '/wKgEaVxnsbaAR3cHAAKyMnIeZB425.jpeg', '2019-02-08 00:00:00', 3500, 5, 2, '2019-02-16 15:29:00', '2019-02-16 15:29:00', '2019-02-16 15:29:00', 1, 86, 99, 37, 27, 87, 2);
INSERT INTO `travel` VALUES (5, 249, 1, '5月趣上海，非去不可', '有时候，人必须远行，才能发现近在咫尺的东西，2岁的这几个月，小脚成长很快，大小便控制自如，让我这个老妈子颇具成就感;语言进步明显，词汇量飞速增加;开始能安静下来而且能坐得住。', '/wKgE2l0ceZWATUSUAA0zDKigyFs01.jpeg', '2019-05-06 00:00:00', 3500, 5, 2, '2019-07-03 18:47:00', '2019-07-03 18:47:00', '2019-07-03 18:47:00', 1, 73, 86, 11, 61, 99, 2);
INSERT INTO `travel` VALUES (6, 249, 1, '上海海昌海洋公园', '上海 一行，最后一天我们逛了逛新开的海洋公园。 上海 这个季节正是梅雨季，所以天气凉爽。', '/wKgE2l0aD42AUMzWAAshp0JkpnA725.jpg', '2019-06-30 00:00:00', 200, 1, 3, '2019-07-02 07:24:00', '2019-07-02 07:24:00', '2019-07-02 07:24:00', 1, 11, 69, 14, 79, 64, 2);
INSERT INTO `travel` VALUES (7, 241, 1, '同一个故宫，不同的气质，你的朋友圈po照如何更好看', '来 北京 的次数并不多，这次竟然空出了半天，之前在 日本 还留下半卷胶片没拍完，酒店附近实在没什么可拍的，又不想浪费晴空万里的好天气，于是临时决定早起去故宫走一趟，也因为这两年的故宫实在太能“卖萌”了。', '/wKgEaVzOmtWANE-mAALawkDI2mc48.jpeg', '2019-03-20 00:00:00', 200, 1, 1, '2019-05-05 16:09:00', '2019-05-05 16:09:00', '2019-05-05 16:09:00', 1, 4, 82, 0, 63, 52, 2);
INSERT INTO `travel` VALUES (8, 241, 1, '简单的北京之旅', '北京 算是第一次出去旅行，时间比较短，也没做任务的攻略，所以拍的比较简单，都不太充分，很多地方都没去上，真的挺可惜的。', '/wKgIDVxdqB2AaS94AAuNYA8xz8s31.jpeg', '2018-11-12 00:00:00', 200, 5, 5, '2019-02-12 10:13:00', '2019-02-12 10:13:00', '2019-02-12 10:13:00', 1, 60, 9, 67, 32, 6, 2);
INSERT INTO `travel` VALUES (9, 241, 1, '世园会—你值得打卡的地方', '常看新闻的老人们一定会感叹，不管是不是住在 北京 ，都有必要去欣赏一下世园会~据说这是未来十年我国举办的级别最高、规模最大的专业类世园会哦~', '/wKgE2l0Bp9-ARit2AAeLaBkjPCE43.jpeg', '2019-04-29 00:00:00', 100, 1, 3, '2019-06-13 09:56:00', '2019-06-13 09:56:00', '2019-06-13 09:56:00', 1, 43, 20, 72, 79, 99, 2);
INSERT INTO `travel` VALUES (10, 3356, 1, '再见成都', '从大学时候就被来自 四川 的同学安利春熙路的美女、 成都 串串、郫县豆瓣等等，个人最感兴趣的还是美食了，曾经立下目标，要“吃”下几座城市： 广州 、 北京 、 西安 、 成都 、 武汉 、 南京 、 长沙 。现在来看，还剩下 南京 和 长沙 两个目标了。当然走过的地方多了会发现，每个地方都有很好吃的美食美景， 比如 哈尔滨 、 上海 、 杭州', '/wKgE2l0Ux9aAU1NVAAvghJ2xVDs93.jpeg', '2019-06-01 00:00:00', 2000, 2, 4, '2019-07-02 21:38:00', '2019-07-02 21:38:00', '2019-07-02 21:38:00', 1, 98, 55, 83, 95, 49, 2);
INSERT INTO `travel` VALUES (11, 193, 1, '超详细易懂的泰国攻略，曼谷+普吉7天自由行', '哈喽大家好，我是花生，是一个热爱旅游，梦想吃遍全世界的摄影师，说到 泰国 ，相信很多小伙伴们都不陌生，但是也还有很多朋友没去过 泰国 ，或者没有来一次自由行，这里花生给打算第一次去 泰国 的小伙伴们弄出这篇攻略性很强的游记，有美食，有美景，还有同行可爱的伙伴们，下面先让这个视频和图片目录领略下 曼谷 和普吉的魅力吧，下面有实用干货，让你一篇搞定 泰国 自由行准备。', '/wKgE2l0MmZ-ALpA5AAsArQDM8NM53.jpeg', '2019-06-09 00:00:00', 6000, 8, 2, '2019-07-02 19:07:00', '2019-07-02 19:07:00', '2019-07-02 19:07:00', 1, 30, 64, 33, 59, 71, 2);
INSERT INTO `travel` VALUES (12, 55, 1, '格鲁吉亚：与它爱恨纠葛，犹述一书武侠情愁。来饮壶好酒？', '动不动手写这篇游记，我有过纠结。ok，fine.我承认就犹豫了十分钟，因为有太多人，为我创造故事的人想记录。anyway，既然决定要写，那么，咱们就得像小学英语作文一样严格要求，依次排列，一个个来咆哮：', '/wKgE2l0F4oaAcLopAB6JMSSYte898.jpeg', '2019-05-30 00:00:00', 12000, 12, 1, '2019-07-02 08:48:00', '2019-07-02 08:48:00', '2019-07-02 08:48:00', 1, 82, 34, 25, 35, 22, 2);
INSERT INTO `travel` VALUES (13, 273, 1, '港式文艺漫步地图，想对你说一万遍“我可以”', '三天半，拨开 香港 的浮华表面，用相机呈现我眼中的港式文艺。', '/wKgBZ1z4dPeAUvpLAAxKZgmzpAw47.jpeg', '2019-05-30 00:00:00', 4000, 3, 2, '2019-06-10 15:08:00', '2019-06-10 15:08:00', '2019-06-10 15:08:00', 1, 11, 50, 19, 72, 46, 2);
INSERT INTO `travel` VALUES (14, 263, 1, '地道乐山人带你吃遍心中List（内含早、中、晚、宵夜攻略）', '巴蜀之国，美食之都。全国人民都知道 四川 好吃的多， 成都 好吃的多；而 四川 人民一定知道： 乐山 美食多！', '/wKgE2l0E3z-AdR8zAAumAmCWnzk31.jpeg', '2019-06-06 00:00:00', 200, 3, 2, '2019-06-16 21:21:00', '2019-06-16 21:21:00', '2019-06-16 21:21:00', 1, 25, 6, 57, 71, 68, 2);
INSERT INTO `travel` VALUES (15, 183, 1, '追鲸的日子啊，那是一段云上的时光', '2019年4月21日， 斯里兰卡 首都 科伦坡 等多地先后发生8次连环炸弹袭击，涉及至少3座教堂及3家酒店。4月22日， 斯里兰卡 发生第9次爆炸。4月24日， 斯里兰卡 一电影院附近发生爆炸。死伤惨重。', '/wKgE2l0S_hyAeN3KAAIj47mz_NM02.jpeg', '2019-03-30 00:00:00', 20000, 9, 2, '2019-06-24 14:47:00', '2019-06-24 14:47:00', '2019-06-24 14:47:00', 1, 50, 37, 38, 68, 76, 1);
INSERT INTO `travel` VALUES (16, 83, 1, '游走在《请回答1988》的韩国｜首尔、议政府、仁川的寻寻觅觅', '本文主要篇幅与《请回答1988》有关，若不感兴趣请通过目录直接跳转后页章节', '/wKgE2l0WOqWADnH1AATK72hL7Lo29.jpeg', '2019-02-11 00:00:00', 20000, 5, 1, '2019-04-06 11:44:00', '2019-04-06 11:44:00', '2019-04-06 11:44:00', 1, 13, 61, 69, 88, 59, 3);
INSERT INTO `travel` VALUES (17, 30, 1, 'c1', 'AI生成', '/e1ebab17-fe32-4a21-b74d-8c26be4582e7.png', '2019-11-14 00:00:00', 1111, 11, 2, '2019-11-13 22:11:42', '2019-11-13 22:11:42', '2019-11-14 12:07:12', 1, 0, 0, 0, 0, 0, 1);
INSERT INTO `travel` VALUES (18, 1, NULL, '', 'AI生成', '', NULL, NULL, NULL, 2, '2019-11-23 21:41:50', '2019-11-23 21:41:50', '2019-11-23 21:41:50', 1, 0, 0, 0, 0, 0, 1);
INSERT INTO `travel` VALUES (19, 1, 1, '', 'AI生成', '', NULL, NULL, NULL, 2, '2019-11-23 22:03:51', '2019-11-23 22:03:51', '2019-11-23 22:03:51', 1, 0, 0, 0, 0, 0, 1);

-- ----------------------------
-- Table structure for travel_commend
-- ----------------------------
DROP TABLE IF EXISTS `travel_commend`;
CREATE TABLE `travel_commend`  (
  `id` bigint(20) NOT NULL AUTO_INCREMENT,
  `travel_id` bigint(20) NULL DEFAULT NULL,
  `title` varchar(255) CHARACTER SET utf8 COLLATE utf8_general_ci NULL DEFAULT NULL,
  `subTitle` varchar(255) CHARACTER SET utf8 COLLATE utf8_general_ci NULL DEFAULT NULL,
  `coverUrl` varchar(255) CHARACTER SET utf8 COLLATE utf8_general_ci NULL DEFAULT NULL,
  `sequence` int(11) NULL DEFAULT NULL,
  `state` int(11) NULL DEFAULT NULL,
  PRIMARY KEY (`id`) USING BTREE
) ENGINE = InnoDB AUTO_INCREMENT = 6 CHARACTER SET = utf8 COLLATE = utf8_general_ci ROW_FORMAT = Compact;

-- ----------------------------
-- Records of travel_commend
-- ----------------------------
INSERT INTO `travel_commend` VALUES (1, 12, '格鲁吉亚：与它爱恨纠葛，犹述一书武侠情愁。来饮壶好酒？', '格鲁吉亚：与它爱恨纠葛', '/wKgE2l0czFWAZCSiAAes8lIsP3I057.jpg', 3, 0);
INSERT INTO `travel_commend` VALUES (2, 13, '港式文艺漫步地图，想对你说一万遍“我可以”（书店、美食、景观大搜罗）\r\n顶', '港式文艺漫步地图', '/wKgE2l0bAz-AUqLVAAgd7dbvAMg911.jpg', 1, 0);
INSERT INTO `travel_commend` VALUES (3, 14, '地道乐山人带你吃遍心中List（内含早、中、晚、宵夜攻略）', '吃遍乐山美食', '/wKgE2l0aFHOAQTIqAAbVLgQTk8Q355.jpg', 2, 0);
INSERT INTO `travel_commend` VALUES (4, 15, '追鲸的日子啊，那是一段云上的时光', '追鲸的日子', '/wKgE2l0VoBaAavyDAALOJmkn3QE534.jpg', 5, 0);
INSERT INTO `travel_commend` VALUES (5, 16, '游走在《请回答1988》的韩国｜首尔、议政府、仁川的寻寻觅觅', '游走在《请回答1988》的韩国', '/wKgE2l0VxGSAFPg0AAVbWqeaXt4000.jpg', 4, 0);

-- ----------------------------
-- Table structure for travel_content
-- ----------------------------
DROP TABLE IF EXISTS `travel_content`;
CREATE TABLE `travel_content`  (
  `id` bigint(20) NOT NULL,
  `content` text CHARACTER SET utf8 COLLATE utf8_general_ci NULL
) ENGINE = InnoDB CHARACTER SET = utf8 COLLATE = utf8_general_ci ROW_FORMAT = Compact;

-- ----------------------------
-- Records of travel_content
-- ----------------------------
INSERT INTO `travel_content` VALUES (1, '<div class=\"va_con _j_master_content\" data-cs-t=\"ginfo_kw_hotel\">    <div class=\"block-loading loading_backward\"></div>    <div class=\"_j_content_box\">        <p class=\"_j_note_content _j_seqitem\" data-seq=\"681850841\">            已经数不清是第几次            <a href=\"/travel-scenic-spot/mafengwo/10088.html\" class=\"link _j_keyword_mdd\" data-kw=\"广州\" target=\"_blank\">广州</a>            行了，归根结底，仍然是因为吃呀。跟            <a href=\"/travel-scenic-spot/mafengwo/10189.html\" class=\"link _j_keyword_mdd\" data-kw=\"香港\" target=\"_blank\">香港</a>            一样，            <a href=\"/travel-scenic-spot/mafengwo/10088.html\" class=\"link _j_keyword_mdd\" data-kw=\"广州\" target=\"_blank\">广州</a>            总觉得遍地都好吃的，而            <a href=\"/travel-scenic-spot/mafengwo/10088.html\" class=\"link _j_keyword_mdd\" data-kw=\"广州\" target=\"_blank\">广州</a>            人的爱吃也是全国出了名的，            <a href=\"/travel-scenic-spot/mafengwo/63538.html\" class=\"link _j_keyword_mdd\" data-kw=\"比如\" target=\"_blank\">比如</a>            有一句话流传“            <a href=\"/travel-scenic-spot/mafengwo/14674.html\" class=\"link _j_keyword_mdd\" data-kw=\"广东\" target=\"_blank\">广东</a>            人连            <a href=\"/travel-scenic-spot/mafengwo/12871.html\" class=\"link _j_keyword_mdd\" data-kw=\"福建\" target=\"_blank\">福建</a>            人都吃”！身为            <a href=\"/travel-scenic-spot/mafengwo/12871.html\" class=\"link _j_keyword_mdd\" data-kw=\"福建\" target=\"_blank\">福建</a>            人，表示            <a href=\"/travel-scenic-spot/mafengwo/16708.html\" class=\"link _j_keyword_mdd\" data-kw=\"亚历山大\"               target=\"_blank\">亚历山大</a>            呀。那么这一次，以吃为名，去            <a href=\"/travel-scenic-spot/mafengwo/10088.html\" class=\"link _j_keyword_mdd\" data-kw=\"广州\" target=\"_blank\">广州</a>            ，跟着大众点评“必字榜”，吃住玩一条龙，且看我攻略。<br>        </p>        <div id=\"_j_photo_681844104\" data-seq=\"681850842\" data-pid=\"681844104\" class=\"add_pic _j_anchorcnt _j_seqitem\"             style=\"width:600px\">            <a target=\"_blank\" style=\"display: block\" href=\"/photo/10088/scenery_14380399/681844104.html\">                <img class=\"\" style=\"height: 333px; width: 600px; background: rgb(252, 242, 220); display: block;\"                     src=\"/wKgE2l0ZVC6AMszkAAEzb65lqy423.jpeg\"                     data-pid=\"681844104\" alt=\"\">            </a>        </div>        <div data-seq=\"682023025\" data-index=\"1\" class=\"article_title _j_anchorcnt _j_seqitem\">            <h2 class=\"t9\"><span class=\"_j_anchor\">&#8203;【攻略篇】</span></h2>        </div>        <p class=\"_j_note_content _j_seqitem\" data-seq=\"681850843\">            <br>            1、关于外部交通：            <a href=\"/travel-scenic-spot/mafengwo/10088.html\" class=\"link _j_keyword_mdd\" data-kw=\"广州\" target=\"_blank\">广州</a>            白云机场，全国各地都有航线，要注意的是有两个航站楼T1和T2，要看清楚，两个航站楼隔着一个地铁站（挺远的）。            <a href=\"/travel-scenic-spot/mafengwo/10088.html\" class=\"link _j_keyword_mdd\" data-kw=\"广州\" target=\"_blank\">广州</a>            的火车站，有            <a href=\"/travel-scenic-spot/mafengwo/10088.html\" class=\"link _j_keyword_mdd\" data-kw=\"广州\" target=\"_blank\">广州</a>            东、            <a href=\"/travel-scenic-spot/mafengwo/10088.html\" class=\"link _j_keyword_mdd\" data-kw=\"广州\" target=\"_blank\">广州</a>            南、            <a href=\"/travel-scenic-spot/mafengwo/10088.html\" class=\"link _j_keyword_mdd\" data-kw=\"广州\" target=\"_blank\">广州</a>            北、            <a href=\"/travel-scenic-spot/mafengwo/10088.html\" class=\"link _j_keyword_mdd\" data-kw=\"广州\" target=\"_blank\">广州</a>            站四个车站，买票要看清楚，高铁动车站大部分是在            <a href=\"/travel-scenic-spot/mafengwo/10088.html\" class=\"link _j_keyword_mdd\" data-kw=\"广州\" target=\"_blank\">广州</a>            南站，各个火车站均有地铁接驳，            <a href=\"/travel-scenic-spot/mafengwo/10088.html\" class=\"link _j_keyword_mdd\" data-kw=\"广州\" target=\"_blank\">广州</a>            的交通还是很方便的。<br>            2、关于内部交通：            <a href=\"/travel-scenic-spot/mafengwo/16107.html\" class=\"link _j_keyword_mdd\" data-kw=\"大城\" target=\"_blank\">大城</a>            市出行，首选地铁，当然如果是旅游，建议避开上下班高峰期的三号线，嗯，挤到怀疑人生的那种。近距离的交通可以选择网约车、公交车甚至共享单车出行。近期美团打车进驻            <a href=\"/travel-scenic-spot/mafengwo/10088.html\" class=\"link _j_keyword_mdd\" data-kw=\"广州\" target=\"_blank\">广州</a>            ，非常方便。<br>            3、关于天气：六七月大概是雨季，尤其是被称为“龙舟雨”，这回倒是结结实实碰下了，不下雨的时候也是很热，所以雨具还是要备的，做好防晒。<br>            4、关于行程：这次安排的三天三夜            <a href=\"/travel-scenic-spot/mafengwo/10088.html\" class=\"link _j_keyword_mdd\" data-kw=\"广州\" target=\"_blank\">广州</a>            之行，以吃为主，加之打卡补充了几个之前没去过的景点。具体如下：<br>            D1：利苑-天河希尔顿酒店<br>            D2：惠食佳（下大暴雨的一天，哪都没去，窝酒店）<br>            D3：银灯食府-石室圣心大教堂-            <a href=\"/travel-scenic-spot/mafengwo/10065.html\" class=\"link _j_keyword_mdd\" data-kw=\"北京\" target=\"_blank\">北京</a>            路步行街-翅叔-柏悦悦厅看            <a href=\"/travel-scenic-spot/mafengwo/10088.html\" class=\"link _j_keyword_mdd\" data-kw=\"广州\" target=\"_blank\">广州</a>            塔-逸林希尔顿酒店<br>            D4：南信-上下九步行街-沙面-二沙岛宏城公园-吴系茶餐厅-机场        </p>        <div data-seq=\"682025832\" data-index=\"2\" class=\"article_title _j_anchorcnt _j_seqitem\">            <h2 class=\"t9\"><span class=\"_j_anchor\">【美食篇】</span></h2>        </div>        <p class=\"_j_note_content _j_seqitem\" data-seq=\"682025833\">            当然，首先来谈谈吃，毕竟是冲着吃来着的。这次的行程主要是依据大众点评必吃榜的上榜商户来去选择，毕竟这些都是佼佼者。按打卡顺序一家家来说，以下打分满分5分。        </p>        <div data-seq=\"682027864\" data-index=\"3\" class=\"article_title _j_anchorcnt _j_seqitem\">            <h2 class=\"t9\"><span class=\"_j_anchor\">1、利苑 4分</span></h2>        </div>        <p class=\"_j_note_content _j_seqitem\" data-seq=\"682027865\">            可以说利苑酒家已经在种草榜许久了，            <a href=\"/travel-scenic-spot/mafengwo/10088.html\" class=\"link _j_keyword_mdd\" data-kw=\"广州\" target=\"_blank\">广州</a>            第一餐，下了动车直奔利苑。<br>            首先服务要表扬一下，提前在大众点评上订座了，预定的晚上19:00，餐厅经理提前主动跟我沟通是否需要先订菜，因为到店比较晚，怕菜品沽清。<br>            地址在地铁5号线淘金站下车不远，交通方便。位于宜安广场4楼，环境倒是没有想象中的奢华高大上，门口摆满了各式奖牌。作为            <a href=\"/travel-scenic-spot/mafengwo/10088.html\" class=\"link _j_keyword_mdd\" data-kw=\"广州\" target=\"_blank\">广州</a>            美食的黄埔军校级别地位，总体来说菜品还算可以，没有雷点，但也没有特别惊艳，三人总共消费730，需要10%服务费。<br>        </p>        <div id=\"_j_photo_681844106\" data-seq=\"681850844\" data-pid=\"681844106\" class=\"add_pic _j_anchorcnt _j_seqitem\"             style=\"width:600px\">            <a target=\"_blank\" style=\"display: block\" href=\"/photo/10088/scenery_14380399/681844106.html\">                <img class=\"\" style=\"height: 400px; width: 600px; background: rgb(252, 242, 220); display: block;\"                     src=\"/wKgE2l0ZVC-AeaW5AAECskH1YVk78.jpeg\"                     data-pid=\"681844106\" alt=\"\">            </a>        </div>        <p class=\"_j_note_content _j_seqitem\" data-seq=\"681850855\">            <a href=\"/travel-scenic-spot/mafengwo/10503.html\" class=\"link _j_keyword_mdd\" data-kw=\"顺德\" target=\"_blank\">顺德</a>            白糖糕，无论是造型或者口感都比较失望，个人觉得实在太甜了，如果不喜欢甜口的吃货不建议点。<br>        </p>        <div id=\"_j_photo_681844118\" data-seq=\"681850856\" data-pid=\"681844118\" class=\"add_pic _j_anchorcnt _j_seqitem\"             style=\"width:600px\">            <a target=\"_blank\" style=\"display: block\" href=\"/photo/10088/scenery_14380399/681844118.html\">                <img class=\"_j_lazyload\"                     style=\"height: 400px; width: 600px; background: rgb(252, 242, 220); display: block;\"                     src=\"/wKgE2l0ZVDCAIXcvAABuYrX-SxY70.jpeg\"                     data-pid=\"681844118\" alt=\"\">            </a>        </div>        <p class=\"_j_note_content _j_seqitem\" data-seq=\"681850857\">            即烧挂炉            <a href=\"/travel-scenic-spot/mafengwo/15946.html\" class=\"link _j_keyword_mdd\" data-kw=\"沙溪\" target=\"_blank\">沙溪</a>            米鸭，这个也是推荐，挂炉烧鸭的火候刚好，来自            <a href=\"/travel-scenic-spot/mafengwo/12711.html\" class=\"link _j_keyword_mdd\" data-kw=\"云南\" target=\"_blank\">云南</a>            的            <a href=\"/travel-scenic-spot/mafengwo/15946.html\" class=\"link _j_keyword_mdd\" data-kw=\"沙溪\" target=\"_blank\">沙溪</a>            米鸭，搭配旁边的紫姜也是一大亮点。<br>        </p>        <div id=\"_j_photo_681844119\" data-seq=\"681850858\" data-pid=\"681844119\" class=\"add_pic _j_anchorcnt _j_seqitem\"             style=\"width:600px\">            <a target=\"_blank\" style=\"display: block\" href=\"/photo/10088/scenery_14380399/681844119.html\">                <img class=\"_j_lazyload\"                     style=\"height: 400px; width: 600px; background: rgb(252, 242, 220); display: block;\"                     src=\"/wKgE2l0ZVDCAf9u2AAEDCUlY-ik79.jpeg\"                     data-pid=\"681844119\" alt=\"\">            </a>        </div>        <p class=\"_j_note_content _j_seqitem\" data-seq=\"681850859\">            韭黄鲜元贝煎面，第一次吃到煎面，            <a href=\"/travel-scenic-spot/mafengwo/10088.html\" class=\"link _j_keyword_mdd\" data-kw=\"广州\" target=\"_blank\">广州</a>            老友说是            <a href=\"/travel-scenic-spot/mafengwo/10088.html\" class=\"link _j_keyword_mdd\" data-kw=\"广州\" target=\"_blank\">广州</a>            的一个传统美食，很考验火候，面要煎的刚刚好，焦脆。上桌才淋上酱汁，面的上面是元贝、杏鲍菇、青菜。但这道菜另一个朋友表示吃不惯，让回炉加工，就给蒸了一下～嗯，表示比较一言难尽<br>        </p>        <div id=\"_j_photo_681844120\" data-seq=\"681850860\" data-pid=\"681844120\" class=\"add_pic _j_anchorcnt _j_seqitem\"             style=\"width:600px\">            <a target=\"_blank\" style=\"display: block\" href=\"/photo/10088/scenery_14380399/681844120.html\">                <img class=\"_j_lazyload\"                     style=\"height: 400px; width: 600px; background: rgb(252, 242, 220); display: block;\"                     src=\"/wKgE2l0ZVDCANydcAAFaI0pxPK456.jpeg\"                     data-pid=\"681844120\" alt=\"\">            </a>        </div>    </div>    <div class=\"block-loading loading_forward\"></div></div>');
INSERT INTO `travel_content` VALUES (2, '<div class=\"va_con _j_master_content\" data-cs-t=\"ginfo_kw_hotel\">    <div class=\"block-loading loading_backward\"></div>    <div class=\"_j_content_box\">        <p class=\"_j_note_content _j_seqitem\" data-seq=\"458812041\">            几乎每年都会去            <a href=\"/travel-scenic-spot/mafengwo/10088.html\" class=\"link _j_keyword_mdd\" data-kw=\"广州\" target=\"_blank\">广州</a>            一趟，一般都是一两天，一个人逛。<br>            这篇游记是2018-2019年的汇总，主要记录了在            <a href=\"/travel-scenic-spot/mafengwo/10088.html\" class=\"link _j_keyword_mdd\" data-kw=\"广州\" target=\"_blank\">广州</a>            的吃和玩，如果还有会再补充。（大概）<br>        </p>        <div data-seq=\"458815903\" data-index=\"1\" class=\"article_title _j_anchorcnt _j_seqitem\">            <h2 class=\"t9\"><span class=\"_j_anchor\">------------2018------------</span></h2>        </div>        <p class=\"_j_note_content _j_seqitem\" data-seq=\"458815972\">            2018年2月4日，从            <a href=\"/travel-scenic-spot/mafengwo/10132.html\" class=\"link _j_keyword_mdd\" data-kw=\"厦门\" target=\"_blank\">厦门</a>            出发经            <a href=\"/travel-scenic-spot/mafengwo/10198.html\" class=\"link _j_keyword_mdd\" data-kw=\"深圳\" target=\"_blank\">深圳</a>            北转车到            <a href=\"/travel-scenic-spot/mafengwo/10088.html\" class=\"link _j_keyword_mdd\" data-kw=\"广州\" target=\"_blank\">广州</a>            ，熟悉的路线。<br>            这一年冬天的            <a href=\"/travel-scenic-spot/mafengwo/10088.html\" class=\"link _j_keyword_mdd\" data-kw=\"广州\" target=\"_blank\">广州</a>            有点冷，同行人刚到就被感冒击垮，于是我一个人四处瞎逛。<br>        </p>        <div data-seq=\"458817384\" data-index=\"2\" class=\"article_title _j_anchorcnt _j_seqitem\">            <h2 class=\"t9\"><span class=\"_j_anchor\">【食】山顶沙河粉</span></h2>        </div>        <p class=\"_j_note_content _j_seqitem\" data-seq=\"458817419\">            晚上到了            <a href=\"/travel-scenic-spot/mafengwo/10088.html\" class=\"link _j_keyword_mdd\" data-kw=\"广州\" target=\"_blank\">广州</a>            ，病恹恹的同行人就表示要吃清淡的，于是在我们在地铁站【黄沙】的西城都荟找了一家看起来很清淡的。<br>            好吧，对于重口味的本人来说实在欣赏不来清淡如此的菜……<br>        </p>        <div id=\"_j_photo_458818816\" data-seq=\"458818821\" data-pid=\"458818816\" class=\"add_pic _j_anchorcnt _j_seqitem\"             style=\"width:680px\" data-poiid=\"29809474\">            <a target=\"_blank\" style=\"display: block\" href=\"/photo/10088/scenery_12515482/458818816.html\">                <img class=\"\" style=\"height: 453px; width: 680px; background: rgb(252, 242, 220); display: block;\"                     src=\"/wKgEaVzD72yASU-JAAXE__3KBsQ76.jpeg\" alt=\"\">            </a>            <span class=\"pic_tag\">                <a href=\"/poi/29809474.html\" class=\"_j_anchor\" data-poiid=\"29809474\" target=\"_blank\"                   data-cs-p=\"ginfo_img_poi_new\">                    <i class=\"food\"></i>山顶沙河粉                </a>            </span>        </div>        <p class=\"_j_note_content _j_seqitem\" data-seq=\"458819101\">            招牌菜【姜汁鸡蛋炒            <a href=\"/travel-scenic-spot/mafengwo/134713.html\" class=\"link _j_keyword_mdd\" data-kw=\"沙河\" target=\"_blank\">沙河</a>            粉】，味道还行，可以当成清淡的炒面。        </p>        <div id=\"_j_photo_458818817\" data-seq=\"458818822\" data-pid=\"458818817\" class=\"add_pic _j_anchorcnt _j_seqitem\"             style=\"width:680px\" data-poiid=\"29809474\">            <a target=\"_blank\" style=\"display: block\" href=\"/photo/10088/scenery_12515482/458818817.html\">                <img class=\"\" style=\"height: 453px; width: 680px; background: rgb(252, 242, 220); display: block;\"                     src=\"/wKgEaVzD722AGCd_AAWa4FSrvPU99.jpeg\" alt=\"\">            </a>            <span class=\"pic_tag\">                <a href=\"/poi/29809474.html\" class=\"_j_anchor\" data-poiid=\"29809474\" target=\"_blank\"                   data-cs-p=\"ginfo_img_poi_new\">                    <i class=\"food\"></i>山顶沙河粉                </a>            </span>        </div>        <p class=\"_j_note_content _j_seqitem\" data-seq=\"458819442\">            【私房砵仔骨】 很入味，是点的菜里最有味道的。        </p>        <div id=\"_j_photo_458818818\" data-seq=\"458818823\" data-pid=\"458818818\" class=\"add_pic _j_anchorcnt _j_seqitem\"             style=\"width:680px\" data-poiid=\"29809474\">            <a target=\"_blank\" style=\"display: block\" href=\"/photo/10088/scenery_12515482/458818818.html\">                <img class=\"\" style=\"height: 453px; width: 680px; background: rgb(252, 242, 220); display: block;\"                     src=\"/wKgEaVzD726AYiZPAAaQgV01-Zw58.jpeg\" alt=\"\">            </a>            <span class=\"pic_tag\">                <a href=\"/poi/29809474.html\" class=\"_j_anchor\" data-poiid=\"29809474\" target=\"_blank\"                   data-cs-p=\"ginfo_img_poi_new\">                    <i class=\"food\"></i>山顶沙河粉                </a>            </span>        </div>        <p class=\"_j_note_content _j_seqitem\" data-seq=\"458819940\">            病号非要吃的粥。        </p>        <div id=\"_j_photo_458818819\" data-seq=\"458818824\" data-pid=\"458818819\" class=\"add_pic _j_anchorcnt _j_seqitem\"             style=\"width:680px\" data-poiid=\"29809474\">            <a target=\"_blank\" style=\"display: block\" href=\"/photo/10088/scenery_12515482/458818819.html\">                <img class=\"\" style=\"height: 453px; width: 680px; background: rgb(252, 242, 220); display: block;\"                     src=\"/wKgEaVzD72-AOw2CAAa4jfyMF9o92.jpeg\" alt=\"\">            </a>            <span class=\"pic_tag\">                <a href=\"/poi/29809474.html\" class=\"_j_anchor\" data-poiid=\"29809474\" target=\"_blank\"                   data-cs-p=\"ginfo_img_poi_new\">                    <i class=\"food\"></i>山顶沙河粉                </a>            </span>        </div>        <p class=\"_j_note_content _j_seqitem\" data-seq=\"458826671\">            然后就来到了上下九，我也不懂为什么每次都会来。        </p>        <div id=\"_j_photo_458826251\" data-seq=\"458826261\" data-pid=\"458826251\" class=\"add_pic _j_anchorcnt _j_seqitem\"             style=\"width:680px\" data-poiid=\"6047483\">            <a target=\"_blank\" style=\"display: block\" href=\"/photo/10088/scenery_12515482/458826251.html\">                <img class=\"_j_lazyload\"                     style=\"height: 453px; width: 680px; background: rgb(252, 242, 220); display: block;\"                     src=\"/wKgEaVzD80iAeIW9AAtue-giLhk18.jpeg\" alt=\"\">            </a>            <span class=\"pic_tag\">                <a href=\"/poi/6047483.html\" class=\"_j_anchor\" data-poiid=\"6047483\" target=\"_blank\"                   data-cs-p=\"ginfo_img_poi_new\">                    <i class=\"house\"></i>上下九步行街                </a>            </span>        </div>        <div data-seq=\"458834182\" data-index=\"5\" class=\"article_title _j_anchorcnt _j_seqitem\">            <h2 class=\"t9\"><span class=\"_j_anchor\">【食】南信牛奶甜品专家</span></h2>        </div>        <p class=\"_j_note_content _j_seqitem\" data-seq=\"458834371\">            一大早，上下九的南信牛奶甜品专家就开门了，而且人不少。<br>        </p>        <div id=\"_j_photo_458839526\" data-seq=\"458839531\" data-pid=\"458839526\" class=\"add_pic _j_anchorcnt _j_seqitem\"             style=\"width:680px\" data-poiid=\"455\">            <a target=\"_blank\" style=\"display: block\" href=\"/photo/10088/scenery_12515482/458839526.html\">                <img class=\"_j_lazyload\"                     style=\"height: 453px; width: 680px; background: rgb(252, 242, 220); display: block;\"                     src=\"/wKgEaVzD-BaAUzrkAAT6Dl6jmxM96.jpeg\" alt=\"\">            </a>            <span class=\"pic_tag\">                <a href=\"/poi/455.html\" class=\"_j_anchor\" data-poiid=\"455\" target=\"_blank\"                   data-cs-p=\"ginfo_img_poi_new\">                    <i class=\"food\"></i>宝华面店                </a>            </span>        </div>    </div>    <div class=\"block-loading loading_forward\"></div></div>');
INSERT INTO `travel_content` VALUES (3, '<div class=\"va_con _j_master_content\" data-cs-t=\"ginfo_kw_hotel\">    <div class=\"block-loading loading_backward\"></div>    <div class=\"_j_content_box\">        <div data-seq=\"433527941\" data-index=\"1\" class=\"article_title _j_anchorcnt _j_seqitem\">            <h2 class=\"t9\"><span class=\"_j_anchor\">序</span></h2>        </div>        <p class=\"_j_note_content _j_seqitem\" data-seq=\"428804165\">            这是一趟说走就走的旅行。<br>            2019年1月28日，在寒冷的且没有暖气的江浙沪，我们家一家三口突然决定逃离寒冷，去往真正的南方—            <a href=\"/travel-scenic-spot/mafengwo/10088.html\" class=\"link _j_keyword_mdd\" data-kw=\"广州\" target=\"_blank\">广州</a>            ！<br>            于是决定后我们连夜订的机票，1月30日早上的飞机✈出发了。<br>            猝不及防，            <a href=\"/travel-scenic-spot/mafengwo/10088.html\" class=\"link _j_keyword_mdd\" data-kw=\"广州\" target=\"_blank\">广州</a>            之旅就这么开始了。                    </p>        <div data-seq=\"428804461\" data-index=\"2\" class=\"article_title _j_anchorcnt _j_seqitem\">            <h2 class=\"t1\"><span class=\"_j_anchor\">提前准备</span></h2>        </div>        <p class=\"_j_note_content _j_seqitem\" data-seq=\"428805450\">            相较于之前的准备充分，            <a href=\"/travel-scenic-spot/mafengwo/10088.html\" class=\"link _j_keyword_mdd\" data-kw=\"广州\" target=\"_blank\">广州</a>            真的是可以说很匆忙完成的。<br>            虽然不充分，但是花了一天时间，还是做了个大概的。该玩的该吃的该安排的也差不多            <a href=\"/travel-scenic-spot/mafengwo/140671.html\" class=\"link _j_keyword_mdd\" data-kw=\"都安\" target=\"_blank\">都安</a>            排上了。        </p>        <div id=\"_j_photo_428806261\" data-seq=\"428806262\" data-pid=\"428806261\" class=\"add_pic _j_anchorcnt _j_seqitem\"             style=\"width:481px\">            <a target=\"_blank\" style=\"display: block\" href=\"/photo/10088/scenery_11941494/428806261.html\">                <img class=\"\" style=\"height: 407px; width: 481px; background: rgb(252, 242, 220); display: block;\"                     src=\"/wKgED1xj8kyANED_AAGiX4nk9Ng93.jpeg\" alt=\"\">            </a>            <span class=\"pic_tag\">                <a href=\"/travel-scenic-spot/mafengwo/10088.html\" target=\"_blank\" class=\"_j_anchor\">                    <i class=\"house\"></i>广州                </a>            </span>        </div>        <p class=\"_j_note_content _j_seqitem\" data-seq=\"428806265\">            可以看到            <a href=\"/travel-scenic-spot/mafengwo/10088.html\" class=\"link _j_keyword_mdd\" data-kw=\"广州\" target=\"_blank\">广州</a>            的游玩的主要的地点集中在三块，一是老市区那边，地点会比较分散；二是            <a href=\"/travel-scenic-spot/mafengwo/10088.html\" class=\"link _j_keyword_mdd\" data-kw=\"广州\" target=\"_blank\">广州</a>            塔在内的珠江            <a href=\"/travel-scenic-spot/mafengwo/64946.html\" class=\"link _j_keyword_mdd\" data-kw=\"新城\" target=\"_blank\">新城</a>            ；三就是长隆旅行度假区了，那边可以玩很好几天。<br>            但是由于我们加上来去，只有四天时间，时间比较赶。所以长隆我们只选择了长隆野生动物园。<br>            住宿：第一晚夜游珠江，订的万豪，在正佳广场边上，机场直接三号线延线底站，离            <a href=\"/travel-scenic-spot/mafengwo/10088.html\" class=\"link _j_keyword_mdd\" data-kw=\"广州\" target=\"_blank\">广州</a>            塔很近，直接搭乘APM线，晚上10:30也不需要担心。后面两晚住在            <a href=\"/travel-scenic-spot/mafengwo/10065.html\" class=\"link _j_keyword_mdd\" data-kw=\"北京\" target=\"_blank\">北京</a>            路附近的公寓酒店，附近吃的超多，且恰逢            <a href=\"/travel-scenic-spot/mafengwo/10088.html\" class=\"link _j_keyword_mdd\" data-kw=\"广州\" target=\"_blank\">广州</a>            花市，很是热闹。        </p>        <div data-seq=\"430733093\" data-index=\"3\" class=\"article_title _j_anchorcnt _j_seqitem\">            <h2 class=\"t1\"><span class=\"_j_anchor\">DAY1 出发-红专-广州塔-夜游珠江</span></h2>        </div>        <p class=\"_j_note_content _j_seqitem\" data-seq=\"430733212\">            从又冷又潮的            <a href=\"/travel-scenic-spot/mafengwo/10129.html\" class=\"link _j_keyword_mdd\" data-kw=\"宁波\" target=\"_blank\">宁波</a>            出发，颠簸了一上午到达            <a href=\"/travel-scenic-spot/mafengwo/10088.html\" class=\"link _j_keyword_mdd\" data-kw=\"广州\" target=\"_blank\">广州</a>            的时候已经12:30。<br>            下飞机第一感觉好热！羽绒服和秋裤根本穿不住。这次叫南方啊～<br>            下了飞机去酒店放完行李。出发            第一站—红专厂<br>            适合游玩时间：2小时        </p>        <div id=\"_j_photo_431168491\" data-seq=\"431168492\" data-pid=\"431168491\" class=\"add_pic _j_anchorcnt _j_seqitem\"             style=\"width:680px\" data-poiid=\"928\">            <a target=\"_blank\" style=\"display: block\" href=\"/photo/10088/scenery_11941494/431168491.html\">                <img class=\"\" style=\"height: 381px; width: 680px; background: rgb(252, 242, 220); display: block;\"                     src=\"/wKgEaVxq6zuAOtIfAAlsY7xfoPo57.jpeg\" alt=\"\">            </a>            <span class=\"pic_tag\">                <a href=\"/poi/928.html\" class=\"_j_anchor\" data-poiid=\"928\" target=\"_blank\"                   data-cs-p=\"ginfo_img_poi_new\">                    <i class=\"house\"></i>红专厂创意园                </a>            </span>        </div>        <p class=\"_j_note_content _j_seqitem\" data-seq=\"431168833\">            这是一个网红小众景点，地铁5号线员村站下地铁。步行就可到达。不过说句实话，有点远，且光走路，没景色。<br>            想偷懒的朋友们这边要划重点了            出地铁以后别急着跟着导航走，在地铁站旁边有一个电瓶车的公交站台，两块钱一个人直达红专厂，让你省去1公里的路程。<br>            总体来说红专厂是一个比较文艺的拍照地。穿上文艺的衣服，带上会拍照的男朋友或是好基友，还是能拍出不少好看的照片的。奈何我是和父母，有一张能看的我已经很开心啦。        </p>        <div id=\"_j_photo_432426008\" data-seq=\"432426009\" data-pid=\"432426008\" class=\"add_pic _j_anchorcnt _j_seqitem\"             style=\"width:680px\" data-poiid=\"928\">            <a target=\"_blank\" style=\"display: block\" href=\"/photo/10088/scenery_11941494/432426008.html\">                <img class=\"\" style=\"height: 453px; width: 680px; background: rgb(252, 242, 220); display: block;\"                     src=\"/wKgEaVxu6bOAXVmvAAxdxoVVw_o41.jpeg\" alt=\"\">            </a>            <span class=\"pic_tag\">                <a href=\"/poi/928.html\" class=\"_j_anchor\" data-poiid=\"928\" target=\"_blank\"                   data-cs-p=\"ginfo_img_poi_new\">                    <i class=\"house\"></i>红专厂创意园                </a>            </span>        </div>        <p class=\"_j_note_content _j_seqitem\" data-seq=\"432426154\">            晚饭—陶陶居<br>            这边友情提示：陶陶居五点开始营业。<br>            我们在门口等了一会，进去以后，按大众点评评分高的来。然后有点失望。<br>            除了大虾饺和牛河还可以，其他都很一般，甚至不是很好吃。特别是这个冰镇咕噜肉，本来炸的很脆的咕噜肉，加了冰，就很微妙，貌似价格还不便宜，肉的量不多，冰倒是不少。<br>            双皮奶和            <a href=\"/travel-scenic-spot/mafengwo/10129.html\" class=\"link _j_keyword_mdd\" data-kw=\"宁波\" target=\"_blank\">宁波</a>            这边的不太一样，奶味更重点，口感很浓郁，像酸奶。但是我更喜欢            <a href=\"/travel-scenic-spot/mafengwo/10129.html\" class=\"link _j_keyword_mdd\" data-kw=\"宁波\" target=\"_blank\">宁波</a>            的像果冻的口感。        </p>        <div id=\"_j_photo_432426277\" data-seq=\"432426278\" data-pid=\"432426277\" class=\"add_pic _j_anchorcnt _j_seqitem\"             style=\"width:680px\" data-poiid=\"437\">            <a target=\"_blank\" style=\"display: block\" href=\"/photo/10088/scenery_11941494/432426277.html\">                <img class=\"_j_lazyload\"                     style=\"height: 680px; width: 680px; background: rgb(252, 242, 220); display: block;\"                     src=\"/wKgEaVxu6niATu3FAA_rkevhAMw67.jpeg\" alt=\"\">            </a>            <span class=\"pic_tag\">                <a href=\"/poi/437.html\" class=\"_j_anchor\" data-poiid=\"437\" target=\"_blank\"                   data-cs-p=\"ginfo_img_poi_new\">                    <i class=\"food\"></i>陶陶居                </a>            </span>        </div>        <p class=\"_j_note_content _j_seqitem\" data-seq=\"432426593\">            第二站—            <a href=\"/travel-scenic-spot/mafengwo/10088.html\" class=\"link _j_keyword_mdd\" data-kw=\"广州\" target=\"_blank\">广州</a>            塔<br>            来            <a href=\"/travel-scenic-spot/mafengwo/10088.html\" class=\"link _j_keyword_mdd\" data-kw=\"广州\" target=\"_blank\">广州</a>            ，必须打开            <a href=\"/travel-scenic-spot/mafengwo/10088.html\" class=\"link _j_keyword_mdd\" data-kw=\"广州\" target=\"_blank\">广州</a>            塔！            <br>            我们事先在美团上买了            <a href=\"/travel-scenic-spot/mafengwo/10088.html\" class=\"link _j_keyword_mdd\" data-kw=\"广州\" target=\"_blank\">广州</a>            塔108层和邮轮的联票。到了以后直接去            <a href=\"/travel-scenic-spot/mafengwo/10088.html\" class=\"link _j_keyword_mdd\" data-kw=\"广州\" target=\"_blank\">广州</a>            塔一层取了票便可上塔。一般要求18:00前取票，但其实晚几分钟不要紧，但别晚太久。<br>            本来想18:00上塔，在            <a href=\"/travel-scenic-spot/mafengwo/10088.html\" class=\"link _j_keyword_mdd\" data-kw=\"广州\" target=\"_blank\">广州</a>            塔上看日落，可惜吃饭耗时过长，不幸错过。上去的时候有点天色已经开始暗了。        </p>        <div id=\"_j_photo_432426631\" data-seq=\"432426632\" data-pid=\"432426631\" class=\"add_pic _j_anchorcnt _j_seqitem\"             style=\"width:680px\" data-poiid=\"25091\">            <a target=\"_blank\" style=\"display: block\" href=\"/photo/10088/scenery_11941494/432426631.html\">                <img class=\"_j_lazyload\"                     style=\"height: 381px; width: 680px; background: rgb(252, 242, 220); display: block;\"                     src=\"/wKgEaVxu6--AfPRWAAkSBCcK_S881.jpeg\" alt=\"\">            </a>            <span class=\"pic_tag\">                <a href=\"/poi/25091.html\" class=\"_j_anchor\" data-poiid=\"25091\" target=\"_blank\"                   data-cs-p=\"ginfo_img_poi_new\">                    <i class=\"house\"></i>广州塔                </a>            </span>        </div>        <p class=\"_j_note_content _j_seqitem\" data-seq=\"432426664\">            ‼️关于            <a href=\"/travel-scenic-spot/mafengwo/10088.html\" class=\"link _j_keyword_mdd\" data-kw=\"广州\" target=\"_blank\">广州</a>            塔的小tip:<br>            1.取完票以后最好绕道从东入口进去，因为大家都喜欢取完票直接挤在西入口，东入口几乎没什么人，都不需要排队。<br>            2.            晚上登塔107楼的拍照效果比108楼的效果好很多，而且人会少很多。大家一般上到108楼以后都挤在那里，不管是玻璃栈道拍照还是离塔电梯排队人都很多。但是107楼那边很亮，适合拍人，而且人不多。离塔电梯只要排几分钟就可以了。<br>            3.如果大家是和我一样6点多取完票，先登塔，再乘船，坐船时间有比较早的话，我不是很推荐去排队专人拍照，貌似是和珠江合照。因为我排了有40多分钟愣是没排到…而且还有一截。不是因为人多，而是拍得慢。然后我放弃了。20:30的朋友们还是放弃吧。21:20的可以考虑一下。<br>            提前下塔的我们，决定前往坐船的码头，            <a href=\"/travel-scenic-spot/mafengwo/10088.html\" class=\"link _j_keyword_mdd\" data-kw=\"广州\" target=\"_blank\">广州</a>            塔财富码头。<br>            这边有重点‼️大家拿到票一点要看好是            <a href=\"/travel-scenic-spot/mafengwo/10088.html\" class=\"link _j_keyword_mdd\" data-kw=\"广州\" target=\"_blank\">广州</a>            塔码头还是            <a href=\"/travel-scenic-spot/mafengwo/10088.html\" class=\"link _j_keyword_mdd\" data-kw=\"广州\" target=\"_blank\">广州</a>            塔财富码头。两个虽然都在            <a href=\"/travel-scenic-spot/mafengwo/10088.html\" class=\"link _j_keyword_mdd\" data-kw=\"广州\" target=\"_blank\">广州</a>            塔边上，但不是一个方向。别搞错了。        </p>        <div id=\"_j_photo_433294994\" data-seq=\"433294995\" data-pid=\"433294994\" class=\"add_pic _j_anchorcnt _j_seqitem\"             style=\"width:680px\" data-poiid=\"7266373\">            <a target=\"_blank\" style=\"display: block\" href=\"/photo/10088/scenery_11941494/433294994.html\">                <img class=\"_j_lazyload\"                     style=\"height: 523px; width: 680px; background: rgb(252, 242, 220); display: block;\"                     src=\"/wKgEaVxyMv2ACeLPAAODojQjuMc91.jpeg\" alt=\"\">            </a>            <span class=\"pic_tag\">                <a href=\"/poi/7266373.html\" class=\"_j_anchor\" data-poiid=\"7266373\" target=\"_blank\"                   data-cs-p=\"ginfo_img_poi_new\">                    <i class=\"house\"></i>珠江夜游广州塔码头                </a>            </span>        </div>        <p class=\"_j_note_content _j_seqitem\" data-seq=\"433298621\">            虽说让提前20分钟排队，但是其实提前10分钟到就可以了。我们到的时候还早了一个小时，我们就沿着河沿散散步。<br>            而且退一步海阔天空，换个角度你会遇到更好的风景～古人诚不欺我。河岸边上的风景会比塔上面拍下来的更好。因为108层是有玻璃的。有玻璃必然会影响拍照效果，还会反光。<br>            当然大佬可以选择去顶楼，貌似门票贵了100多，还有摩天轮等游乐设施，但是我觉得没必要。现在去108层其实我也很失望。还不如江边上拍出来的效果好，而且人多空气有点浑浊。不过来都来了，总要上一次塔感受一下。<br>            江边微风吹拂很是舒服，可以看到对面的珠江            <a href=\"/travel-scenic-spot/mafengwo/64946.html\" class=\"link _j_keyword_mdd\" data-kw=\"新城\" target=\"_blank\">新城</a>            夜景。路上有一些艺术家唱歌，停驻脚步，伴着夜风，仿佛能洗去一天的疲惫。<br>            除了对面的夜景，码头也是一个拍摄工作塔灯光夜景的极佳位置。        </p>        <div id=\"_j_photo_433295872\" data-seq=\"433295873\" data-pid=\"433295872\" class=\"add_pic _j_anchorcnt _j_seqitem\"             style=\"width:680px\" data-poiid=\"468\">            <a target=\"_blank\" style=\"display: block\" href=\"/photo/10088/scenery_11941494/433295872.html\">                <img class=\"_j_lazyload\"                     style=\"height: 381px; width: 680px; background: rgb(252, 242, 220); display: block;\"                     src=\"/wKgEaVxyM7eAUY2cAAdapvuY5qc87.jpeg\" alt=\"\">            </a>            <span class=\"pic_tag\">                <a href=\"/poi/468.html\" class=\"_j_anchor\" data-poiid=\"468\" target=\"_blank\"                   data-cs-p=\"ginfo_img_poi_new\">                    <i class=\"house\"></i>广州珠江夜游                </a>            </span>        </div>        <p class=\"_j_note_content _j_seqitem\" data-seq=\"433177932\">            第三站—夜游珠江<br>            我们船的班次是21:20的，排队上船以后，按门票上序号做到自己位置上。但是其实船是坐不满的。等大家都落座之后，你可以选择一个你觉得不错的没人的位置，也不会有人来查票的。<br>            所以大家再买票的时期可以买一层或是三层的。因为位置可以随便坐，没限制，而且可以到处走，到处拍照。为什么可以买三层呢？因为三层露天夜景的位置是有隔离的，不能进去，只能在旁边拍照。不推荐买二楼还有一个原因，二楼到1/3的行程的时候会开始卖字画。EMMM就是很多旅游景点的套路。不仅坑，而且吵。<br>            全程大概一小时。船开的挺慢的。兴冲冲的拍了小半个小时。然后就有一些无趣了。拆了包游船上发的花生米（含在船票内）发呆到结束。花生米有点硬，膈牙…        </p>        <p class=\"_j_note_content _j_seqitem\" data-seq=\"433298623\">            结束后，步行至            <a href=\"/travel-scenic-spot/mafengwo/10088.html\" class=\"link _j_keyword_mdd\" data-kw=\"广州\" target=\"_blank\">广州</a>            <a href=\"/travel-scenic-spot/mafengwo/18428.html\" class=\"link _j_keyword_mdd\" data-kw=\"塔下\" target=\"_blank\">塔下</a>            ，APM线直达酒店。APM线是工作到晚上23:30的。大家可以放心造～<br>            回到酒店已经很晚了，结束了奔波的一天。        </p>        <div data-seq=\"432427282\" data-index=\"4\" class=\"article_title _j_anchorcnt _j_seqitem\">            <h2 class=\"t1\"><span class=\"_j_anchor\">DAY2 长隆野生动物园一日游</span></h2>        </div>        <p class=\"_j_note_content _j_seqitem\" data-seq=\"433183975\">            早上起床以后，看看天气不错，我们觉得先去长隆野生动物园。<br>            早饭—路边的馄饨王<br>            实在是饿。看见人挺多的，发现竟很好吃。        </p>        <div id=\"_j_photo_433412797\" data-seq=\"433412798\" data-pid=\"433412797\" class=\"add_pic _j_anchorcnt _j_seqitem\"             style=\"width:680px\">            <a target=\"_blank\" style=\"display: block\" href=\"/photo/10088/scenery_11941494/433412797.html\">                <img class=\"_j_lazyload\"                     style=\"height: 680px; width: 680px; background: rgb(252, 242, 220); display: block;\"                     src=\"/wKgEaVxycZ6AWMcWABB25QG3SM889.jpeg\" alt=\"\">            </a>        </div>        <p class=\"_j_note_content _j_seqitem\" data-seq=\"433413156\">            吃完早饭早饭，去            <a href=\"/travel-scenic-spot/mafengwo/10065.html\" class=\"link _j_keyword_mdd\" data-kw=\"北京\" target=\"_blank\">北京</a>            路的酒店check in。导致我们出发的时间比较晚。<br>                       第一站—长隆野生动物园<br>            先奉上一段全体小视频吧。        </p>    </div>    <div class=\"block-loading loading_forward\"></div></div>');
INSERT INTO `travel_content` VALUES (4, '<div class=\"va_con _j_master_content\" data-cs-t=\"ginfo_kw_hotel\">    <div class=\"block-loading loading_backward\"></div>    <div class=\"_j_content_box\">        <p class=\"_j_note_content _j_seqitem\" data-seq=\"428998286\">            小时候来            <a href=\"/travel-scenic-spot/mafengwo/10099.html\" class=\"link _j_keyword_mdd\" data-kw=\"上海\" target=\"_blank\">上海</a>            并没有什么感觉，只感觉            <a href=\"/travel-scenic-spot/mafengwo/10099.html\" class=\"link _j_keyword_mdd\" data-kw=\"上海\" target=\"_blank\">上海</a>            挺发达科技感挺强的；<br>            <br>            去年跨年来            <a href=\"/travel-scenic-spot/mafengwo/160792.html\" class=\"link _j_keyword_mdd\" data-kw=\"上海迪士尼\"               target=\"_blank\">上海迪士尼</a>            ，住在迪士尼附近，离市中心很远，而且现在城市发展得都差不多，对            <a href=\"/travel-scenic-spot/mafengwo/10099.html\" class=\"link _j_keyword_mdd\" data-kw=\"上海\" target=\"_blank\">上海</a>            （除了迪士尼）也没有什么特别的印象；<br>            <br>            今年过年又来了一次            <a href=\"/travel-scenic-spot/mafengwo/10099.html\" class=\"link _j_keyword_mdd\" data-kw=\"上海\" target=\"_blank\">上海</a>            ，两天在市区，两天在迪士尼，在市区住到了            <a href=\"/travel-scenic-spot/mafengwo/10099.html\" class=\"link _j_keyword_mdd\" data-kw=\"上海\" target=\"_blank\">上海</a>            的心脏地区，终于对            <a href=\"/travel-scenic-spot/mafengwo/10099.html\" class=\"link _j_keyword_mdd\" data-kw=\"上海\" target=\"_blank\">上海</a>            有了心动的感觉<br>            <br>        </p>        <div data-seq=\"430026082\" data-index=\"1\" class=\"article_title _j_anchorcnt _j_seqitem\">            <h2 class=\"t1\"><span class=\"_j_anchor\">游记推荐</span></h2>        </div>        <p class=\"_j_note_content _j_seqitem\" data-seq=\"430026215\">            正文之前，先打个小广告，我之前的游记，希望大家可以捧个场，谢谢啦～<br>            <br>            看过了春天的郁金香，实现了儿时的梦想，余下的梦想也一定会慢慢实现            <a href=\"https://imfw.cn/l/33148192\" data-kw=\"https://imfw.cn/l/33148192\" target=\"_blank\">https://imfw.cn/l/33148192</a>            <br>            <br>            【星级游记】行走在童话的八音盒——记第一次自驾游，在            <a href=\"/travel-scenic-spot/mafengwo/10175.html\" class=\"link _j_keyword_mdd\" data-kw=\"奥地利\" target=\"_blank\">奥地利</a>            感受艺术的震撼和自然的馈赠            <a href=\"https://imfw.cn/l/29495404\" data-kw=\"https://imfw.cn/l/29495404\" target=\"_blank\">https://imfw.cn/l/29495404</a>            <br>            <br>            【星级游记】没有樱花与红叶，暖冬的            <a href=\"/travel-scenic-spot/mafengwo/10222.html\" class=\"link _j_keyword_mdd\" data-kw=\"东京\" target=\"_blank\">东京</a>            依旧让人留恋            <a href=\"https://imfw.cn/l/22958737\" data-kw=\"https://imfw.cn/l/22958737\" target=\"_blank\">https://imfw.cn/l/22958737</a>            <br>            <br>            【星级游记】和麻麻的旅行 | 春节来            <a href=\"/travel-scenic-spot/mafengwo/10088.html\" class=\"link _j_keyword_mdd\" data-kw=\"广州\" target=\"_blank\">广州</a>            过年，每逢佳节胖三斤            <a href=\"https://imfw.cn/l/26025048\" data-kw=\"https://imfw.cn/l/26025048\" target=\"_blank\">https://imfw.cn/l/26025048</a>            <br>            <br>            感谢大家的喜欢，更多精彩内容可以关注我的公众号【时光里的少女心】        </p>        <div id=\"_j_photo_467344193\" data-seq=\"467344194\" data-pid=\"467344193\" class=\"add_pic _j_anchorcnt _j_seqitem\"             style=\"width:680px\">            <a target=\"_blank\" style=\"display: block\" href=\"/photo/10099/scenery_11869774/467344193.html\">                <img class=\"\" style=\"height: 509px; width: 680px; background: rgb(252, 242, 220); display: block;\"                     src=\"/wKgEaVzSlP6APYIqAAR717XGzdM87.jpeg\" alt=\"\">            </a>        </div>        <div data-seq=\"428998827\" data-index=\"2\" class=\"article_title _j_anchorcnt _j_seqitem\">            <h2 class=\"t1\"><span class=\"_j_anchor\">在复古民宿里梦回旧上海</span></h2>        </div>        <p class=\"_j_note_content _j_seqitem\" data-seq=\"429000030\">            不得不说，            <a href=\"/travel-scenic-spot/mafengwo/10099.html\" class=\"link _j_keyword_mdd\" data-kw=\"上海\" target=\"_blank\">上海</a>            民宿太多了，有风格有特点的也特别多，更有很多网红民宿明星民宿，在选择的时候早就眼花缭乱了，不过幸好我的预算有限，为我排除掉了很多高端奢侈而且特别难订的民宿。<br>            <br>            这家民宿位于地铁静安寺和            <a href=\"/travel-scenic-spot/mafengwo/10157.html\" class=\"link _j_keyword_mdd\" data-kw=\"常熟\" target=\"_blank\">常熟</a>            路附近（虽然其实离地铁站不算太近），这一片都是保留下来的老的传统的居民楼，我们这栋3、4老板拿来做民宿，1、2还是有原本住家的人生活，这家装修风格太赞了，可惜过年期间老板不在，我想应该是非常有生活品味的人。        </p>        <div id=\"_j_photo_428999082\" data-seq=\"428999083\" data-pid=\"428999082\" class=\"add_pic _j_anchorcnt _j_seqitem\"             style=\"width:680px\">            <a target=\"_blank\" style=\"display: block\" href=\"/photo/10099/scenery_11869774/428999082.html\">                <img class=\"\" style=\"height: 454px; width: 680px; background: rgb(252, 242, 220); display: block;\"                     src=\"/wKgEaVxku3OAdsIMAAISIlzKfy468.jpeg\" alt=\"\">            </a>        </div>        <p class=\"_j_note_content _j_seqitem\" data-seq=\"429001102\">            墙上挂的帽子看起来并不是古董，就是普通的帽子，但是下面放着的这两个箱子确实很有年代感，看到仿佛穿越了一般，穿越回旧            <a href=\"/travel-scenic-spot/mafengwo/10099.html\" class=\"link _j_keyword_mdd\" data-kw=\"上海\" target=\"_blank\">上海</a>            ，拎着箱子远赴留学之路。        </p>        <div data-seq=\"429001840\" data-index=\"3\" class=\"article_title _j_anchorcnt _j_seqitem\">            <h2 class=\"t1\"><span class=\"_j_anchor\">在申报馆咖啡厅和朋友叙旧</span></h2>        </div>        <p class=\"_j_note_content _j_seqitem\" data-seq=\"429002531\">            因为过年的原因，很多餐厅都不开门，本想在这里享受下午茶的，最后改成午餐在这里了。<br>            <br>            原为申报馆旧址，现在是【THE PRESS】咖啡厅。        </p>        <div id=\"_j_photo_429004130\" data-seq=\"429004131\" data-pid=\"429004130\" class=\"add_pic _j_anchorcnt _j_seqitem\"             style=\"width:680px\" data-poiid=\"33558424\">            <a target=\"_blank\" style=\"display: block\" href=\"/photo/10099/scenery_11869774/429004130.html\">                <img class=\"_j_lazyload\"                     style=\"height: 906px; width: 680px; background: rgb(252, 242, 220); display: block;\"                     src=\"/wKgEaVxkwheAa7eBAAcMTcFGTw098.jpeg\" alt=\"\">            </a>            <span class=\"pic_tag\">                <a href=\"/poi/33558424.html\" class=\"_j_anchor\" data-poiid=\"33558424\" target=\"_blank\"                   data-cs-p=\"ginfo_img_poi_new\">                    <i class=\"house\"></i>申报馆旧址                </a>            </span>        </div>        <div id=\"_j_photo_429004137\" data-seq=\"429004138\" data-pid=\"429004137\" class=\"add_pic _j_anchorcnt _j_seqitem\"             style=\"width:680px\" data-poiid=\"33558424\">            <a target=\"_blank\" style=\"display: block\" href=\"/photo/10099/scenery_11869774/429004137.html\">                <img class=\"_j_lazyload\"                     style=\"height: 510px; width: 680px; background: rgb(252, 242, 220); display: block;\"                     src=\"/wKgEaVxkwhmAExXDAAt67ReH3Yo86.jpeg\" alt=\"\">            </a>            <span class=\"pic_tag\">                <a href=\"/poi/33558424.html\" class=\"_j_anchor\" data-poiid=\"33558424\" target=\"_blank\"                   data-cs-p=\"ginfo_img_poi_new\">                    <i class=\"house\"></i>申报馆旧址                </a>            </span>        </div>        <div id=\"_j_photo_429008745\" data-seq=\"429008746\" data-pid=\"429008745\" class=\"add_pic _j_anchorcnt _j_seqitem\"             style=\"width:680px\" data-poiid=\"33558424\">            <a target=\"_blank\" style=\"display: block\" href=\"/photo/10099/scenery_11869774/429008745.html\">                <img class=\"_j_lazyload\"                     style=\"height: 454px; width: 680px; background: rgb(252, 242, 220); display: block;\"                     src=\"/wKgEaVxkxh6AA8agAAQcu8qVfwA88.jpeg\" alt=\"\">            </a>            <span class=\"pic_tag\">                <a href=\"/poi/33558424.html\" class=\"_j_anchor\" data-poiid=\"33558424\" target=\"_blank\"                   data-cs-p=\"ginfo_img_poi_new\">                    <i class=\"house\"></i>申报馆旧址                </a>            </span>        </div>        <p class=\"_j_note_content _j_seqitem\" data-seq=\"429008747\">            肉酱充足的千层面，感觉可以改名为三层面。        </p>        <div id=\"_j_photo_429008748\" data-seq=\"429008749\" data-pid=\"429008748\" class=\"add_pic _j_anchorcnt _j_seqitem\"             style=\"width:680px\" data-poiid=\"33558424\">            <a target=\"_blank\" style=\"display: block\" href=\"/photo/10099/scenery_11869774/429008748.html\">                <img class=\"_j_lazyload\"                     style=\"height: 454px; width: 680px; background: rgb(252, 242, 220); display: block;\"                     src=\"/wKgEaVxkxh-ALCGjAAU4ZDXBZJw95.jpeg\" alt=\"\">            </a>            <span class=\"pic_tag\">                <a href=\"/poi/33558424.html\" class=\"_j_anchor\" data-poiid=\"33558424\" target=\"_blank\"                   data-cs-p=\"ginfo_img_poi_new\">                    <i class=\"house\"></i>申报馆旧址                </a>            </span>        </div>        <p class=\"_j_note_content _j_seqitem\" data-seq=\"429008750\">            这个            <a href=\"/travel-scenic-spot/mafengwo/15311.html\" class=\"link _j_keyword_mdd\" data-kw=\"汉堡\" target=\"_blank\">汉堡</a>            超好吃，被切成了四份，用签串起来像吃串串一样吃！        </p>        <div id=\"_j_photo_429008751\" data-seq=\"429008752\" data-pid=\"429008751\" class=\"add_pic _j_anchorcnt _j_seqitem\"             style=\"width:680px\" data-poiid=\"33558424\">            <a target=\"_blank\" style=\"display: block\" href=\"/photo/10099/scenery_11869774/429008751.html\">                <img class=\"_j_lazyload\"                     style=\"height: 454px; width: 680px; background: rgb(252, 242, 220); display: block;\"                     src=\"/wKgEaVxkxiCAVBS7AAT4FIeZqY441.jpeg\" alt=\"\">            </a>            <span class=\"pic_tag\">                <a href=\"/poi/33558424.html\" class=\"_j_anchor\" data-poiid=\"33558424\" target=\"_blank\"                   data-cs-p=\"ginfo_img_poi_new\">                    <i class=\"house\"></i>申报馆旧址                </a>            </span>        </div>        <p class=\"_j_note_content _j_seqitem\" data-seq=\"429008753\">            这个披萨是薄饼披萨，上面是            <a href=\"/travel-scenic-spot/mafengwo/10173.html\" class=\"link _j_keyword_mdd\" data-kw=\"西班牙\" target=\"_blank\">西班牙</a>            火腿。        </p>        <div data-seq=\"429010885\" data-index=\"4\" class=\"article_title _j_anchorcnt _j_seqitem\">            <h2 class=\"t1\"><span class=\"_j_anchor\">拥抱可爱的Sanrio伙伴</span></h2>        </div>    </div>    <div class=\"block-loading loading_forward\"></div></div>');
INSERT INTO `travel_content` VALUES (5, '<div class=\"va_con _j_master_content\" data-cs-t=\"ginfo_kw_hotel\">    <div class=\"block-loading loading_backward\"></div>    <div class=\"_j_content_box\">        <p class=\"_j_note_content _j_seqitem\" data-seq=\"711169002\">            有时候，人必须远行，才能发现近在咫尺的东西。<br>            2岁的这几个月，小脚成长很快，大小便控制自如，让我这个老妈子颇具成就感;语言进步明显，词汇量飞速增加;开始能安静下来而且能坐得住。<br>            原来可怕的2岁也是成长最快的2岁，孩子真是上天赐给我最好的礼物!<br>            此行—            <a href=\"/travel-scenic-spot/mafengwo/10099.html\" class=\"link _j_keyword_mdd\" data-kw=\"上海\" target=\"_blank\">上海</a>            ，高铁，随身带了小脚的平衡车。7天之行时间宽裕，走走停停，感受大            <a href=\"/travel-scenic-spot/mafengwo/10099.html\" class=\"link _j_keyword_mdd\" data-kw=\"上海\" target=\"_blank\">上海</a>            。        </p>        <div data-seq=\"711173775\" data-index=\"1\" class=\"article_title _j_anchorcnt _j_seqitem\">            <h2 class=\"t9\"><span class=\"_j_anchor\">有仿真恐龙出没的上海自然博物馆</span></h2>        </div>        <p class=\"_j_note_content _j_seqitem\" data-seq=\"711173777\">            小脚是个恐龙迷，so            <a href=\"/travel-scenic-spot/mafengwo/10099.html\" class=\"link _j_keyword_mdd\" data-kw=\"上海\" target=\"_blank\">上海</a>            自然博物馆一定要去。<br>            从二楼进入，最夺人眼球的仿真恐龙出现在眼前，体型巨大，格外的逼真，小脚都看呆了，这是他第一次直观、近距离的接触恐龙。<br>            生活在侏罗纪的巨大的马门溪龙模型低吼着，扭动着脖子，和善地跟游客打招呼，植食恐龙性情温顺。        </p>        <div id=\"_j_photo_711229649\" data-seq=\"711229674\" data-pid=\"711229649\" class=\"add_pic _j_anchorcnt _j_seqitem\"             style=\"width:680px\" data-poiid=\"3876575\">            <a target=\"_blank\" style=\"display: block\" href=\"/photo/10099/scenery_14575245/711229649.html\">                <img class=\"\" style=\"height: 453px; width: 680px; background: rgb(252, 242, 220); display: block;\"                     src=\"/wKgE2l0cfmaANrvhAAfMfb8oDgU158.jpg\" alt=\"\">            </a>            <span class=\"pic_tag\">                <a href=\"/poi/3876575.html\" class=\"_j_anchor\" data-poiid=\"3876575\" target=\"_blank\"                   data-cs-p=\"ginfo_img_poi_new\">                    <i class=\"house\"></i>上海自然博物馆                </a>            </span>        </div>        <p class=\"_j_note_content _j_seqitem\" data-seq=\"711248395\">            这个地方超适合喜欢恐龙的宝宝，推荐指数五颗星。<br>            馆一共5层，内设有餐厅，要带宝宝逛完至少一天的时间。由于坐落在静安雕塑公园内，出来还可以在公园转转。<br>            对了，6月18日起，            <a href=\"/travel-scenic-spot/mafengwo/10099.html\" class=\"link _j_keyword_mdd\" data-kw=\"上海\" target=\"_blank\">上海</a>            自然博物馆全面实行网络售票，去之前记得提前购票(可关注            <a href=\"/travel-scenic-spot/mafengwo/10099.html\" class=\"link _j_keyword_mdd\" data-kw=\"上海\" target=\"_blank\">上海</a>            自然博物馆微信公众号购票，最多提前一周)。        </p>        <div data-seq=\"711343721\" data-index=\"2\" class=\"article_title _j_anchorcnt _j_seqitem\">            <h2 class=\"t9\"><span class=\"_j_anchor\">青葱校园—上海交大</span></h2>        </div>        <p class=\"_j_note_content _j_seqitem\" data-seq=\"711343722\">            逛校园，是我的不二选择，吃喝无忧，还可以怀念回不去的校园生活。<br>            我们住在交大(闵行校区)附近，自然选交大。从拖鞋门(思源门)进去，有一个小广场，成群的鸽子飞来飞去，正值春季，柳絮飘飞，白鸽轻语，小脚蹬着他的平衡车，一会追鸽子，一会沿着土坡骑上骑下，树叶在轮胎的戏弄下咯吱作笑。        </p>        <div id=\"_j_photo_711315279\" data-seq=\"711315292\" data-pid=\"711315279\" class=\"add_pic _j_anchorcnt _j_seqitem\"             style=\"width:680px\" data-poiid=\"5423404\">            <a target=\"_blank\" style=\"display: block\" href=\"/photo/10099/scenery_14575245/711315279.html\">                <img class=\"_j_lazyload\"                     style=\"height: 510px; width: 680px; background: rgb(252, 242, 220); display: block;\"                     src=\"/wKgE2l0cgNKAQ5FzABpk6773Mkk483.jpg\" alt=\"\">            </a>            <span class=\"pic_tag\">                <a href=\"/poi/5423404.html\" class=\"_j_anchor\" data-poiid=\"5423404\" target=\"_blank\"                   data-cs-p=\"ginfo_img_poi_new\">                    <i class=\"house\"></i>上海交通大学                </a>            </span>        </div>        <div id=\"_j_photo_711337296\" data-seq=\"711337297\" data-pid=\"711337296\" class=\"add_pic _j_anchorcnt _j_seqitem\"             style=\"width:680px\" data-poiid=\"5423404\">            <a target=\"_blank\" style=\"display: block\" href=\"/photo/10099/scenery_14575245/711337296.html\">                <img class=\"_j_lazyload\"                     style=\"height: 510px; width: 680px; background: rgb(252, 242, 220); display: block;\"                     src=\"/wKgE2l0cgaGAGpLdABH8KWRr1sY651.jpg\" alt=\"\">            </a>            <span class=\"pic_tag\">                <a href=\"/poi/5423404.html\" class=\"_j_anchor\" data-poiid=\"5423404\" target=\"_blank\"                   data-cs-p=\"ginfo_img_poi_new\">                    <i class=\"house\"></i>上海交通大学                </a>            </span>        </div>        <p class=\"_j_note_content _j_seqitem\" data-seq=\"711315304\">            <br>            到处能见到捧着书读英语的大学生，奋斗的青春真美丽!<br>            看到操场，小脚会停下车进去跟哥哥姐姐一起跑步;听到音乐，哪怕在路边，也会翩翩起舞，而且不会在乎别人的目光;阳光洒落，他会把脸转向天空;感到快乐，他会哈哈大笑。<br>            交大里还有个神秘的小天地——植物园，除了美丽的绿植，还养了孔雀、天鹅…超适合遛娃。<br>            中午要保证娃的午睡，我们选择在交大的咖啡馆小憩。每当玩累了的时候，我们就不出远门，在交大流连忘返，此处，真心感谢借我饭卡的同学。        </p>        <div data-seq=\"711352485\" data-index=\"3\" class=\"article_title _j_anchorcnt _j_seqitem\">            <h2 class=\"t9\"><span class=\"_j_anchor\">长风海洋世界看企鹅</span></h2>        </div>        <p class=\"_j_note_content _j_seqitem\" data-seq=\"711352486\">            <a href=\"/travel-scenic-spot/mafengwo/10099.html\" class=\"link _j_keyword_mdd\" data-kw=\"上海\" target=\"_blank\">上海</a>            老牌的海洋公园，在长风公园里，面积不大，但是有可爱的企鹅。        </p>        <div id=\"_j_photo_711387193\" data-seq=\"711387205\" data-pid=\"711387193\" class=\"add_pic _j_anchorcnt _j_seqitem\"             style=\"width:680px\">            <a target=\"_blank\" style=\"display: block\" href=\"/photo/10099/scenery_14575245/711387193.html\">                <img class=\"_j_lazyload\"                     style=\"height: 906px; width: 680px; background: rgb(252, 242, 220); display: block;\"                     src=\"/wKgE2l0cgxeAHZDQAAb2U1C8F-w217.jpg\" alt=\"\">            </a>        </div>        <p class=\"_j_note_content _j_seqitem\" data-seq=\"711387214\">            内有互动体验展区，可以亲手触摸海星、海参等生物。<br>            可在长风公园对面的大悦城午睡觅食，时间充裕的话选择逛一逛肯定不错。<br>            <br>            <a href=\"/travel-scenic-spot/mafengwo/10099.html\" class=\"link _j_keyword_mdd\" data-kw=\"上海\" target=\"_blank\">上海</a>            动物园必打卡<br>            动物园是每个地方的必打卡之处，            <a href=\"/travel-scenic-spot/mafengwo/10099.html\" class=\"link _j_keyword_mdd\" data-kw=\"上海\" target=\"_blank\">上海</a>            的更不能错过。之前去过的小伙伴建议我不要一个人带娃去，会很累。最终，我还是鼓起勇气一个人带娃去了。<br>            由于动物园是纯室外的，最难的就是如何解决娃的午睡问题。        </p>        <div id=\"_j_photo_711507972\" data-seq=\"711507991\" data-pid=\"711507972\" class=\"add_pic _j_anchorcnt _j_seqitem\"             style=\"width:680px\" data-poiid=\"4720\">            <a target=\"_blank\" style=\"display: block\" href=\"/photo/10099/scenery_14575245/711507972.html\">                <img class=\"_j_lazyload\"                     style=\"height: 453px; width: 680px; background: rgb(252, 242, 220); display: block;\"                     src=\"/wKgE2l0chlCATLEFAA8R6jYHC0U155.jpg\" alt=\"\">            </a>            <span class=\"pic_tag\">                <a href=\"/poi/4720.html\" class=\"_j_anchor\" data-poiid=\"4720\" target=\"_blank\"                   data-cs-p=\"ginfo_img_poi_new\">                    <i class=\"house\"></i>上海动物园                </a>            </span>        </div>        <div id=\"_j_photo_711507975\" data-seq=\"711507992\" data-pid=\"711507975\" class=\"add_pic _j_anchorcnt _j_seqitem\"             style=\"width:680px\" data-poiid=\"4720\">            <a target=\"_blank\" style=\"display: block\" href=\"/photo/10099/scenery_14575245/711507975.html\">                <img class=\"_j_lazyload\"                     style=\"height: 453px; width: 680px; background: rgb(252, 242, 220); display: block;\"                     src=\"/wKgE2l0chlKAcHkQAA3pHP-PzeE097.jpg\" alt=\"\">            </a>            <span class=\"pic_tag\">                <a href=\"/poi/4720.html\" class=\"_j_anchor\" data-poiid=\"4720\" target=\"_blank\"                   data-cs-p=\"ginfo_img_poi_new\">                    <i class=\"house\"></i>上海动物园                </a>            </span>        </div>        <div id=\"_j_photo_711507990\" data-seq=\"711508005\" data-pid=\"711507990\" class=\"add_pic _j_anchorcnt _j_seqitem\"             style=\"width:680px\" data-poiid=\"4720\">            <a target=\"_blank\" style=\"display: block\" href=\"/photo/10099/scenery_14575245/711507990.html\">                <img class=\"_j_lazyload\"                     style=\"height: 453px; width: 680px; background: rgb(252, 242, 220); display: block;\"                     src=\"/wKgE2l0chnSAMQbAAAlaAT2VhVk784.jpg\" alt=\"\">            </a>            <span class=\"pic_tag\">                <a href=\"/poi/4720.html\" class=\"_j_anchor\" data-poiid=\"4720\" target=\"_blank\"                   data-cs-p=\"ginfo_img_poi_new\">                    <i class=\"house\"></i>上海动物园                </a>            </span>        </div>        <p class=\"_j_note_content _j_seqitem\" data-seq=\"711508006\">            幸好服务台有推车借用服务，一般是借用给80cm以下的宝宝，好心的工作人员看我一个人带娃也同意借给我。一般工作人员会告诉你4点还车，其实，最晚可以6点还。<br>            不愧是国家级大型动物园，每一处设计都很用心，更像是置身于4A级公园。<br>            <br>        </p>    </div>    <div class=\"block-loading loading_forward\"></div></div>');
INSERT INTO `travel_content` VALUES (6, '<div class=\"va_con _j_master_content\" data-cs-t=\"ginfo_kw_hotel\">    <div class=\"block-loading loading_backward\"></div>    <div class=\"_j_content_box\">        <p class=\"_j_note_content _j_seqitem\" data-seq=\"688120948\">            <a href=\"/travel-scenic-spot/mafengwo/10099.html\" class=\"link _j_keyword_mdd\" data-kw=\"上海\" target=\"_blank\">上海</a>            一行，最后一天我们逛了逛新开的海洋公园。            <a href=\"/travel-scenic-spot/mafengwo/10099.html\" class=\"link _j_keyword_mdd\" data-kw=\"上海\" target=\"_blank\">上海</a>            这个季节正是梅雨季，所以天气凉爽。        </p>        <div id=\"_j_photo_688129555\" data-seq=\"688129556\" data-pid=\"688129555\" class=\"add_pic _j_anchorcnt _j_seqitem\"             style=\"width:680px\">            <a target=\"_blank\" style=\"display: block\" href=\"/photo/10099/scenery_14448286/688129555.html\">                <img class=\"\" style=\"height: 906px; width: 680px; background: rgb(252, 242, 220); display: block;\"                     src=\"/wKgE2l0aDjOAHiZyAAyM2LMWBoU354.jpg\" alt=\"\">            </a>        </div>        <p class=\"_j_note_content _j_seqitem\" data-seq=\"688145536\">            我们下午2点半到达，门口小吃点吃完刚好3点，正好夜场入场，价格美丽199。门口小吃，50块钱一份米饭，38块钱一个            <a href=\"/travel-scenic-spot/mafengwo/14844.html\" class=\"link _j_keyword_mdd\" data-kw=\"三明\" target=\"_blank\">三明</a>            治。去过迪斯尼后觉得这里价格不贵                    </p>        <div id=\"_j_photo_688153565\" data-seq=\"688153567\" data-pid=\"688153565\" class=\"add_pic _j_anchorcnt _j_seqitem\"             style=\"width:680px\">            <a target=\"_blank\" style=\"display: block\" href=\"/photo/10099/scenery_14448286/688153565.html\">                <img class=\"\" style=\"height: 906px; width: 680px; background: rgb(252, 242, 220); display: block;\"                     src=\"/wKgE2l0aDsqAWPguAAaPilP3CSc953.jpg\" alt=\"\">            </a>        </div>        <div id=\"_j_photo_688153811\" data-seq=\"688153814\" data-pid=\"688153811\" class=\"add_pic _j_anchorcnt _j_seqitem\"             style=\"width:680px\">            <a target=\"_blank\" style=\"display: block\" href=\"/photo/10099/scenery_14448286/688153811.html\">                <img class=\"\" style=\"height: 510px; width: 680px; background: rgb(252, 242, 220); display: block;\"                     src=\"/wKgE2l0aDsyAN7V4AAl0sykoaQ4063.jpg\" alt=\"\">            </a>        </div>        <div id=\"_j_photo_688153987\" data-seq=\"688153989\" data-pid=\"688153987\" class=\"add_pic _j_anchorcnt _j_seqitem\"             style=\"width:680px\">            <a target=\"_blank\" style=\"display: block\" href=\"/photo/10099/scenery_14448286/688153987.html\">                <img class=\"\" style=\"height: 906px; width: 680px; background: rgb(252, 242, 220); display: block;\"                     src=\"/wKgE2l0aDs2Ac4xKAAiK72dujvk919.jpg\" alt=\"\">            </a>        </div>        <p class=\"_j_note_content _j_seqitem\" data-seq=\"688158674\">            入园前拿到指引表如图，标记演出时间        </p>        <div id=\"_j_photo_688161576\" data-seq=\"688161579\" data-pid=\"688161576\" class=\"add_pic _j_anchorcnt _j_seqitem\"             style=\"width:680px\">            <a target=\"_blank\" style=\"display: block\" href=\"/photo/10099/scenery_14448286/688161576.html\">                <img class=\"\" style=\"height: 510px; width: 680px; background: rgb(252, 242, 220); display: block;\"                     src=\"/wKgE2l0aDvuAC_PDAAjOmXNF0Bk643.jpg\" alt=\"\">            </a>        </div>        <div id=\"_j_photo_694610678\" data-seq=\"694610680\" data-pid=\"694610678\" class=\"add_pic _j_anchorcnt _j_seqitem\"             style=\"width:680px\">            <a target=\"_blank\" style=\"display: block\" href=\"/photo/10099/scenery_14448286/694610678.html\">                <img class=\"_j_lazyload\"                     style=\"height: 906px; width: 680px; background: rgb(252, 242, 220); display: block;\"                     src=\"/wKgE2l0alPuACs1-AAvG6FmlerQ610.jpg\" alt=\"\">            </a>        </div>                <div id=\"_j_photo_694610970\" data-seq=\"694610972\" data-pid=\"694610970\" class=\"add_pic _j_anchorcnt _j_seqitem\"             style=\"width:680px\">            <a target=\"_blank\" style=\"display: block\" href=\"/photo/10099/scenery_14448286/694610970.html\">                <img class=\"_j_lazyload\"                     style=\"height: 906px; width: 680px; background: rgb(252, 242, 220); display: block;\"                     src=\"/wKgE2l0alP2AAAraAAXOwpsTkQI851.jpg\" alt=\"\">            </a>        </div>        <p class=\"_j_note_content _j_seqitem\" data-seq=\"694671554\">            海洋馆不大，里面陈列各种游戏场所，小店，小吃，和迪斯尼的营运风格有些类似。夜场票足够了，价格便宜。        </p>        <div id=\"_j_photo_694679560\" data-seq=\"694679561\" data-pid=\"694679560\" class=\"add_pic _j_anchorcnt _j_seqitem\"             style=\"width:680px\">            <a target=\"_blank\" style=\"display: block\" href=\"/photo/10099/scenery_14448286/694679560.html\">                <img class=\"_j_lazyload\"                     style=\"height: 906px; width: 680px; background: rgb(252, 242, 220); display: block;\"                     src=\"/wKgE2l0alh2AR072AAaJ06sh_jQ383.jpg\" alt=\"\">            </a>        </div>    </div>    <div class=\"block-loading loading_forward\"></div></div>');
INSERT INTO `travel_content` VALUES (7, '<div class=\"va_con _j_master_content\" data-cs-t=\"ginfo_kw_hotel\">    <div class=\"block-loading loading_backward\"></div>    <div class=\"_j_content_box\">        <p class=\"_j_note_content _j_seqitem\" data-seq=\"464653006\">            来            <a href=\"/travel-scenic-spot/mafengwo/10065.html\" class=\"link _j_keyword_mdd\" data-kw=\"北京\" target=\"_blank\">北京</a>            的次数并不多，这次竟然空出了半天，之前在            <a href=\"/travel-scenic-spot/mafengwo/10183.html\" class=\"link _j_keyword_mdd\" data-kw=\"日本\" target=\"_blank\">日本</a>            还留下半卷胶片没拍完，酒店附近实在没什么可拍的，又不想浪费晴空万里的好天气，于是临时决定早起去故宫走一趟，也因为这两年的故宫实在太能“卖萌”了。        </p>        <div data-seq=\"464653460\" data-index=\"1\" class=\"article_title _j_anchorcnt _j_seqitem\">            <h2 class=\"t9\"><span class=\"_j_anchor\">影像笔记✏️</span></h2>        </div>        <p class=\"_j_note_content _j_seqitem\" data-seq=\"464653461\">            <br>            <br>            有时候一趟旅程下来，微单里能拍几百甚至上千张照片，而胶片却连半卷都没拍完，毕竟一卷36张，显得还是显得珍贵一些，特别是用柯达PORTRA 400的时候，它比其他的常用胶卷要贵一两倍，当然贵也总有它的好，PORTRA            400号称是世界上颗粒最细腻的高速彩色负片，色调优美饱和，反差适中，有现代底片的色彩浓艳感，在大            <a href=\"/travel-scenic-spot/mafengwo/10065.html\" class=\"link _j_keyword_mdd\" data-kw=\"北京\" target=\"_blank\">北京</a>            的阳光下可以发挥得很好。<br>            <br>            不过好多次都是举起相机又放下，再慢移几步，直到觉得取景器里是比较满意的构图时，才舍得按下快门。散步放风的时候果然更适合用胶片机随心拍拍，            <a href=\"/travel-scenic-spot/mafengwo/63538.html\" class=\"link _j_keyword_mdd\" data-kw=\"比如\" target=\"_blank\">比如</a>            在故宫里。<br>            <br>        </p>        <div data-seq=\"464656352\" data-index=\"2\" class=\"article_title _j_anchorcnt _j_seqitem\">            <h2 class=\"t9\"><span class=\"_j_anchor\">胶片机拍摄</span></h2>        </div>        <p class=\"_j_note_content _j_seqitem\" data-seq=\"464656353\">            柯达 PORTRA 400<br>            禄来Rollei 35        </p>        <div id=\"_j_photo_464650926\" data-seq=\"464650945\" data-pid=\"464650926\" class=\"add_pic _j_anchorcnt _j_seqitem\"             style=\"width:680px\">            <a target=\"_blank\" style=\"display: block\" href=\"/photo/10065/scenery_12614974/464650926.html\">                <img class=\"\" style=\"height: 453px; width: 680px; background: rgb(252, 242, 220); display: block;\"                     src=\"/wKgEaVzOmGSAZytpAAMJ9_74vX486.jpeg\" alt=\"\">            </a>        </div>        <p class=\"_j_note_content _j_seqitem\" data-seq=\"464654379\">            故宫游玩线路推荐<br>            游玩时间2-4小时<br>            &zwj;中轴线（            <a href=\"/travel-scenic-spot/mafengwo/143521.html\" class=\"link _j_keyword_mdd\" data-kw=\"太和\" target=\"_blank\">太和</a>            殿、中和殿、保和殿）－西线／东线（西六宫／东六宫）－御花园－神武门<br>            <br>            整座紫禁城四四方方，南北长961米，东西宽753米，城墙高10米，城外还有52米宽的护城河，1200座建筑，9000多座房屋，目前已有85%的部分对外开放，如果都仔细看完的话那得花上个好多天吧，所以这次推荐一条2-4小时的游玩路线，既能看到故宫最精华的部分，也很适合拍各种景。        </p>        <div id=\"_j_photo_464650927\" data-seq=\"464650946\" data-pid=\"464650927\" class=\"add_pic _j_anchorcnt _j_seqitem\"             style=\"width:680px\">            <a target=\"_blank\" style=\"display: block\" href=\"/photo/10065/scenery_12614974/464650927.html\">                <img class=\"\" style=\"height: 453px; width: 680px; background: rgb(252, 242, 220); display: block;\"                     src=\"/wKgEaVzOmGSAGsaQAAKPUIeylHk33.jpeg\" alt=\"\">            </a>        </div>        <div id=\"_j_photo_464650928\" data-seq=\"464650947\" data-pid=\"464650928\" class=\"add_pic _j_anchorcnt _j_seqitem\"             style=\"width:680px\">            <a target=\"_blank\" style=\"display: block\" href=\"/photo/10065/scenery_12614974/464650928.html\">                <img class=\"\" style=\"height: 1020px; width: 680px; background: rgb(252, 242, 220); display: block;\"                     src=\"/wKgEaVzOmGWALpp7AAhIei0ODIo34.jpeg\" alt=\"\">            </a>        </div>        <div id=\"_j_photo_464650929\" data-seq=\"464650948\" data-pid=\"464650929\" class=\"add_pic _j_anchorcnt _j_seqitem\"             style=\"width:680px\">            <a target=\"_blank\" style=\"display: block\" href=\"/photo/10065/scenery_12614974/464650929.html\">                <img class=\"_j_lazyload\"                     style=\"height: 453px; width: 680px; background: rgb(252, 242, 220); display: block;\"                     src=\"/wKgEaVzOmGWAL3jdAAHez55jqbA06.jpeg\" alt=\"\">            </a>        </div>        <p class=\"_j_note_content _j_seqitem\" data-seq=\"464654524\">            由午门进入后，你就忘记刚才排队的压抑，心情顿时豁然开朗，从这里依次穿过前朝气势磅礴的三大殿，            <a href=\"/travel-scenic-spot/mafengwo/143521.html\" class=\"link _j_keyword_mdd\" data-kw=\"太和\" target=\"_blank\">太和</a>            殿、中和殿、保和殿，这是明清皇帝行使权力，举行盛典的地方。<br>            <br>            再往前就是以乾清宫、交泰殿、坤宁宫为中心的内廷，乾清宫是紫禁城的中心，是明清十多位皇帝的住所，而坤宁宫就是皇后们的寝宫。“乾”“坤”之间便是象征着帝后和睦相处的交泰殿。<br>            <br>            这时可以往西边的西六宫去转转，所谓“三宫六院”指的就是这一片。西六宫是清代后宫妃嫔的住处，喜欢看清宫剧的人可以在这里慢慢感受一下当年小主贝勒们生活的气息。<br>        </p>        <div id=\"_j_photo_464650930\" data-seq=\"464650949\" data-pid=\"464650930\" class=\"add_pic _j_anchorcnt _j_seqitem\"             style=\"width:680px\">            <a target=\"_blank\" style=\"display: block\" href=\"/photo/10065/scenery_12614974/464650930.html\">                <img class=\"_j_lazyload\"                     style=\"height: 453px; width: 680px; background: rgb(252, 242, 220); display: block;\"                     src=\"/wKgEaVzOmGWAHB4XAASSDCrGsaU64.jpeg\" alt=\"\">            </a>        </div>        <p class=\"_j_note_content _j_seqitem\" data-seq=\"464654641\">            然后就可以走到皇帝后妃们散心御花园了，园内青翠的松、柏、竹间点缀着山石，形成四季长青的园林景观。御花园的石子路由900多幅画组成，画的内容很丰富，制作也非常精良。如果还有时间，绕过御花园再往东边去到与西六宫对应的东六宫看看。<br>            <br>            出了神武门，还可以到对面的景山公园，登高望远看看故宫的全景。        </p>        <div id=\"_j_photo_464650931\" data-seq=\"464650950\" data-pid=\"464650931\" class=\"add_pic _j_anchorcnt _j_seqitem\"             style=\"width:680px\">            <a target=\"_blank\" style=\"display: block\" href=\"/photo/10065/scenery_12614974/464650931.html\">                <img class=\"_j_lazyload\"                     style=\"height: 1020px; width: 680px; background: rgb(252, 242, 220); display: block;\"                     src=\"/wKgEaVzOmGaAGpWaAAXUu0XdYRA85.jpeg\" alt=\"\">            </a>        </div>        <p class=\"_j_note_content _j_seqitem\" data-seq=\"464654854\">            拍摄TIPS<br>            <br>            取景：            <a href=\"/travel-scenic-spot/mafengwo/143521.html\" class=\"link _j_keyword_mdd\" data-kw=\"太和\" target=\"_blank\">太和</a>            殿、中和殿和保和殿，三大殿气势磅礴，适合拍大景。走到乾清宫之后，就可以避开人群往两边去走左，拍拍中景，和有特色的细节。<br>            <br>            构图：竖拍适合体现宫内建筑的层次感，层层叠叠的红墙绿瓦，有一种深宫的厚重和久远感；横拍则适合展现建筑和天空融为一体的大气。<br>            <br>            角度：顺光拍摄蓝天红墙的色彩更饱和，逆光则更有柔和感，可用在拍摄宫里的植物上，最好是下午三点之后的阳光。蹲低一点，往上拍，能避开人群，又可以发现很多不一样的构图。<br>            <br>            <br>            （天气好的时候，用手机拍摄的色彩更浓郁一些）<br>            <br>        </p>        <div data-seq=\"464654974\" data-index=\"3\" class=\"article_title _j_anchorcnt _j_seqitem\">            <h2 class=\"t9\"><span class=\"_j_anchor\">iphone X拍摄</span></h2>        </div>        <div id=\"_j_photo_464650934\" data-seq=\"464650953\" data-pid=\"464650934\" class=\"add_pic _j_anchorcnt _j_seqitem\"             style=\"width:680px\">            <a target=\"_blank\" style=\"display: block\" href=\"/photo/10065/scenery_12614974/464650934.html\">                <img class=\"_j_lazyload\"                     style=\"height: 510px; width: 680px; background: rgb(252, 242, 220); display: block;\"                     src=\"/wKgEaVzOmGeAYXOqAAN3mJHjo7046.jpeg\" alt=\"\">            </a>        </div>        <p class=\"_j_note_content _j_seqitem\" data-seq=\"464656764\">            故宫的建筑色彩浓艳，特别是饱满的黄与红，是我们传统文化里喜庆吉祥的颜色代表，红黄又是明清皇家建筑的专属颜色。故宫建筑屋顶满铺各色琉璃瓦件。主要殿座以黄色为主。绿色用于皇子居住区的建筑。其它蓝、紫、黑、翠以及孔雀绿、宝石蓝等五色缤纷的琉璃，多用在花园或琉璃壁上。<br>            <br>            “朱红墙柱、黄绿瓦面、青绿梁枋、白色栏杆”，远看故宫庄严华丽，近看屋檐砖瓦又满是诗情画意。        </p>        <div id=\"_j_photo_464650937\" data-seq=\"464650956\" data-pid=\"464650937\" class=\"add_pic _j_anchorcnt _j_seqitem\"             style=\"width:680px\">            <a target=\"_blank\" style=\"display: block\" href=\"/photo/10065/scenery_12614974/464650937.html\">                <img class=\"_j_lazyload\"                     style=\"height: 906px; width: 680px; background: rgb(252, 242, 220); display: block;\"                     src=\"/wKgEaVzOmGmAKMpbAAK9WoYPm2050.jpeg\" alt=\"\">            </a>        </div>        <p class=\"_j_note_content _j_seqitem\" data-seq=\"464656895\">            毕竟经历了百年的风雨，如今的故宫是褪了点色的醇厚古朴，仍然不失皇家建筑的华丽与霸气。所以参观故宫不止听听历史故事，光是这些色彩的搭配都有很多考究。<br>            <br>            故宫已不是神坛            <a href=\"/travel-scenic-spot/mafengwo/144126.html\" class=\"link _j_keyword_mdd\" data-kw=\"上高\" target=\"_blank\">上高</a>            傲威严的紫禁城，在春夏秋冬的交替里变成了一个充满人情味和生活气息的博物馆。        </p>        <div id=\"_j_photo_464650940\" data-seq=\"464650959\" data-pid=\"464650940\" class=\"add_pic _j_anchorcnt _j_seqitem\"             style=\"width:680px\">            <a target=\"_blank\" style=\"display: block\" href=\"/photo/10065/scenery_12614974/464650940.html\">                <img class=\"_j_lazyload\"                     style=\"height: 906px; width: 680px; background: rgb(252, 242, 220); display: block;\"                     src=\"/wKgEaVzOmGqAFboMAAYk7fJ_QaI50.jpeg\" alt=\"\">            </a>        </div>        <p class=\"_j_note_content _j_seqitem\" data-seq=\"464657020\">            订票TIPS<br>            每年4.1-10.31 旺季大门票 60元／人<br>            每年11.1-次年3.31 淡季大门票40元／人<br>            珍宝馆（即进宁寿宫区，包括戏曲馆、石鼓馆）门票 10元／人<br>            钟表馆（即近奉先殿区）门票10元／人<br>            <br>            不管是旺季还是淡季去，都建议提前在网上预订门票，到时就可以直接从午门刷身份证进入，减少排队买票的时间。<br>            注：周一下午闭馆        </p>        <div id=\"_j_photo_464650942\" data-seq=\"464650961\" data-pid=\"464650942\" class=\"add_pic _j_anchorcnt _j_seqitem\"             style=\"width:680px\">            <a target=\"_blank\" style=\"display: block\" href=\"/photo/10065/scenery_12614974/464650942.html\">                <img class=\"_j_lazyload\"                     style=\"height: 510px; width: 680px; background: rgb(252, 242, 220); display: block;\"                     src=\"/wKgEaVzOmGqAP3APAAPARp4wNbQ08.jpeg\" alt=\"\">            </a>        </div>        <p class=\"_j_note_content _j_seqitem\" data-seq=\"464657077\">            <br>            一起来故宫卖个萌(ok，前两个月的            <a href=\"/travel-scenic-spot/mafengwo/10065.html\" class=\"link _j_keyword_mdd\" data-kw=\"北京\" target=\"_blank\">北京</a>            还是冷的）～<br>            <br>            想知道我更多的旅行生活分享，可以在其他平台关注我哟<br>        </p>    </div>    <div class=\"block-loading loading_forward\"></div></div>');
INSERT INTO `travel_content` VALUES (8, '<div class=\"va_con _j_master_content\" data-cs-t=\"ginfo_kw_hotel\">    <div class=\"block-loading loading_backward\"></div>    <div class=\"_j_content_box\">        <p class=\"_j_note_content _j_seqitem\" data-seq=\"427095945\">            <a href=\"/travel-scenic-spot/mafengwo/10065.html\" class=\"link _j_keyword_mdd\" data-kw=\"北京\" target=\"_blank\">北京</a>            算是第一次出去旅行，时间比较短，也没做任务的攻略，所以拍的比较简单，都不太充分，很多地方都没去上，真的挺可惜的。<br>            因为没出去去太远的地方，就寻思找了个朋友他之前在            <a href=\"/travel-scenic-spot/mafengwo/10065.html\" class=\"link _j_keyword_mdd\" data-kw=\"北京\" target=\"_blank\">北京</a>            上班，所以就不约而同的出发了，总共行程5天左右，还在刚开始就遇到了坎坷，他脚崴了，我就各种耽误行程。<br>            <a href=\"/travel-scenic-spot/mafengwo/10065.html\" class=\"link _j_keyword_mdd\" data-kw=\"北京\" target=\"_blank\">北京</a>            是我一直都很向往的地方，因为是首都，故宫、长城、升国旗、胡同口、各种京味都太让我向往了，因为离得不是太远就买的火车票大概晚上才到的            <a href=\"/travel-scenic-spot/mafengwo/10065.html\" class=\"link _j_keyword_mdd\" data-kw=\"北京\" target=\"_blank\">北京</a>            。        </p>        <div id=\"_j_photo_427445462\" data-seq=\"427445463\" data-pid=\"427445462\" class=\"add_pic _j_anchorcnt _j_seqitem\"             style=\"width:680px\">            <a target=\"_blank\" style=\"display: block\" href=\"/photo/10065/scenery_11828458/427445462.html\">                <img class=\"\" style=\"height: 510px; width: 680px; background: rgb(252, 242, 220); display: block;\"                     src=\"/wKgIDFxgSdqAJPIBAA2ZGRUr_A498.jpeg\" alt=\"\">            </a>            <span class=\"pic_tag\">                <a href=\"/travel-scenic-spot/mafengwo/10065.html\" target=\"_blank\" class=\"_j_anchor\">                    <i class=\"house\"></i>北京                </a>            </span>        </div>        <p class=\"_j_note_content _j_seqitem\" data-seq=\"427446631\">            下车已经晚上9点二十了，住的地方在前门大街不是太远，价格也不贵，坐车然后慢慢悠悠的走了过去，很是兴奋。走在路上、胡            <a href=\"/travel-scenic-spot/mafengwo/10435.html\" class=\"link _j_keyword_mdd\" data-kw=\"同里\" target=\"_blank\">同里</a>            都有很多大爷之类的在巡逻，感觉很是安全。        </p>        <div id=\"_j_photo_427445470\" data-seq=\"427445471\" data-pid=\"427445470\" class=\"add_pic _j_anchorcnt _j_seqitem\"             style=\"width:680px\" data-poiid=\"10220\">            <a target=\"_blank\" style=\"display: block\" href=\"/photo/10065/scenery_11828458/427445470.html\">                <img class=\"\" style=\"height: 510px; width: 680px; background: rgb(252, 242, 220); display: block;\"                     src=\"/wKgIDVxgSdyAMaPvABM2M38fwsg30.jpeg\" alt=\"\">            </a>            <span class=\"pic_tag\">                <a href=\"/poi/10220.html\" class=\"_j_anchor\" data-poiid=\"10220\" target=\"_blank\"                   data-cs-p=\"ginfo_img_poi_new\">                    <i class=\"house\"></i>前门大街                </a>            </span>        </div>        <p class=\"_j_note_content _j_seqitem\" data-seq=\"427453880\">            早上第一站选择爬长城，在前门大街有直达长城的客车，要做正规的那种。<br>            长城门票：旺季45元，淡季40元，缆车来回80元，我建议不用坐什么缆车<br>            时间：夏6:30-19:00 冬季7:00-18:00<br>            这个季节正好，人不多，慢慢悠悠的就走的很远，体力不是太贵，结果刚走到3到4层时，我另一个朋友就脚崴了，各种的节奏慢下来了，下午还去了一个十三陵那边的长陵，建议可以不用太去，没什么太大意思。        </p>        <div id=\"_j_photo_427445490\" data-seq=\"427445491\" data-pid=\"427445490\" class=\"add_pic _j_anchorcnt _j_seqitem\"             style=\"width:680px\" data-poiid=\"3519\">            <a target=\"_blank\" style=\"display: block\" href=\"/photo/10065/scenery_11828458/427445490.html\">                <img class=\"\" style=\"height: 510px; width: 680px; background: rgb(252, 242, 220); display: block;\"                     src=\"/wKgIDVxgSd6AWIbjABUcfuI5RzA55.jpeg\" alt=\"\">            </a>            <span class=\"pic_tag\">                <a href=\"/poi/3519.html\" class=\"_j_anchor\" data-poiid=\"3519\" target=\"_blank\"                   data-cs-p=\"ginfo_img_poi_new\">                    <i class=\"house\"></i>八达岭长城                </a>            </span>        </div>        <div id=\"_j_photo_427445531\" data-seq=\"427445532\" data-pid=\"427445531\" class=\"add_pic _j_anchorcnt _j_seqitem\"             style=\"width:680px\" data-poiid=\"3519\">            <a target=\"_blank\" style=\"display: block\" href=\"/photo/10065/scenery_11828458/427445531.html\">                <img class=\"_j_lazyload\"                     style=\"height: 382px; width: 680px; background: rgb(252, 242, 220); display: block;\"                     src=\"/wKgIDlxgSeSAPbcKAAo3KMVsJBg17.jpeg\" alt=\"\">            </a>            <span class=\"pic_tag\">                <a href=\"/poi/3519.html\" class=\"_j_anchor\" data-poiid=\"3519\" target=\"_blank\"                   data-cs-p=\"ginfo_img_poi_new\">                    <i class=\"house\"></i>八达岭长城                </a>            </span>        </div>        <p class=\"_j_note_content _j_seqitem\" data-seq=\"427453149\">            晚上跑到了一家之前在网上看的直播麻辣串的地方去吃的麻辣串，喝了一点酒，没敢耽误太长时间，因为离前门比较远爬赶不回来。最后因为走的比较慢到住的地方已经快10点了。<br>            第二天八点多出发前门大街已经挺多人了，缺少一些小吃，都是些比较大的店，可以在后面街里吃点，但还都是比较贵还味道一般，在胡            <a href=\"/travel-scenic-spot/mafengwo/10435.html\" class=\"link _j_keyword_mdd\" data-kw=\"同里\" target=\"_blank\">同里</a>            确实有一家煎饼比较好吃，买了一份煎饼带薄脆，然后去了一家豆腐脑店，被黑了。买啥吃啥一定先问价格。        </p>        <div id=\"_j_photo_427931927\" data-seq=\"427931928\" data-pid=\"427931927\" class=\"add_pic _j_anchorcnt _j_seqitem\"             style=\"width:680px\" data-poiid=\"3474\">            <a target=\"_blank\" style=\"display: block\" href=\"/photo/10065/scenery_11828458/427931927.html\">                <img class=\"_j_lazyload\"                     style=\"height: 382px; width: 680px; background: rgb(252, 242, 220); display: block;\"                     src=\"/wKgIC1xhkg6AJjjgAA183NO_Dc019.jpeg\" alt=\"\">            </a>            <span class=\"pic_tag\">                <a href=\"/poi/3474.html\" class=\"_j_anchor\" data-poiid=\"3474\" target=\"_blank\"                   data-cs-p=\"ginfo_img_poi_new\">                    <i class=\"house\"></i>故宫                </a>            </span>        </div>        <p class=\"_j_note_content _j_seqitem\" data-seq=\"427952199\">            午门{入口}旺季：每年4月1日到10月31日，大门票60元<br>            淡季：11月1日到次年3月31日，大门票40元，其他场馆的大概参观门票为10元<br>            一般开馆时间在8点30到 晚上16点30旺季17：00<br>            但据说现在是网上订票每天八万张，去之前提前查一下        </p>        <div id=\"_j_photo_427932400\" data-seq=\"427932401\" data-pid=\"427932400\" class=\"add_pic _j_anchorcnt _j_seqitem\"             style=\"width:680px\" data-poiid=\"3474\">            <a target=\"_blank\" style=\"display: block\" href=\"/photo/10065/scenery_11828458/427932400.html\">                <img class=\"_j_lazyload\"                     style=\"height: 382px; width: 680px; background: rgb(252, 242, 220); display: block;\"                     src=\"/wKgBZ1xhkjmAR3dBAA7KZ2G6ZnQ45.jpeg\" alt=\"\">            </a>            <span class=\"pic_tag\">                <a href=\"/poi/3474.html\" class=\"_j_anchor\" data-poiid=\"3474\" target=\"_blank\"                   data-cs-p=\"ginfo_img_poi_new\">                    <i class=\"house\"></i>故宫                </a>            </span>        </div>    </div>    <div class=\"block-loading loading_forward\"></div></div>');
INSERT INTO `travel_content` VALUES (9, '<div class=\"va_con _j_master_content\" data-cs-t=\"ginfo_kw_hotel\">    <div class=\"block-loading loading_backward\"></div>    <div class=\"_j_content_box\">        <p class=\"_j_note_content _j_seqitem\" data-seq=\"553055607\">            常看新闻的老人们一定会感叹，不管是不是住在            <a href=\"/travel-scenic-spot/mafengwo/10065.html\" class=\"link _j_keyword_mdd\" data-kw=\"北京\" target=\"_blank\">北京</a>            ，都有必要去欣赏一下世园会~据说这是未来十年我国举办的级别最高、规模最大的专业类世园会哦~<br>            Eva的外公端午期间远道而来，也想观摩一下，于是有了这篇新鲜出炉的游园攻略。<br>        </p>        <div id=\"_j_photo_553056038\" data-seq=\"553056039\" data-pid=\"553056038\" class=\"add_pic _j_anchorcnt _j_seqitem\"             style=\"width:680px\">            <a target=\"_blank\" style=\"display: block\" href=\"/photo/10065/scenery_13647301/553056038.html\">                <img class=\"\" style=\"height: 440px; width: 680px; background: rgb(252, 242, 220); display: block;\"                     src=\"/wKgE2l0BqBKAJFJgABd7heaxE_c666.png\" alt=\"\">            </a>        </div>        <p class=\"_j_note_content _j_seqitem\" data-seq=\"553056448\">            博览会时间：2019年4月29日-10月7日<br>            园区开放时间：8:00-21:00<br>            检票入园时间：8:00-18:30<br>            会期当日16：00点后入园的游客，第二天可继续免费参观，持本人身份证刷证入园(跨夜票例外的情形为：当日为平日、第二天为指            <a href=\"/travel-scenic-spot/mafengwo/56359.html\" class=\"link _j_keyword_mdd\" data-kw=\"定日\" target=\"_blank\">定日</a>            的不适用跨夜)。<br>        </p>        <div data-seq=\"553056607\" data-index=\"1\" class=\"article_title _j_anchorcnt _j_seqitem\">            <h2 class=\"t9\"><span class=\"_j_anchor\">出行前准备</span></h2>        </div>        <p class=\"_j_note_content _j_seqitem\" data-seq=\"553057080\">            1. 提前2天及以上在线购票：享受九折优惠，即平日普通票折扣价格为108元，指            <a href=\"/travel-scenic-spot/mafengwo/56359.html\" class=\"link _j_keyword_mdd\" data-kw=\"定日\" target=\"_blank\">定日</a>            普通票折扣价格为144元。<br>            2. 出行方式可选择公交专线/S2线：因为世园会期间，京礼高速设置了世园会专用道，出京方向7时至11时，进京方向17时至22时，只允许公共交通车辆、大型客车等车辆通行，小汽车可使用            <a href=\"/travel-scenic-spot/mafengwo/18875.html\" class=\"link _j_keyword_mdd\" data-kw=\"通道\" target=\"_blank\">通道</a>            只有一条。<br>            3. 自驾出行规划方式一：上午十点出门（到达京礼高速时已不受专用道限制），游玩至晚上九点；方式二：第一天下午出门，在附近住下，下午四点后入园（下午四点后入园，第二天仍可使用），欣赏夜景后第二天上午再次入园，中午离开。<br>            4. 可以下载APP“Expo 2019”，了解主题活动，停车场位置，在园区游玩期间可以使用其导航。        </p>        <div data-seq=\"553057604\" data-index=\"2\" class=\"article_title _j_anchorcnt _j_seqitem\">            <h2 class=\"t9\"><span class=\"_j_anchor\">游园</span></h2>        </div>        <p class=\"_j_note_content _j_seqitem\" data-seq=\"553057804\">            世园会的核心是四馆一心：            <a href=\"/travel-scenic-spot/mafengwo/21536.html\" class=\"link _j_keyword_mdd\" data-kw=\"中国\" target=\"_blank\">中国</a>            馆、国际馆、植物馆、生活体验馆、演艺中心。<br>            如果想一天逛完世园会，给大家推荐两个路线：<br>            一号门进入：植物馆→园艺小镇→            <a href=\"/travel-scenic-spot/mafengwo/63824.html\" class=\"link _j_keyword_mdd\" data-kw=\"永宁\" target=\"_blank\">永宁</a>            阁→中华园艺展示区→国际馆→花车游行→            <a href=\"/travel-scenic-spot/mafengwo/21536.html\" class=\"link _j_keyword_mdd\" data-kw=\"中国\" target=\"_blank\">中国</a>            馆。<br>            四号门进入：国际园艺展示区→国际馆→花车游行→            <a href=\"/travel-scenic-spot/mafengwo/21536.html\" class=\"link _j_keyword_mdd\" data-kw=\"中国\" target=\"_blank\">中国</a>            馆→            <a href=\"/travel-scenic-spot/mafengwo/63824.html\" class=\"link _j_keyword_mdd\" data-kw=\"永宁\" target=\"_blank\">永宁</a>            阁→园艺小镇→植物馆。<br>            <br>            01 植物馆<br>            植物馆面积约10000平方米，里面有热带植物温室，占地约3000平方米，汇聚红树林、蕨类、棕榈、多浆植物、等1000多种珍稀植物。很多只在电视上看得到的百岁大板根、猴面包树、            <a href=\"/travel-scenic-spot/mafengwo/17298.html\" class=\"link _j_keyword_mdd\" data-kw=\"弥勒\" target=\"_blank\">弥勒</a>            树等，可以一睹真容。<br>            进到植物馆首先会看到一个TEAMLAB展，光影交错，十分梦幻哦。从展厅东部的垂直交通路径向二、三层攀爬时，可以从高空看到红树林植物冠部的美景哦。<br>        </p>        <div id=\"_j_photo_553065011\" data-seq=\"553065013\" data-pid=\"553065011\" class=\"add_pic _j_anchorcnt _j_seqitem\"             style=\"width:680px\">            <a target=\"_blank\" style=\"display: block\" href=\"/photo/10065/scenery_13647301/553065011.html\">                <img class=\"\" style=\"height: 453px; width: 680px; background: rgb(252, 242, 220); display: block;\"                     src=\"/wKgE2l0BqkyAMKlLAAD0bQvEjrw26.jpeg\" alt=\"\">            </a>        </div>        <p class=\"_j_note_content _j_seqitem\" data-seq=\"553066327\">            02 园艺小镇<br>            园艺小镇在园区的            <a href=\"/travel-scenic-spot/mafengwo/31808.html\" class=\"link _j_keyword_mdd\" data-kw=\"西北\" target=\"_blank\">西北</a>            端，有古镇，有花田，彩虹花海区、岩石区、蔬菜园、花径区，都很适合拍照哦~<br>            这里不仅有花，还有植物装扮而成的动物造型和与人们衣食住行密切相关的工艺制品展示。有折纸花园、漂移花园。。。还有竹雕工艺、剪纸工艺、泥人张等传统艺术文化。<br>        </p>        <div id=\"_j_photo_553066590\" data-seq=\"553066591\" data-pid=\"553066590\" class=\"add_pic _j_anchorcnt _j_seqitem\"             style=\"width:680px\">            <a target=\"_blank\" style=\"display: block\" href=\"/photo/10065/scenery_13647301/553066590.html\">                <img class=\"\" style=\"height: 746px; width: 680px; background: rgb(252, 242, 220); display: block;\"                     src=\"/wKgE2l0Bqr-APUDuABLHxc2bp5w52.jpeg\" alt=\"\">            </a>        </div>        <div id=\"_j_photo_553066767\" data-seq=\"553066769\" data-pid=\"553066767\" class=\"add_pic _j_anchorcnt _j_seqitem\"             style=\"width:680px\">            <a target=\"_blank\" style=\"display: block\" href=\"/photo/10065/scenery_13647301/553066767.html\">                <img class=\"_j_lazyload\"                     style=\"height: 510px; width: 680px; background: rgb(252, 242, 220); display: block;\"                     src=\"/wKgE2l0Bqs6AfEVcAA-BV2nJt2k98.jpeg\" alt=\"\">            </a>        </div>        <p class=\"_j_note_content _j_seqitem\" data-seq=\"553067810\">            04 中华园艺展示区<br>            这里有34个室外展园，如            <a href=\"/travel-scenic-spot/mafengwo/10065.html\" class=\"link _j_keyword_mdd\" data-kw=\"北京\" target=\"_blank\">北京</a>            园、            <a href=\"/travel-scenic-spot/mafengwo/10099.html\" class=\"link _j_keyword_mdd\" data-kw=\"上海\" target=\"_blank\">上海</a>            园、            <a href=\"/travel-scenic-spot/mafengwo/12719.html\" class=\"link _j_keyword_mdd\" data-kw=\"安徽\" target=\"_blank\">安徽</a>            园、            <a href=\"/travel-scenic-spot/mafengwo/10189.html\" class=\"link _j_keyword_mdd\" data-kw=\"香港\" target=\"_blank\">香港</a>            园等，每个园区都有自己独特的地域特点，和当地植物相结合，以一个个的缩影带我们领略国内的美景。如果有时间，可以细细领略一番。<br>            <a href=\"/travel-scenic-spot/mafengwo/10065.html\" class=\"link _j_keyword_mdd\" data-kw=\"北京\" target=\"_blank\">北京</a>            园区里，穿过老            <a href=\"/travel-scenic-spot/mafengwo/10065.html\" class=\"link _j_keyword_mdd\" data-kw=\"北京\" target=\"_blank\">北京</a>            胡同，就来到了极具            <a href=\"/travel-scenic-spot/mafengwo/10065.html\" class=\"link _j_keyword_mdd\" data-kw=\"北京\" target=\"_blank\">北京</a>            特色的四合院，漫步园内，门梁、斗拱、砖瓦，每一处都蕴含着建筑艺术。来到            <a href=\"/travel-scenic-spot/mafengwo/10065.html\" class=\"link _j_keyword_mdd\" data-kw=\"北京\" target=\"_blank\">北京</a>            园，仿佛来到了电视里经常出现的老            <a href=\"/travel-scenic-spot/mafengwo/10065.html\" class=\"link _j_keyword_mdd\" data-kw=\"北京\" target=\"_blank\">北京</a>            人家。<br>        </p>        <div id=\"_j_photo_553068866\" data-seq=\"553068867\" data-pid=\"553068866\" class=\"add_pic _j_anchorcnt _j_seqitem\"             style=\"width:680px\">            <a target=\"_blank\" style=\"display: block\" href=\"/photo/10065/scenery_13647301/553068866.html\">                <img class=\"_j_lazyload\"                     style=\"height: 453px; width: 680px; background: rgb(252, 242, 220); display: block;\"                     src=\"/wKgE2l0Bq2OAM7LsAADrYlHuwjw68.jpeg\" alt=\"\">            </a>        </div>        <p class=\"_j_note_content _j_seqitem\" data-seq=\"553069941\">            个人感觉是建筑好看，展品一般，很多都是各个国家卖一些特色小礼品。据说继续往园区里面走可以看到            <a href=\"/travel-scenic-spot/mafengwo/10176.html\" class=\"link _j_keyword_mdd\" data-kw=\"德国\" target=\"_blank\">德国</a>            园，小花园会免费送种子哦。            <a href=\"/travel-scenic-spot/mafengwo/10300.html\" class=\"link _j_keyword_mdd\" data-kw=\"俄罗斯\" target=\"_blank\">俄罗斯</a>            展馆有黑加仑、野蔷薇等90多种植物~~还有            <a href=\"/travel-scenic-spot/mafengwo/10183.html\" class=\"link _j_keyword_mdd\" data-kw=\"日本\" target=\"_blank\">日本</a>            馆的传统庭院、            <a href=\"/travel-scenic-spot/mafengwo/10083.html\" class=\"link _j_keyword_mdd\" data-kw=\"泰国\" target=\"_blank\">泰国</a>            馆的泰式生活等。不过这里不同的建筑风格、植物和标志性物件体验一下各个国家的缩影，顺便可以拍出与众不同的打卡照。<br>        </p>        <div id=\"_j_photo_553070570\" data-seq=\"553070574\" data-pid=\"553070570\" class=\"add_pic _j_anchorcnt _j_seqitem\"             style=\"width:680px\">            <a target=\"_blank\" style=\"display: block\" href=\"/photo/10065/scenery_13647301/553070570.html\">                <img class=\"_j_lazyload\"                     style=\"height: 510px; width: 680px; background: rgb(252, 242, 220); display: block;\"                     src=\"/wKgE2l0Bq_mAfdNoABKfBL3VL4890.jpeg\" alt=\"\">            </a>        </div>        <p class=\"_j_note_content _j_seqitem\" data-seq=\"553070769\">            06            <a href=\"/travel-scenic-spot/mafengwo/21536.html\" class=\"link _j_keyword_mdd\" data-kw=\"中国\" target=\"_blank\">中国</a>            馆<br>            <a href=\"/travel-scenic-spot/mafengwo/21536.html\" class=\"link _j_keyword_mdd\" data-kw=\"中国\" target=\"_blank\">中国</a>            馆汇聚了中华园艺精华，向大家展示了            <a href=\"/travel-scenic-spot/mafengwo/21536.html\" class=\"link _j_keyword_mdd\" data-kw=\"中国\" target=\"_blank\">中国</a>            园艺的传统文化和历史故事。这里的设计贯穿着绿色节能的概念，大部分展馆在梯田下，利用梯田大型覆土建筑结构的保湿隔热性能，降低建筑物采暖降温能耗，所以人们都说这是一座会呼吸的建筑。<br>        </p>        <div id=\"_j_photo_553072269\" data-seq=\"553072273\" data-pid=\"553072269\" class=\"add_pic _j_anchorcnt _j_seqitem\"             style=\"width:680px\">            <a target=\"_blank\" style=\"display: block\" href=\"/photo/10065/scenery_13647301/553072269.html\">                <img class=\"_j_lazyload\"                     style=\"height: 518px; width: 680px; background: rgb(252, 242, 220); display: block;\"                     src=\"/wKgE2l0BrHKAJ6WbAAJPIvnJRWY77.jpeg\" alt=\"\">            </a>        </div>        <p class=\"_j_note_content _j_seqitem\" data-seq=\"553072415\">            从            <a href=\"/travel-scenic-spot/mafengwo/21536.html\" class=\"link _j_keyword_mdd\" data-kw=\"中国\" target=\"_blank\">中国</a>            馆出来可以去打卡奇幻光影森林，奇幻光影森林将            <a href=\"/travel-scenic-spot/mafengwo/21536.html\" class=\"link _j_keyword_mdd\" data-kw=\"中国\" target=\"_blank\">中国</a>            奇观文化与现代科技、自然景观相融合。晚间开放时间为19:00—20:30，想召唤山海神兽的记得在对应的时间过去哟。<br>        </p>        <div id=\"_j_photo_553072671\" data-seq=\"553072673\" data-pid=\"553072671\" class=\"add_pic _j_anchorcnt _j_seqitem\"             style=\"width:600px\">            <a target=\"_blank\" style=\"display: block\" href=\"/photo/10065/scenery_13647301/553072671.html\">                <img class=\"_j_lazyload\"                     style=\"height: 844px; width: 600px; background: rgb(252, 242, 220); display: block;\"                     src=\"/wKgE2l0BrJaAAZ2iAAGDykaFOLc87.jpeg\" alt=\"\">            </a>        </div>        <p class=\"_j_note_content _j_seqitem\" data-seq=\"553074220\">            <br>            地址：            <a href=\"/travel-scenic-spot/mafengwo/10065.html\" class=\"link _j_keyword_mdd\" data-kw=\"北京\" target=\"_blank\">北京</a>            市            <a href=\"/travel-scenic-spot/mafengwo/12672.html\" class=\"link _j_keyword_mdd\" data-kw=\"延庆\" target=\"_blank\">延庆</a>            区四海镇前山村<br>            亮点：3套院子，各有特色：1号院—            <a href=\"/travel-scenic-spot/mafengwo/12672.html\" class=\"link _j_keyword_mdd\" data-kw=\"延庆\" target=\"_blank\">延庆</a>            首家玻璃栈道小院，3号院—            <a href=\"/travel-scenic-spot/mafengwo/12672.html\" class=\"link _j_keyword_mdd\" data-kw=\"延庆\" target=\"_blank\">延庆</a>            首家自带温泉小院，10号院—            <a href=\"/travel-scenic-spot/mafengwo/12672.html\" class=\"link _j_keyword_mdd\" data-kw=\"延庆\" target=\"_blank\">延庆</a>            首家微民宿。<br>            <br>            04 一棵树精品民宿        </p>        <div id=\"_j_photo_553074770\" data-seq=\"553074771\" data-pid=\"553074770\" class=\"add_pic _j_anchorcnt _j_seqitem\"             style=\"width:680px\">            <a target=\"_blank\" style=\"display: block\" href=\"/photo/10065/scenery_13647301/553074770.html\">                <img class=\"_j_lazyload\"                     style=\"height: 429px; width: 680px; background: rgb(252, 242, 220); display: block;\"                     src=\"/wKgE2l0BrS6AUtDfAAGKVYuraGQ66.jpeg\" alt=\"\">            </a>        </div>        <p class=\"_j_note_content _j_seqitem\" data-seq=\"553074909\">            地址：            <a href=\"/travel-scenic-spot/mafengwo/10065.html\" class=\"link _j_keyword_mdd\" data-kw=\"北京\" target=\"_blank\">北京</a>            市            <a href=\"/travel-scenic-spot/mafengwo/12672.html\" class=\"link _j_keyword_mdd\" data-kw=\"延庆\" target=\"_blank\">延庆</a>            区后香路<br>            房型：六座徽派庭院，每座独立庭院里有复式家庭房和独立阳光房，有着超大的落地窗和露台。<br>            亮点：            <a href=\"/travel-scenic-spot/mafengwo/12672.html\" class=\"link _j_keyword_mdd\" data-kw=\"延庆\" target=\"_blank\">延庆</a>            首家徽派建筑民宿，白墙黛瓦，古典儒雅。<br>            <br>        </p>        <div data-seq=\"553075072\" data-index=\"4\" class=\"article_title _j_anchorcnt _j_seqitem\">            <h2 class=\"t9\"><span class=\"_j_anchor\">TIPS</span></h2>        </div>        <p class=\"_j_note_content _j_seqitem\" data-seq=\"553075241\">            由于世园会实在是很大，也非常的受欢迎。上面关于游园可能只是个人建议，说的也比较简略，大家可以做一下参考。还有几点小提示希望可以帮到想到世园会的你哦~~<br>            1、自驾停车：这是个很重要的问题。这里的组织管理稍显混乱，指挥的停车场并不明确，建议导航增加一个途径点：圣百路，可以提前一个路口左转绕到P(1-4在一起）的停车场；去的晚的近端停车场停满后，导航至延农路的P7停车场。<br>            2、园内交通工具：世园会真的非常大，走着会很累，天气越来越热，带孩子出行提前准备好推车（此类场所滑板车不允许进），带着老人可以利用好园内电瓶车，每次十元，沿着红/蓝路线行驶，每个S都是上下车站。<br>            3、园内餐饮及设施：不同区域设置了很多餐饮店铺，快餐类的，当地特色的，有不少选择；矿泉水等虽然有很多自动售卖机，但因为参观人数太多，半天基本就售空了；卫生间设置相对比较平均，即使是节假日高峰，排队现象不是很多。<br>            每个人想看的景色不同，也为大家搜集了一些别的线路可以供参考。<br>            （部分图片和文字来源网络）<br>        </p>        <div id=\"_j_photo_553075329\" data-seq=\"553075330\" data-pid=\"553075329\" class=\"add_pic _j_anchorcnt _j_seqitem\"             style=\"width:600px\">            <a target=\"_blank\" style=\"display: block\" href=\"/photo/10065/scenery_13647301/553075329.html\">                <img class=\"_j_lazyload\"                     style=\"height: 1866px; width: 600px; background: rgb(252, 242, 220); display: block;\"                     src=\"/wKgE2l0BrUmAbgkBAAXaFeYIVjs84.jpeg\" alt=\"\">            </a>        </div>    </div>    <div class=\"block-loading loading_forward\"></div></div>');
INSERT INTO `travel_content` VALUES (10, '<div class=\"va_con _j_master_content\" data-cs-t=\"ginfo_kw_hotel\">    <div class=\"block-loading loading_backward\"></div>    <div class=\"_j_content_box\">        <p class=\"_j_note_content _j_seqitem\" data-seq=\"623853398\">            一直以来很喜欢            <a href=\"/travel-scenic-spot/mafengwo/10035.html\" class=\"link _j_keyword_mdd\" data-kw=\"成都\" target=\"_blank\">成都</a>            这座城市。<br>            从大学时候就被来自            <a href=\"/travel-scenic-spot/mafengwo/12703.html\" class=\"link _j_keyword_mdd\" data-kw=\"四川\" target=\"_blank\">四川</a>            的同学安利春熙路的美女、            <a href=\"/travel-scenic-spot/mafengwo/10035.html\" class=\"link _j_keyword_mdd\" data-kw=\"成都\" target=\"_blank\">成都</a>            串串、郫县豆瓣等等，个人最感兴趣的还是美食了，曾经立下目标，要“吃”下几座城市：            <a href=\"/travel-scenic-spot/mafengwo/10088.html\" class=\"link _j_keyword_mdd\" data-kw=\"广州\" target=\"_blank\">广州</a>            、            <a href=\"/travel-scenic-spot/mafengwo/10065.html\" class=\"link _j_keyword_mdd\" data-kw=\"北京\" target=\"_blank\">北京</a>            、            <a href=\"/travel-scenic-spot/mafengwo/10195.html\" class=\"link _j_keyword_mdd\" data-kw=\"西安\" target=\"_blank\">西安</a>            、            <a href=\"/travel-scenic-spot/mafengwo/10035.html\" class=\"link _j_keyword_mdd\" data-kw=\"成都\" target=\"_blank\">成都</a>            、            <a href=\"/travel-scenic-spot/mafengwo/10133.html\" class=\"link _j_keyword_mdd\" data-kw=\"武汉\" target=\"_blank\">武汉</a>            、            <a href=\"/travel-scenic-spot/mafengwo/10684.html\" class=\"link _j_keyword_mdd\" data-kw=\"南京\" target=\"_blank\">南京</a>            、            <a href=\"/travel-scenic-spot/mafengwo/10466.html\" class=\"link _j_keyword_mdd\" data-kw=\"长沙\" target=\"_blank\">长沙</a>            。现在来看，还剩下            <a href=\"/travel-scenic-spot/mafengwo/10684.html\" class=\"link _j_keyword_mdd\" data-kw=\"南京\" target=\"_blank\">南京</a>            和            <a href=\"/travel-scenic-spot/mafengwo/10466.html\" class=\"link _j_keyword_mdd\" data-kw=\"长沙\" target=\"_blank\">长沙</a>            两个目标了。当然走过的地方多了会发现，每个地方都有很好吃的美食美景，            <a href=\"/travel-scenic-spot/mafengwo/63538.html\" class=\"link _j_keyword_mdd\" data-kw=\"比如\" target=\"_blank\">比如</a>            <a href=\"/travel-scenic-spot/mafengwo/10068.html\" class=\"link _j_keyword_mdd\" data-kw=\"哈尔滨\" target=\"_blank\">哈尔滨</a>            、            <a href=\"/travel-scenic-spot/mafengwo/10099.html\" class=\"link _j_keyword_mdd\" data-kw=\"上海\" target=\"_blank\">上海</a>            、            <a href=\"/travel-scenic-spot/mafengwo/10156.html\" class=\"link _j_keyword_mdd\" data-kw=\"杭州\" target=\"_blank\">杭州</a>            ……<br>        </p>        <div data-seq=\"623987003\" data-index=\"1\" class=\"article_title _j_anchorcnt _j_seqitem\">            <h2 class=\"t9\"><span class=\"_j_anchor\">与成都的初次邂逅</span></h2>        </div>        <p class=\"_j_note_content _j_seqitem\" data-seq=\"623987004\">            第一次到            <a href=\"/travel-scenic-spot/mafengwo/10035.html\" class=\"link _j_keyword_mdd\" data-kw=\"成都\" target=\"_blank\">成都</a>            是以快递员的身份去的，飞跃千里帮助出差的提小娜同学送去了衣服，然后自此开始了一段美丽的情缘。<br>            还记得当时在            <a href=\"/travel-scenic-spot/mafengwo/10035.html\" class=\"link _j_keyword_mdd\" data-kw=\"成都\" target=\"_blank\">成都</a>            的旅游线路：两个工作日逛完了武侯祠、            <a href=\"/travel-scenic-spot/mafengwo/12703.html\" class=\"link _j_keyword_mdd\" data-kw=\"四川\" target=\"_blank\">四川</a>            省博物馆、金沙博物馆和            <a href=\"/travel-scenic-spot/mafengwo/10035.html\" class=\"link _j_keyword_mdd\" data-kw=\"成都\" target=\"_blank\">成都</a>            市博物馆。个人比较喜欢城市博物馆的风格，将一座城市的历史进程描述的淋漓尽致，从有人居住到聚集成镇，再经过封建王朝和民国的曲折，最终发展成现在的辉煌。省博物馆更大更全也更专业，适合对于瓷器、书画等专业方向有研究的人士。晚上就是逛宽窄巷子、锦里，沉浸在游人的喧闹和商贩的叫卖声中，感受市井的乐趣。周末的两天，一天献给了            <a href=\"/travel-scenic-spot/mafengwo/10163.html\" class=\"link _j_keyword_mdd\" data-kw=\"都江堰\" target=\"_blank\">都江堰</a>            ，但如果时间充裕的话，用两天的时间规划            <a href=\"/travel-scenic-spot/mafengwo/10323.html\" class=\"link _j_keyword_mdd\" data-kw=\"青城山\" target=\"_blank\">青城山</a>            +            <a href=\"/travel-scenic-spot/mafengwo/10163.html\" class=\"link _j_keyword_mdd\" data-kw=\"都江堰\" target=\"_blank\">都江堰</a>            的两天一夜游会更轻松一些。半天献给了大熊猫培育基地，欣赏憨态可掬的国宝的生活，可以目不转睛的盯它半个小时，让人乐此不疲。最后半天的时间给了人民公园的鹤鸣茶社，在炎热的夏日午后，水边绿荫下的藤椅上，喝着大碗茶，体验最正宗的            <a href=\"/travel-scenic-spot/mafengwo/10035.html\" class=\"link _j_keyword_mdd\" data-kw=\"成都\" target=\"_blank\">成都</a>            生活。        </p>        <div data-seq=\"624792401\" data-index=\"2\" class=\"article_title _j_anchorcnt _j_seqitem\">            <h2 class=\"t9\"><span class=\"_j_anchor\">再见成都</span></h2>        </div>        <p class=\"_j_note_content _j_seqitem\" data-seq=\"700225410\">            第二次来            <a href=\"/travel-scenic-spot/mafengwo/10035.html\" class=\"link _j_keyword_mdd\" data-kw=\"成都\" target=\"_blank\">成都</a>            就是自己出差了。可以算是故地重游，但还是尝了不少新的美食，去了一些新的景点。<br>            首先中午品尝了饕林餐厅的美食，味道不错，环境也很好。但是下次想多品尝几家苍蝇小馆，            <a href=\"/travel-scenic-spot/mafengwo/63538.html\" class=\"link _j_keyword_mdd\" data-kw=\"比如\" target=\"_blank\">比如</a>            百年粉蒸牛肉店、雨田饭店、自力面店、三道拐川菜馆、三哥田螺、明婷饭店，还有一家正式的餐厅叫做和席酒楼，据说也不错。<br>            晚上先去小名堂担担甜水面故地重游，当年中暑的我在这里无精打采的样子被提小娜各种吐槽，这次的状态可谓相当之好。这里的甜水面、钟水饺和串串都超级好吃，十分推荐。饭后溜达去了宽窄巷子，也是故地重游。重新体验了一下熙熙攘攘的人群，第一次尝试了闻名全国的采耳服务，真的是绝佳体验。采耳又名“小舒服”是流传于古代皇室中的一种贵族保健方式。看着技师一整套的工具就觉得很专业，但确实略贵。虽然已经是晚上十点钟了，领导的热情依然不减，我们就继续故地重游到了锦里，找到了当年拍照的小巷子，还有很多有意思的拍照景点，值得仔细探寻一番。        </p>        <div id=\"_j_photo_700780490\" data-seq=\"700780492\" data-pid=\"700780490\" class=\"add_pic _j_anchorcnt _j_seqitem\"             style=\"width:680px\">            <a target=\"_blank\" style=\"display: block\" href=\"/photo/10035/scenery_14493655/700780490.html\">                <img class=\"\" style=\"height: 510px; width: 680px; background: rgb(252, 242, 220); display: block;\"                     src=\"/wKgE2l0bUnqAaQrmAAqf8AmmYc8914.jpg\" alt=\"\">            </a>        </div>        <p class=\"_j_note_content _j_seqitem\" data-seq=\"700780493\">            第二天一早去酒店附近品尝了特色小店——王记特色锅盔，街边的早餐店，稍微有一些油大，但味            <a href=\"/travel-scenic-spot/mafengwo/143770.html\" class=\"link _j_keyword_mdd\" data-kw=\"道真\" target=\"_blank\">道真</a>            心不错，推荐品尝。中午约了7年没有没见过的大学同学一起吃饭，畅怀往事，很是惬意。多年不见，大家过的都很好，就是最大的幸福了。<br>            <br>            下午本打算去            <a href=\"/travel-scenic-spot/mafengwo/12682.html\" class=\"link _j_keyword_mdd\" data-kw=\"玉林\" target=\"_blank\">玉林</a>            路街头的小酒馆坐一坐，但可惜三点之后才营业，就在旁边的咖啡店继续继续聊了一会儿。同学有事先回家，就把我们送到了人民公园，又来到了鹤鸣茶社。坐在湖边的树荫下，泡着盖碗茶，欣赏着小湖中划船的游人，耳边充斥的是打牌的声音、采耳的叮铃铃的声音，眼前也都是亲朋好友在公园度过周末的其乐融融景象。<br>            <br>            悠闲的时光转瞬即逝，很快到了晚饭时间，我们来到了知名的            <a href=\"/travel-scenic-spot/mafengwo/11942.html\" class=\"link _j_keyword_mdd\" data-kw=\"川西\" target=\"_blank\">川西</a>            坝子火锅。记得上一次就有朋友推荐            <a href=\"/travel-scenic-spot/mafengwo/11942.html\" class=\"link _j_keyword_mdd\" data-kw=\"川西\" target=\"_blank\">川西</a>            坝子，但是排队人太多就换了其他家火锅，这次也算是如愿以偿了。环境很棒，服务人员态度很好，菜品都很新鲜，微辣也是辣的很过瘾，只不过两个人吃确实略贵。<br>            <br>            吃完晚饭后来到了之前心心念念的九眼桥，上一次因为时间紧张没有成行，这一次专程赶过来，真的和网上的照片一样美丽，但这张照片的主角叫做廊桥，并不是九眼桥。        </p>        <div id=\"_j_photo_700447273\" data-seq=\"700447275\" data-pid=\"700447273\" class=\"add_pic _j_anchorcnt _j_seqitem\"             style=\"width:680px\">            <a target=\"_blank\" style=\"display: block\" href=\"/photo/10035/scenery_14493655/700447273.html\">                <img class=\"\" style=\"height: 510px; width: 680px; background: rgb(252, 242, 220); display: block;\"                     src=\"/wKgE2l0bSAaAHMqqAAwJQ7t7ygU883.jpg\" alt=\"\">            </a>        </div>        <p class=\"_j_note_content _j_seqitem\" data-seq=\"700458759\">            真正的九眼桥在这个位置，但也只是重建版本，而非原状。        </p>        <div id=\"_j_photo_700463499\" data-seq=\"700463503\" data-pid=\"700463499\" class=\"add_pic _j_anchorcnt _j_seqitem\"             style=\"width:680px\">            <a target=\"_blank\" style=\"display: block\" href=\"/photo/10035/scenery_14493655/700463499.html\">                <img class=\"_j_lazyload\"                     style=\"height: 510px; width: 680px; background: rgb(252, 242, 220); display: block;\"                     src=\"/wKgE2l0bSIqAY_8NAAfG_fOQecU641.jpg\" alt=\"\">            </a>        </div>        <p class=\"_j_note_content _j_seqitem\" data-seq=\"700469240\">            说完历史，我们再聊一下九眼桥的现状，九眼桥和廊桥在府南河上。河边的一边是酒吧一条街了。很像是后海，酒吧的名字都很有特色，建筑也是各具形态，路边的服务生不断地招徕客人，酒吧内传来驻唱歌手优美的歌声。河的另一边是兰桂坊，高档的酒吧，但是人很少。<br>            在廊桥的一头碰到了一位街头艺人，声音很好听，引得众人围观驻足，自己带着音箱在路边歌唱，感觉不输酒吧的驻唱歌手。<br>            九眼桥所在的府南河其实就是府河和南河交汇形成的，人们在交汇之处建了一个            <a href=\"/travel-scenic-spot/mafengwo/63054.html\" class=\"link _j_keyword_mdd\" data-kw=\"合江\" target=\"_blank\">合江</a>            亭，引得很多新人来这里拍照。<br>            <br>            再游            <a href=\"/travel-scenic-spot/mafengwo/10035.html\" class=\"link _j_keyword_mdd\" data-kw=\"成都\" target=\"_blank\">成都</a>            ，感觉还是没有逛完。都说这里是天府之国，真的不为过。很喜欢这里的气候、美食、景点，以及悠闲的生活。还有很多景点没有走到，还有很多美食没有品尝，            <a href=\"/travel-scenic-spot/mafengwo/10035.html\" class=\"link _j_keyword_mdd\" data-kw=\"成都\" target=\"_blank\">成都</a>            ，我们再见！<br>        </p>    </div>    <div class=\"block-loading loading_forward\"></div></div>');
INSERT INTO `travel_content` VALUES (11, '<div class=\"va_con _j_master_content\" data-cs-t=\"ginfo_kw_hotel\">    <div class=\"block-loading loading_backward\"></div>    <div class=\"_j_content_box\">        <p class=\"_j_note_content _j_seqitem\" data-seq=\"583917383\">            哈喽大家好，我是花生，是一个热爱旅游，梦想吃遍全世界的摄影师，说到            <a href=\"/travel-scenic-spot/mafengwo/10083.html\" class=\"link _j_keyword_mdd\" data-kw=\"泰国\" target=\"_blank\">泰国</a>            ，相信很多小伙伴们都不陌生，但是也还有很多朋友没去过            <a href=\"/travel-scenic-spot/mafengwo/10083.html\" class=\"link _j_keyword_mdd\" data-kw=\"泰国\" target=\"_blank\">泰国</a>            ，或者没有来一次自由行，这里花生给打算第一次去            <a href=\"/travel-scenic-spot/mafengwo/10083.html\" class=\"link _j_keyword_mdd\" data-kw=\"泰国\" target=\"_blank\">泰国</a>            的小伙伴们弄出这篇攻略性很强的游记，有美食，有美景，还有同行可爱的伙伴们，下面先让这个视频和图片目录领略下            <a href=\"/travel-scenic-spot/mafengwo/11045.html\" class=\"link _j_keyword_mdd\" data-kw=\"曼谷\" target=\"_blank\">曼谷</a>            和普吉的魅力吧，下面有实用干货，让你一篇搞定            <a href=\"/travel-scenic-spot/mafengwo/10083.html\" class=\"link _j_keyword_mdd\" data-kw=\"泰国\" target=\"_blank\">泰国</a>            自由行准备。        </p>        <div data-seq=\"664673284\" data-index=\"1\" class=\"article_title _j_anchorcnt _j_seqitem\">            <h2 class=\"t9\"><span class=\"_j_anchor\">图片目录（看图片对景点有大概了解）</span></h2>        </div>        <p class=\"_j_note_content _j_seqitem\" data-seq=\"664681440\">            有喜欢的可以直接点击右侧目录，方便省事直观        </p>        <div id=\"_j_photo_664684785\" data-seq=\"664684794\" data-pid=\"664684785\" class=\"add_pic _j_anchorcnt _j_seqitem\"             style=\"width:680px\">            <a target=\"_blank\" style=\"display: block\" href=\"/photo/10083/scenery_14480116/664684785.html\">                <img class=\"\" style=\"height: 220px; width: 680px; background: rgb(252, 242, 220); display: block;\"                     src=\"/wKgE2l0Xg-aAahP3AAaHsK42yno098.jpg\" alt=\"\">            </a>        </div>        <div id=\"_j_photo_664684793\" data-seq=\"664684802\" data-pid=\"664684793\" class=\"add_pic _j_anchorcnt _j_seqitem\"             style=\"width:680px\">            <a target=\"_blank\" style=\"display: block\" href=\"/photo/10083/scenery_14480116/664684793.html\">                <img class=\"\" style=\"height: 151px; width: 680px; background: rgb(252, 242, 220); display: block;\"                     src=\"/wKgE2l0Xg_GAKQTEAAVIcGncntk124.jpg\" alt=\"\">            </a>        </div>        <div data-seq=\"583989358\" data-index=\"2\" class=\"article_title _j_anchorcnt _j_seqitem\">            <h2 class=\"t9\"><span class=\"_j_anchor\">前期准备</span></h2>        </div>        <p class=\"_j_note_content _j_seqitem\" data-seq=\"583994454\">            相对其他国家，出境游选择去            <a href=\"/travel-scenic-spot/mafengwo/10083.html\" class=\"link _j_keyword_mdd\" data-kw=\"泰国\" target=\"_blank\">泰国</a>            还是毕竟方便的，有旅游签证和落地签，由于我们这次时间比较紧张（提前1个月确定去）加上2019年10月之前是免落地签是免签证费，所以我们最后选择了落地签，不得不说，如果再给我一次机会，我一定在tb网上提前办好签证，我们淡季的时候还等了近两个小时。离题了，这里按照我们准备的前后顺序来归纳一下：<br>            签证：根据你个人情况选择提前办好旅游签证还是落地签。不管你选择哪一种，一定要带一支圆珠笔，下文会说到。<br>            旅游签证：可以在淘宝上选择一家信誉好的店铺办理。旅游签证便宜，200多块人民币，停留期是60天，但是建议停留不超过30天。因为旅游签证属于短期访问签证，一般30天是够的，若超过30天，有时候再次办理签证使馆会怀疑，当做有不良记录处理。<br>            落地签证：真心不推荐，等候时间非常久，如果真的想说走就走，这里花生给大家分享下落地签的注意事宜，签证相关申请材料包括：<br>            1、有效期6个月以上的护照；<br>            2、一张填写完整的旅游签证申请表（落地签处可以领取）；<br>            3、一张六个月内拍的两寸彩色免冠照片；<br>            4、入境后15天之内有效的往返程机票确认单和酒店确认单（记得打印出来）<br>            5、入境时个人必须携带10000泰铢或等值货币，家庭不能少于2万泰铢，以备抽查（概率不大）。<br>            出入境卡和落地签申请表的填写范本：<br>            不管是落地签还是旅游签，都需要填写出入境卡，要注意，海关这里只收入境卡，出镜卡记得保管好，出镜时需要，飞机上空姐会发，入境处也可以领取        </p>        <div id=\"_j_photo_584161365\" data-seq=\"584161369\" data-pid=\"584161365\" class=\"add_pic _j_anchorcnt _j_seqitem\"             style=\"width:680px\">            <a target=\"_blank\" style=\"display: block\" href=\"/photo/10083/scenery_14480116/584161365.html\">                <img class=\"_j_lazyload\"                     style=\"height: 509px; width: 680px; background: rgb(252, 242, 220); display: block;\"                     src=\"/wKgEaVzdJMeAFARMAAJWvira0WA86.jpeg\" alt=\"\">            </a>        </div>        <p class=\"_j_note_content _j_seqitem\" data-seq=\"584170778\">            就照着上面写就可以了，为什么要带笔就是因为要填写这个，落地签的话，下飞机跟着指示牌走，有中文标记，不要急着拿行李，要办理好签证之后才能拿。<br>            机票和酒店：机票比较好搞定，就各大平台比下价，有含行李的买包含行李托运的，如果没有就另外买下行李额，或者淘宝买也行，前往别现场买，很多时候比机票价格还贵，酒店也是看看攻略加朋友推荐的，基本不会踩雷。<br>            送机：可以在网上提早定好接机的，当然也可以不用，现场打车，上车让司机打表，只要和他说“meter”，怕他绕路就让司机“follow GPS”，<br>            常用软件：有道翻译，支持语音对讲，非常方便，谷歌地图，这个不用说，境外非常好用，优步或者grab，其实我觉得按照我上面的方式叫车好像会更方便。            <a href=\"/travel-scenic-spot/mafengwo/11045.html\" class=\"link _j_keyword_mdd\" data-kw=\"曼谷\" target=\"_blank\">曼谷</a>            的士很多的<br>            衣物：各种夏装准备起来，不过至少保留一套不露肩和过膝盖的裙子或者裤子（进去寺庙要求）。还有薄外套一件，飞机上，商城里温度都非常低，最好带点一次性内裤，省的洗<br>            电话卡：出行前可以在淘宝上买好Happy7天卡，￥30左右，不限流量<br>            假如不幸护照丢了怎么办》<br>            第一步:必须到警察局报案挂失并取得「报警单<br>            第二步:本人前往            <a href=\"/travel-scenic-spot/mafengwo/21536.html\" class=\"link _j_keyword_mdd\" data-kw=\"中国\" target=\"_blank\">中国</a>            驻            <a href=\"/travel-scenic-spot/mafengwo/10083.html\" class=\"link _j_keyword_mdd\" data-kw=\"泰国\" target=\"_blank\">泰国</a>            使领馆办理补办护照或旅行证，旅行证加急只需2个工作日当所需材料<br>            1.报警单复印件。原件请您妥善留存，供            <a href=\"/travel-scenic-spot/mafengwo/10083.html\" class=\"link _j_keyword_mdd\" data-kw=\"泰国\" target=\"_blank\">泰国</a>            移民局在您出境时查验;<br>            2.在大使馆填写“中华人民            <a href=\"/travel-scenic-spot/mafengwo/63525.html\" class=\"link _j_keyword_mdd\" data-kw=\"共和\" target=\"_blank\">共和</a>            国旅行证/回国证明申请表”一份<br>            3.在大使馆填写“申请证件补充报告”一份;<br>            4.护照复印件&amp;身份证复印件&amp;户口本复印件，大使馆要核实您在国内身份;<br>            5.证件照2寸的2张:背景为白色或淡蓝色<br>            出行前将护照、身份证、户口本扫描或者复印一份与护照分开放<br>            <br>            <br>            受理时间:周一-周五，9:00-12:00,下午15: 00-17:00<br>        </p>        <div data-seq=\"584217475\" data-index=\"3\" class=\"article_title _j_anchorcnt _j_seqitem\">            <h2 class=\"t9\"><span class=\"_j_anchor\">行程安排</span></h2>        </div>        <p class=\"_j_note_content _j_seqitem\" data-seq=\"584219761\">            这个是我们出发前的规划路线        </p>        <div id=\"_j_photo_584161367\" data-seq=\"584161371\" data-pid=\"584161367\" class=\"add_pic _j_anchorcnt _j_seqitem\"             style=\"width:680px\">            <a target=\"_blank\" style=\"display: block\" href=\"/photo/10083/scenery_14480116/584161367.html\">                <img class=\"_j_lazyload\"                     style=\"height: 436px; width: 680px; background: rgb(252, 242, 220); display: block;\"                     src=\"/wKgE2l0MynSAeKQAAAGR--hQKgo651.png\" alt=\"\">            </a>        </div>        <p class=\"_j_note_content _j_seqitem\" data-seq=\"584223821\">            下面这个图是我们实际玩的路线，比较轻松，有些地方也比较小众，去            <a href=\"/travel-scenic-spot/mafengwo/11045.html\" class=\"link _j_keyword_mdd\" data-kw=\"曼谷\" target=\"_blank\">曼谷</a>            一定要去离岛玩一圈，具体原因下文会解释        </p>        <p class=\"_j_note_content _j_seqitem\" data-seq=\"584291500\">            到            <a href=\"/travel-scenic-spot/mafengwo/122248.html\" class=\"link _j_keyword_mdd\" data-kw=\"达曼\" target=\"_blank\">达曼</a>            谷是当地时间4点多，在天上还是晴空万里，下地之后就下起了暴雨- -        </p>        <div id=\"_j_photo_582953603\" data-seq=\"582953727\" data-pid=\"582953603\" class=\"add_pic _j_anchorcnt _j_seqitem\"             style=\"width:680px\">            <a target=\"_blank\" style=\"display: block\" href=\"/photo/10083/scenery_14480116/582953603.html\">                <img class=\"_j_lazyload\"                     style=\"height: 382px; width: 680px; background: rgb(252, 242, 220); display: block;\"                     src=\"/wKgE2l0MkA6ABq3ZAAif44Sz6yo991.jpg\" alt=\"\">            </a>            <span class=\"pic_tag\">                <a href=\"/travel-scenic-spot/mafengwo/11045.html\" target=\"_blank\" class=\"_j_anchor\">                    <i class=\"house\"></i>曼谷                </a>            </span>        </div>        <div id=\"_j_photo_582953604\" data-seq=\"582953728\" data-pid=\"582953604\" class=\"add_pic _j_anchorcnt _j_seqitem\"             style=\"width:680px\">            <a target=\"_blank\" style=\"display: block\" href=\"/photo/10083/scenery_14480116/582953604.html\">                <img class=\"_j_lazyload\"                     style=\"height: 382px; width: 680px; background: rgb(252, 242, 220); display: block;\"                     src=\"/wKgE2l0MkBCAccL2AAegq2Qpb3c925.jpg\" alt=\"\">            </a>            <span class=\"pic_tag\">                <a href=\"/travel-scenic-spot/mafengwo/11045.html\" target=\"_blank\" class=\"_j_anchor\">                    <i class=\"house\"></i>曼谷                </a>            </span>        </div>        <p class=\"_j_note_content _j_seqitem\" data-seq=\"584298692\">            一顿操作（落地签真难，奉劝各位别办落地签）出机场，            <a href=\"/travel-scenic-spot/mafengwo/64941.html\" class=\"link _j_keyword_mdd\" data-kw=\"成功\" target=\"_blank\">成功</a>            与接机师傅联系上，而且天空还出了太阳，真棒，            <a href=\"/travel-scenic-spot/mafengwo/11045.html\" class=\"link _j_keyword_mdd\" data-kw=\"曼谷\" target=\"_blank\">曼谷</a>            ，我们来了        </p>        <div id=\"_j_photo_582953655\" data-seq=\"582953764\" data-pid=\"582953655\" class=\"add_pic _j_anchorcnt _j_seqitem\"             style=\"width:680px\">            <a target=\"_blank\" style=\"display: block\" href=\"/photo/10083/scenery_14480116/582953655.html\">                <img class=\"_j_lazyload\"                     style=\"height: 453px; width: 680px; background: rgb(252, 242, 220); display: block;\"                     src=\"/wKgE2l0MkE-AQdsEAAe-IMNfruo335.jpg\" alt=\"\">            </a>            <span class=\"pic_tag\">                <a href=\"/travel-scenic-spot/mafengwo/11045.html\" target=\"_blank\" class=\"_j_anchor\">                    <i class=\"house\"></i>曼谷                </a>            </span>        </div>        <p class=\"_j_note_content _j_seqitem\" data-seq=\"672254200\">            <a href=\"/travel-scenic-spot/mafengwo/11045.html\" class=\"link _j_keyword_mdd\" data-kw=\"曼谷\" target=\"_blank\">曼谷</a>            的第二天我们睡到自然醒，一觉到了午饭饭点的时间，就在酒店下面随便找了一家            <a href=\"/travel-scenic-spot/mafengwo/10083.html\" class=\"link _j_keyword_mdd\" data-kw=\"泰国\" target=\"_blank\">泰国</a>            菜，材料很新鲜，咖喱蟹和大虾口感非常好，就是冬阴功汤味道有点吃不惯，不知道是不是本来就是这个味，还是说这家做的比较特殊，反正我们四个人都吃不来，芒果糯米饭的糯米椰香满满，就是芒果有点酸。        </p>        <div id=\"_j_photo_582953669\" data-seq=\"582953778\" data-pid=\"582953669\" class=\"add_pic _j_anchorcnt _j_seqitem\"             style=\"width:680px\">            <a target=\"_blank\" style=\"display: block\" href=\"/photo/10083/scenery_14480116/582953669.html\">                <img class=\"_j_lazyload\"                     style=\"height: 453px; width: 680px; background: rgb(252, 242, 220); display: block;\"                     src=\"/wKgE2l0MkF6AIzcoAAZZR9u3ZYI924.jpg\" alt=\"\">            </a>            <span class=\"pic_tag\">                <a href=\"/travel-scenic-spot/mafengwo/11045.html\" target=\"_blank\" class=\"_j_anchor\">                    <i class=\"house\"></i>曼谷                </a>            </span>        </div>    </div>    <div class=\"block-loading loading_forward\"></div></div>');
INSERT INTO `travel_content` VALUES (12, '<div class=\"va_con _j_master_content\" data-cs-t=\"ginfo_kw_hotel\">    <div class=\"block-loading loading_backward\"></div>    <div class=\"_j_content_box\">        <p class=\"_j_note_content _j_seqitem\" data-seq=\"676208198\">            动不动手写这篇游记，我有过纠结。ok，fine.我承认就犹豫了十分钟，因为有太多人，为我创造故事的人想记录。anyway， 既然决定要写，那么，咱们就得像小学英语作文一样严格要求，依次排列，一个个来咆哮：<br>            <br>            是谁！告诉我，六月的格国穿秋装？<br>            是谁！告诉我，这里消费超级低？<br>            是谁！告诉我，格国人英语糟糕到基础会话都不行？<br>            是谁！告诉我，西格纳吉美到赞？<br>            是谁！告诉我，所有格国人民都非常友好？<br>            是谁！告诉我，去            <a href=\"/travel-scenic-spot/mafengwo/10234.html\" class=\"link _j_keyword_mdd\" data-kw=\"格鲁吉亚\"               target=\"_blank\">格鲁吉亚</a>            选择南航方便省钱省心！！！！！<br>            开篇留悬念，结尾做总结（不准直接拉到最后！）        </p>        <div id=\"_j_photo_687116594\" data-seq=\"687116598\" data-pid=\"687116594\" class=\"add_pic _j_anchorcnt _j_seqitem\"             style=\"width:212px\">            <a target=\"_blank\" style=\"display: block\" href=\"/photo/10234/scenery_14449540/687116594.html\">                <img class=\"\" style=\"height: 203px; width: 212px; background: rgb(252, 242, 220); display: block;\"                     src=\"/wKgE2l0Z7XyAE3MXAABNDz5rnjo047.jpg\" alt=\"\">            </a>        </div>        <p class=\"_j_note_content _j_seqitem\" data-seq=\"687126400\">            严格来说，            <a href=\"/travel-scenic-spot/mafengwo/10234.html\" class=\"link _j_keyword_mdd\" data-kw=\"格鲁吉亚\"               target=\"_blank\">格鲁吉亚</a>            是我第一次真正一个人旅途国外&zwj;。选中它的理由，很傻。只因一张图，只因公众号将它写得很美好，只因它适合女性一人旅行。<br>            <br>            <br>            此次本人照片90%为自拍，10%为路上结伴朋友拍。自拍没什么难，一副三脚架，一个定时遥控器能搞定。<br>            <br>            后面故事有些长，有些故事有意思。        </p>        <div data-seq=\"676195224\" data-index=\"1\" class=\"article_title _j_anchorcnt _j_seqitem\">            <h2 class=\"t9\"><span class=\"_j_anchor\">1.我爱第比利斯，表白无数次，爱爱爱不完</span></h2>        </div>        <p class=\"_j_note_content _j_seqitem\" data-seq=\"575434355\">            还未落地            <a href=\"/travel-scenic-spot/mafengwo/10234.html\" class=\"link _j_keyword_mdd\" data-kw=\"格鲁吉亚\"               target=\"_blank\">格鲁吉亚</a>            ，我就已经在朋友圈不断散发负能量，各种哀嚎。被骗上的贼船（南航）临出发前无理由地取消从            <a href=\"/travel-scenic-spot/mafengwo/10132.html\" class=\"link _j_keyword_mdd\" data-kw=\"厦门\" target=\"_blank\">厦门</a>            飞            <a href=\"/travel-scenic-spot/mafengwo/10088.html\" class=\"link _j_keyword_mdd\" data-kw=\"广州\" target=\"_blank\">广州</a>            的航班，此举动，十分正式地奠定这趟旅行无法走得平稳。<br>            <a href=\"/travel-scenic-spot/mafengwo/66006.html\" class=\"link _j_keyword_mdd\" data-kw=\"第比利斯\"               target=\"_blank\">第比利斯</a>            的第一日，也是            <a href=\"/travel-scenic-spot/mafengwo/10234.html\" class=\"link _j_keyword_mdd\" data-kw=\"格鲁吉亚\"               target=\"_blank\">格鲁吉亚</a>            旅途第一日，很完美，完美得让我误以为后续也会如此完美～当然，生活就是会时常带给你刺激，再经历西格纳吉与            <a href=\"/travel-scenic-spot/mafengwo/66008.html\" class=\"link _j_keyword_mdd\" data-kw=\"库塔伊西\"               target=\"_blank\">库塔伊西</a>            的连续            <a href=\"/travel-scenic-spot/mafengwo/61617.html\" class=\"link _j_keyword_mdd\" data-kw=\"滑铁卢\" target=\"_blank\">滑铁卢</a>            后，回到            <a href=\"/travel-scenic-spot/mafengwo/66006.html\" class=\"link _j_keyword_mdd\" data-kw=\"第比利斯\"               target=\"_blank\">第比利斯</a>            怀抱的我，终于又在朋友圈闪闪发光！<br>            <br>            yolo说，你终于不丧了。<br>            <br>            是啊，如果问我，            <a href=\"/travel-scenic-spot/mafengwo/10234.html\" class=\"link _j_keyword_mdd\" data-kw=\"格鲁吉亚\"               target=\"_blank\">格鲁吉亚</a>            给你这趟旅行最大的感动是哪里，毫无疑问，是在            <a href=\"/travel-scenic-spot/mafengwo/66006.html\" class=\"link _j_keyword_mdd\" data-kw=\"第比利斯\"               target=\"_blank\">第比利斯</a>            里遇到的人、事、物。当然，若非前面沉重的打击，或许我并不会如此感慨            <a href=\"/travel-scenic-spot/mafengwo/66006.html\" class=\"link _j_keyword_mdd\" data-kw=\"第比利斯\"               target=\"_blank\">第比利斯</a>            的优秀（美好总是需要衬托的，不是hhh？）<br>            <br>            <a href=\"/travel-scenic-spot/mafengwo/66006.html\" class=\"link _j_keyword_mdd\" data-kw=\"第比利斯\"               target=\"_blank\">第比利斯</a>            ，一个在出发前研究透彻的城市，一个临行前，我便已感觉会深深爱上的城市。        </p>        <div data-seq=\"561410411\" data-index=\"2\" class=\"article_title _j_anchorcnt _j_seqitem\">            <h2 class=\"t1\"><span class=\"_j_anchor\">&gt;  献上我的头盖骨</span></h2>        </div>        <p class=\"_j_note_content _j_seqitem\" data-seq=\"581016259\">            .<br>            <br>            Georgia national museum<br>            3/10 Shota Rustaveli Ave, Tbilisi 0105, Georgia<br>            ：            <a href=\"http://museum.ge/?lang_id=ENG\" data-kw=\"http://museum.ge/?lang_id=ENG\" target=\"_blank\">http://museum.ge/?lang_id=ENG</a>            <br>            周二至周日10:00-18:00 （夏季10:00-20:00）<br>            成人7GEL，学生1GEL，讲解10GEL<br>            <br>            5月31日，天气极致晴朗，也不知是天气太好还是过于兴奋，早早我就睁眼了。那时候，时差还没倒过来。瞄了眼早已被调换过来的手机时间：            <a href=\"/travel-scenic-spot/mafengwo/10234.html\" class=\"link _j_keyword_mdd\" data-kw=\"格鲁吉亚\"               target=\"_blank\">格鲁吉亚</a>            早晨六点。躺在床上，仰起头，眼睛瞥向窗户外，一头能见电视塔，另一头则是能见母亲堡垒附近的上山步道，那瞬，我顿时兴奋得像个三岁孩子，腾地从床上坐起，拿起手便给电话另一头的污妹录了一段视频。<br>            我说，我到啦，是不是好漂亮！<br>            <br>            关注过我的人应该都知道，我没啥优点，就是爱逛博物馆hhhhh。国属也好，私人也好，只要它是博物馆，我就会想去踩踩。<br>            第一日，行走在接下来会反反复复走到吐的那条街道上，我各种拍各种稀奇（这幅模样确实没好过从不出远门的乡下二愣子）。那条街的尽头，是出名的自由广场。绕着自由广场的环形，我走错了两个地下            <a href=\"/travel-scenic-spot/mafengwo/18875.html\" class=\"link _j_keyword_mdd\" data-kw=\"通道\" target=\"_blank\">通道</a>            （迷路菜上线），终于在路边摆摊的大叔那儿知道，要去的博物馆就在正前方不远处。<br>            大叔问我，where are you from？（请记住这句话，后头很有用）<br>            我回答，china。<br>            大叔说，ohhh，beautiful chinese girl！<br>            刚想说大叔好眼光，他后头就紧接着问我要不要包车，要不要去            <a href=\"/travel-scenic-spot/mafengwo/140116.html\" class=\"link _j_keyword_mdd\" data-kw=\"卡兹别克\"               target=\"_blank\">卡兹别克</a>              然后硬塞一张名片到我手里。我幡然醒悟。夸赞，哼！到哪国都是销售的好手段！<br>            <br>        </p>        <div id=\"_j_photo_561442027\" data-seq=\"561442031\" data-pid=\"561442027\" class=\"add_pic _j_anchorcnt _j_seqitem\"             style=\"width:680px\" data-poiid=\"32525530\">            <a target=\"_blank\" style=\"display: block\" href=\"/photo/10234/scenery_14449540/561442027.html\">                <img class=\"\" style=\"height: 453px; width: 680px; background: rgb(252, 242, 220); display: block;\"                     src=\"/wKgE2l0F9UCAfBWLAB9Apbns9gU251.jpg\" alt=\"\">            </a>            <span class=\"pic_tag\">                <a href=\"/poi/32525530.html\" class=\"_j_anchor\" data-poiid=\"32525530\" target=\"_blank\"                   data-cs-p=\"ginfo_img_poi_new\">                    <i class=\"house\"></i>格鲁吉亚国家博物馆                </a>            </span>        </div>        <p class=\"_j_note_content _j_seqitem\" data-seq=\"590409758\">            不得不说，这头盖骨的陈列方式，我真的爱了！！一颗颗头盖骨被底下的灯光照得像一颗颗高级大钻戒似的。        </p>        <div id=\"_j_photo_561442028\" data-seq=\"561442032\" data-pid=\"561442028\" class=\"add_pic _j_anchorcnt _j_seqitem\"             style=\"width:680px\">            <a target=\"_blank\" style=\"display: block\" href=\"/photo/10234/scenery_14449540/561442028.html\">                <img class=\"_j_lazyload\"                     style=\"height: 453px; width: 680px; background: rgb(252, 242, 220); display: block;\"                     src=\"/wKgE2l0F9UqASuLvACDGyxN2pKI216.jpg\" alt=\"\">            </a>        </div>        <p class=\"_j_note_content _j_seqitem\" data-seq=\"590433315\">            谈及这张照片，又有一段令人难忘的故事。<br>            <br>            拍摄这张照片的时候，这间藏着            <a href=\"/travel-scenic-spot/mafengwo/10234.html\" class=\"link _j_keyword_mdd\" data-kw=\"格鲁吉亚\"               target=\"_blank\">格鲁吉亚</a>            以前使用的生活器皿及战斗工具的藏馆里，就只有我与另外三个外国人。我们分一左一右地参观，我在左边，他们在右边。看着看着，最终汇聚到中间的展示台下。看到这小人的第一眼，我一下子便联想到污妹（不承认是背锅），我迅速拿起相机，咔嚓拍了一张，打算回头发给她看。<br>            我不知道三位外国人里有没有人发现我特地拉近了镜头，可我知道，我听到了他们中唯一的那位男士说，so big！<br>            <br>            .        </p>        <div id=\"_j_photo_561445786\" data-seq=\"561445790\" data-pid=\"561445786\" class=\"add_pic _j_anchorcnt _j_seqitem\"             style=\"width:680px\">            <a target=\"_blank\" style=\"display: block\" href=\"/photo/10234/scenery_14449540/561445786.html\">                <img class=\"_j_lazyload\"                     style=\"height: 453px; width: 680px; background: rgb(252, 242, 220); display: block;\"                     src=\"/wKgE2l0F9aaAdsyAABsASO2V6ks222.jpg\" alt=\"\">            </a>        </div>        <div data-seq=\"561459317\" data-index=\"3\" class=\"article_title _j_anchorcnt _j_seqitem\">            <h2 class=\"t1\"><span class=\"_j_anchor\">&gt;  渔夫和tamada，谁更深刻？</span></h2>        </div>        <p class=\"_j_note_content _j_seqitem\" data-seq=\"581030033\">            .<br>            <br>            national gallery<br>            3, Rustaveli Ave., Tbilisi, Georgia<br>            <a href=\"http://museum.ge/index.php?lang_id=ENG&amp;amp;amp;amp;amp;amp;amp;amp;sec_id=54\"               data-kw=\"http://museum.ge/index.php?lang_id=ENG&amp;amp;amp;amp;amp;amp;amp;amp;amp;sec_id=54\"               target=\"_blank\">http://museum.ge/index.php?lang_id=ENG&amp;amp;amp;amp;amp;amp;amp;amp;amp;sec_id=54</a>            <br>            周二至周日10:00-18:00<br>            成人 7GEL<br>            <br>            <a href=\"/travel-scenic-spot/mafengwo/66006.html\" class=\"link _j_keyword_mdd\" data-kw=\"第比利斯\"               target=\"_blank\">第比利斯</a>            的地下            <a href=\"/travel-scenic-spot/mafengwo/18875.html\" class=\"link _j_keyword_mdd\" data-kw=\"通道\" target=\"_blank\">通道</a>            口随处可见露天书，书摊上最耀眼的封面，永远都是那位猫眼红衣带斗笠的男人，他有个简约直白的名字“渔夫”。可惜，至今我也还没搞懂，为啥，唯独他如此出名！<br>            <br>            那天我从国博出来，已是太阳最热烈的时段，外头街道行人也不似进门时那么零星。博物馆里，我被善良的小姐姐告知，“渔夫”图并不在国博，国博是历史博物馆，并非艺术博物馆。<br>            想看书画？去隔壁吧！！<br>            <br>            位于国博直线距离一分钟步程的艺术馆，门票依旧是7lari，当时我全身上下仅有一枚一元硬币（纸钞大户）凑不成零钱买票，最后掏出大额钞票100lari递了上去。售票的帅气小哥抬眸，静静地看着我            ，想必预想我有下一步动作。可半分钟过去，我不动，他不动，俩人以某种尴尬气氛僵持。<br>            最后是他先开口，他问，有没有两元，我答没有，随后就见他迅速低头，在钱柜里捣腾，翻找出几十枚硬币，全是上头印着20与10（数字很大，但是类似于            <a href=\"/travel-scenic-spot/mafengwo/21536.html\" class=\"link _j_keyword_mdd\" data-kw=\"中国\" target=\"_blank\">中国</a>            的2分和1分）的硬币。几十枚啊！！！！我心里真的一阵～<br>            揣着几十枚硬币认认真真看完展才发现售票处的右手边有间goods。灵机一动，我到里头转了一圈，认真研究之后，选定了一份9lari的产品。哗啦啦地将手中几十枚硬币甩到收银台上的收银碟子里的那瞬间，真的是，爽！而那几十枚小硬币跟着我在艺术馆内绕了一圈，辗转又回到艺术馆的钱柜里。<br>            <br>            .        </p>        <div id=\"_j_photo_561462735\" data-seq=\"561462748\" data-pid=\"561462735\" class=\"add_pic _j_anchorcnt _j_seqitem\"             style=\"width:680px\">            <a target=\"_blank\" style=\"display: block\" href=\"/photo/10234/scenery_14449540/561462735.html\">                <img class=\"_j_lazyload\"                     style=\"height: 453px; width: 680px; background: rgb(252, 242, 220); display: block;\"                     src=\"/wKgE2l0F91WAQEhTACbYYaXkbfU846.jpg\" alt=\"\">            </a>        </div>    </div>    <div class=\"block-loading loading_forward\"></div></div>');
INSERT INTO `travel_content` VALUES (13, '<div class=\"va_con _j_master_content\" data-cs-t=\"ginfo_kw_hotel\">    <div class=\"block-loading loading_backward\"></div>    <div class=\"_j_content_box\">        <p class=\"_j_note_content _j_seqitem\" data-seq=\"546983378\">            【5家书店】：诚品书店、            <a href=\"/travel-scenic-spot/mafengwo/61851.html\" class=\"link _j_keyword_mdd\" data-kw=\"北角\" target=\"_blank\">北角</a>            森记、见山书店、田园书屋、KUBRICK<br>            <br>            【7处景观】：大馆、长洲岛、深水埗、西营盘、天星小轮、菜市场、            <a href=\"/travel-scenic-spot/mafengwo/10189.html\" class=\"link _j_keyword_mdd\" data-kw=\"香港\" target=\"_blank\">香港</a>            街头<br>            <br>            【8家餐厅】：米其林推荐【英记面家】、当地人推荐【兰芳园】【南记粉面】等<br>            <br>            三天半，拨开            <a href=\"/travel-scenic-spot/mafengwo/10189.html\" class=\"link _j_keyword_mdd\" data-kw=\"香港\" target=\"_blank\">香港</a>            的浮华表面，用相机呈现我眼中的港式文艺。<br>            <br>        </p>        <div id=\"_j_photo_547623028\" data-seq=\"547623037\" data-pid=\"547623028\" class=\"add_pic _j_anchorcnt _j_seqitem\"             style=\"width:680px\">            <a target=\"_blank\" style=\"display: block\" href=\"/photo/10189/scenery_13582798/547623028.html\">                <img class=\"\" style=\"height: 1020px; width: 680px; background: rgb(252, 242, 220); display: block;\"                     src=\"/wKgE2lz-AXaAMHcoAANMv5DtuKk663.jpg\" alt=\"\">            </a>        </div>        <div data-seq=\"538645308\" data-index=\"1\" class=\"article_title _j_anchorcnt _j_seqitem\">            <h2 class=\"t9\"><span class=\"_j_anchor\">计划之外的【诚品书店】</span></h2>        </div>        <p class=\"_j_note_content _j_seqitem\" data-seq=\"538484081\">            这是这次出行的第一站，先从诚品书店讲起吧。<br>            <br>            起了个早，楼下跟朋友吃完早饭，翻看之前在地图上标记的书店位置，盘算着该先去哪里，在google            map搜索路线的时候发现要去的那几个书店最早11点开门，晚的要下午一两点，会一直营业到深夜。而今天要去的大馆也是11点才可以开始参观。<br>            <br>            看了看表才9点多，离书店开门还有1个多小时，去哪呢？想起在某书app上看到铜锣湾信和广场有卖游戏和卡通手办的铺子，于是走起去地铁站，向铜锣湾出发。<br>            <br>            开始下雨了，上坡，下坡，空气里有一种潮湿的味道，我恍惚了一下，这是在哪里？像是            <a href=\"/travel-scenic-spot/mafengwo/10130.html\" class=\"link _j_keyword_mdd\" data-kw=\"首尔\" target=\"_blank\">首尔</a>            ，有上上下下的小路，也像            <a href=\"/travel-scenic-spot/mafengwo/11045.html\" class=\"link _j_keyword_mdd\" data-kw=\"曼谷\" target=\"_blank\">曼谷</a>            ，街道有            <a href=\"/travel-scenic-spot/mafengwo/14936.html\" class=\"link _j_keyword_mdd\" data-kw=\"东南亚\" target=\"_blank\">东南亚</a>            的潮湿气息。<br>        </p>        <div id=\"_j_photo_538498296\" data-seq=\"538498396\" data-pid=\"538498296\" class=\"add_pic _j_anchorcnt _j_seqitem\"             style=\"width:680px\">            <a target=\"_blank\" style=\"display: block\" href=\"/photo/10189/scenery_13582798/538498296.html\">                <img class=\"_j_lazyload\"                     style=\"height: 510px; width: 680px; background: rgb(252, 242, 220); display: block;\"                     src=\"/wKgBEFz4beeAd0esABYEi-lh2QE656.jpg\" alt=\"\">            </a>        </div>        <p class=\"_j_note_content _j_seqitem\" data-seq=\"538646661\">            出了铜锣湾地铁站，沿着地图找信和广场都费了很多时间，地图上的箭头并不像熟悉的百度地图一样精确，往往走一段要停一下等很久，等地图上的指针归位到正确的点之后再开始出发，不然走的就都是错路。<br>            <br>            目的地在信和广场M层，然而进到信和广场之后并没有找到M层，再翻某书，看到有人说要从2层转到M层，上到2层之后也没有去M层的路，所以……是我走错地方了还是M层根本不存在？<br>        </p>        <p class=\"_j_note_content _j_seqitem\" data-seq=\"538650869\">            当然，这个鬼地图还是带着我走了很多错路，于是我去问了停车场旁边的工作人员，一口流利的粤语让我在原地琢磨了半天，嗯…..他好像是跟我说要右拐进商场里面，我试试。<br>            <br>            是的，我找到了，商场8-10层都是诚品书店的天下，电梯扶手直达，果然不亏是三家诚品中最大的一家，在寸土寸金的铜锣湾可以说是非常豪气了。<br>            <br>            左翻页繁体书在国内店里也有看过，但是这里大部分都是这样的书籍，沉浸在这样的氛围里还是有一种奇妙的感觉。        </p>        <div id=\"_j_photo_538509954\" data-seq=\"538510055\" data-pid=\"538509954\" class=\"add_pic _j_anchorcnt _j_seqitem\"             style=\"width:680px\" data-poiid=\"8079908\">            <a target=\"_blank\" style=\"display: block\" href=\"/photo/10189/scenery_13582798/538509954.html\">                <img class=\"_j_lazyload\"                     style=\"height: 453px; width: 680px; background: rgb(252, 242, 220); display: block;\"                     src=\"/wKgBEFz4c1-AJkgoAAgSOXqXkxI531.jpg\" alt=\"\">            </a>            <span class=\"pic_tag\">                <a href=\"/poi/8079908.html\" class=\"_j_anchor\" data-poiid=\"8079908\" target=\"_blank\"                   data-cs-p=\"ginfo_img_poi_new\">                    <i class=\"play\"></i>北角森记图书公司                </a>            </span>        </div>        <p class=\"_j_note_content _j_seqitem\" data-seq=\"547036088\">            来之前在网上看到关于这件书店的故事，搬过来给大家看看<br>            <br>            “1978年，现在的老板陈琁初来            <a href=\"/travel-scenic-spot/mafengwo/10189.html\" class=\"link _j_keyword_mdd\" data-kw=\"香港\" target=\"_blank\">香港</a>            ，应聘到开业不久的森记图书公司工作。在内地时，陈家住在            <a href=\"/travel-scenic-spot/mafengwo/10132.html\" class=\"link _j_keyword_mdd\" data-kw=\"厦门\" target=\"_blank\">厦门</a>            ，父母都是集美航海学院的教师，，母亲则被派到图书馆做管理员。小陈琁于是有机会在图书馆里度过童年，因祸得福，发现了阅读的快乐。<br>            <br>            在书店工作的她，虽然收入不高，但是乐在其中。 1980年代初期，森记的老板准备移民海外。有一天，他把陈琁叫到跟前说：以后这家店就由你来做老板吧。<br>            <br>            陈琁说：我是很想做老板，可是我不够钱盘下来。<br>            老板拿出一张存折，对陈琁说：不用你现在给钱，从今往后赚了钱，就存到这张存折里，慢慢把钱给我。<br>            <br>            陈旋就这样成为了老板。<br>            <br>            大概是因为这个承诺，这些年来尽管业主租金加倍，但她仍说：我一直有个信念，从来没想过有一日会不做，再辛苦也会挨下去。虽然经营困难，但我好想告诉别人读书好重要，不可以一日无书。<br>            <br>            就这样，她坚持了三十多年。”        </p>        <div id=\"_j_photo_538498390\" data-seq=\"538498490\" data-pid=\"538498390\" class=\"add_pic _j_anchorcnt _j_seqitem\"             style=\"width:680px\" data-poiid=\"8079908\">            <a target=\"_blank\" style=\"display: block\" href=\"/photo/10189/scenery_13582798/538498390.html\">                <img class=\"_j_lazyload\"                     style=\"height: 453px; width: 680px; background: rgb(252, 242, 220); display: block;\"                     src=\"/wKgBEFz4bziACgkFAAfyXgtEj8k609.jpg\" alt=\"\">            </a>            <span class=\"pic_tag\">                <a href=\"/poi/8079908.html\" class=\"_j_anchor\" data-poiid=\"8079908\" target=\"_blank\"                   data-cs-p=\"ginfo_img_poi_new\">                    <i class=\"play\"></i>北角森记图书公司                </a>            </span>        </div>        <p class=\"_j_note_content _j_seqitem\" data-seq=\"538532807\">            书店的女主人不在，看店的是一个年轻小伙子，我问他店里可以拍照吗，他愣了一下说可以。        </p>        <p class=\"_j_note_content _j_seqitem\" data-seq=\"538542114\">            小伙子镜头感不错啊        </p>    </div>    <div class=\"block-loading loading_forward\"></div></div>');
INSERT INTO `travel_content` VALUES (14, '<div class=\"va_con _j_master_content\" data-cs-t=\"ginfo_kw_hotel\">    <div class=\"block-loading loading_backward\"></div>    <div class=\"_j_content_box\">        <div data-seq=\"547818604\" data-index=\"1\" class=\"article_title _j_anchorcnt _j_seqitem\">            <h2 class=\"t9\"><span class=\"_j_anchor\">【归期】前故作镇定</span></h2>        </div>        <p class=\"_j_note_content _j_seqitem\" data-seq=\"547849198\">            巴蜀之国，美食之都。<br>            全国人民都知道            <a href=\"/travel-scenic-spot/mafengwo/12703.html\" class=\"link _j_keyword_mdd\" data-kw=\"四川\" target=\"_blank\">四川</a>            好吃的多，            <a href=\"/travel-scenic-spot/mafengwo/10035.html\" class=\"link _j_keyword_mdd\" data-kw=\"成都\" target=\"_blank\">成都</a>            好吃的多；<br>            而            <a href=\"/travel-scenic-spot/mafengwo/12703.html\" class=\"link _j_keyword_mdd\" data-kw=\"四川\" target=\"_blank\">四川</a>            人民一定知道：            <a href=\"/travel-scenic-spot/mafengwo/11273.html\" class=\"link _j_keyword_mdd\" data-kw=\"乐山\" target=\"_blank\">乐山</a>            美食多！<br>            作为一个            <a href=\"/travel-scenic-spot/mafengwo/11273.html\" class=\"link _j_keyword_mdd\" data-kw=\"乐山\" target=\"_blank\">乐山</a>            人，从小吃到大的食物本来并没有什么特别感受。但是！当我离开            <a href=\"/travel-scenic-spot/mafengwo/11273.html\" class=\"link _j_keyword_mdd\" data-kw=\"乐山\" target=\"_blank\">乐山</a>            去外地上大学，当我毕业在            <a href=\"/travel-scenic-spot/mafengwo/10035.html\" class=\"link _j_keyword_mdd\" data-kw=\"成都\" target=\"_blank\">成都</a>            工作，当我现在之身在魔都打拼……这些远离家乡的日子，才知道什么是乡愁。而我的乡愁里，填满了美食二字！        </p>        <div id=\"_j_photo_556295743\" data-seq=\"556295744\" data-pid=\"556295743\" class=\"add_pic _j_anchorcnt _j_seqitem\"             style=\"width:680px\">            <a target=\"_blank\" style=\"display: block\" href=\"/photo/11273/scenery_13711489/556295743.html\">                <img class=\"\" style=\"height: 510px; width: 680px; background: rgb(252, 242, 220); display: block;\"                     src=\"/wKgE2l0DdqiANysOABGDhCNIFTU518.jpg\" alt=\"\">            </a>            <span class=\"pic_tag\">                <a href=\"/travel-scenic-spot/mafengwo/11273.html\" target=\"_blank\" class=\"_j_anchor\">                    <i class=\"house\"></i>乐山                </a>            </span>        </div>        <p class=\"_j_note_content _j_seqitem\" data-seq=\"556295745\">            <br>            端午请4休9，决定花个长假回            <a href=\"/travel-scenic-spot/mafengwo/12703.html\" class=\"link _j_keyword_mdd\" data-kw=\"四川\" target=\"_blank\">四川</a>            。提前约了一波吃货朋友~<br>            首先是和来接驾的塑料姐妹花，在            <a href=\"/travel-scenic-spot/mafengwo/10035.html\" class=\"link _j_keyword_mdd\" data-kw=\"成都\" target=\"_blank\">成都</a>            认真的吃了两天火锅串串麻辣烫~        </p>        <div id=\"_j_photo_555287007\" data-seq=\"555287009\" data-pid=\"555287007\" class=\"add_pic _j_anchorcnt _j_seqitem\"             style=\"width:680px\">            <a target=\"_blank\" style=\"display: block\" href=\"/photo/11273/scenery_13711489/555287007.html\">                <img class=\"\" style=\"height: 382px; width: 680px; background: rgb(252, 242, 220); display: block;\"                     src=\"/wKgE2l0C_QOAGD0PAAjbXosf5f4533.jpg\" alt=\"\">            </a>            <span class=\"pic_tag\">                <a href=\"/travel-scenic-spot/mafengwo/10035.html\" target=\"_blank\" class=\"_j_anchor\">                    <i class=\"house\"></i>成都                </a>            </span>        </div>        <div data-seq=\"551930627\" data-index=\"3\" class=\"article_title _j_anchorcnt _j_seqitem\">            <h2 class=\"t9\"><span class=\"_j_anchor\">/ 小豆海棠 豆腐脑+咔饼天生一对</span></h2>        </div>        <p class=\"_j_note_content _j_seqitem\" data-seq=\"551934505\">            <a href=\"/travel-scenic-spot/mafengwo/11273.html\" class=\"link _j_keyword_mdd\" data-kw=\"乐山\" target=\"_blank\">乐山</a>            的豆腐脑，绝对是和            <a href=\"/travel-scenic-spot/mafengwo/10035.html\" class=\"link _j_keyword_mdd\" data-kw=\"成都\" target=\"_blank\">成都</a>            以及各地市面上的豆腐脑不一样的。豆花很脆很碎，入口即化，融在粘稠浓郁的汤汁勾芡的汤头里，配着辅料，缺一不可。而这个辅料，经过历史演变，现已经变成：炒黄豆、炒花生米、大头菜…… 汤汁里可根据个人口味，加入醋、辣椒油。        </p>        <p class=\"_j_note_content _j_seqitem\" data-seq=\"555870421\">            豆腐脑的绝配，那就是咔饼了。所谓咔饼，就是面饼里面+馅儿，精华就在于这个馅儿。老板会问你：咔肥肠还是牛肉，你可以选择：双拼！肥肠、牛肉又属于            <a href=\"/travel-scenic-spot/mafengwo/11273.html\" class=\"link _j_keyword_mdd\" data-kw=\"乐山\" target=\"_blank\">乐山</a>            另一道名小吃——蒸笼肉。它可以成为独立的一道菜，它更是各种搭配的翘楚。不吃咔饼的，也可以选择在豆腐脑里面直接加蒸肉。<br>            <br>            ☆【小豆海棠（            <a href=\"/travel-scenic-spot/mafengwo/11681.html\" class=\"link _j_keyword_mdd\" data-kw=\"嘉兴\" target=\"_blank\">嘉兴</a>            路店 ）】            <a href=\"/travel-scenic-spot/mafengwo/11681.html\" class=\"link _j_keyword_mdd\" data-kw=\"嘉兴\" target=\"_blank\">嘉兴</a>            路300号        </p>        <div id=\"_j_photo_559502725\" data-seq=\"559502726\" data-pid=\"559502725\" class=\"add_pic _j_anchorcnt _j_seqitem\"             style=\"width:680px\" data-poiid=\"34272580\">            <a target=\"_blank\" style=\"display: block\" href=\"/photo/11273/scenery_13711489/559502725.html\">                <img class=\"_j_lazyload\"                     style=\"height: 453px; width: 680px; background: rgb(252, 242, 220); display: block;\"                     src=\"/wKgE2l0E5qiABJyzAAhMA9NL0Uo460.jpg\" alt=\"\">            </a>            <span class=\"pic_tag\">                <a href=\"/poi/34272580.html\" class=\"_j_anchor\" data-poiid=\"34272580\" target=\"_blank\"                   data-cs-p=\"ginfo_img_poi_new\">                    <i class=\"food\"></i>小豆海棠                </a>            </span>        </div>        <p class=\"_j_note_content _j_seqitem\" data-seq=\"559502727\">            这家看起来有点“网红”的店，实际是很好吃的，是陪吃团一号，            <a href=\"/travel-scenic-spot/mafengwo/140583.html\" class=\"link _j_keyword_mdd\" data-kw=\"通江\" target=\"_blank\">通江</a>            一姐，小茗嫂子的心头好。<br>            酥肉豆腐脑+ 馓子，肥肠咔饼，一不小心光了盘，看到碗底的小清新文字。        </p>        <div id=\"_j_photo_555755520\" data-seq=\"555755521\" data-pid=\"555755520\" class=\"add_pic _j_anchorcnt _j_seqitem\"             style=\"width:680px\" data-poiid=\"34272580\">            <a target=\"_blank\" style=\"display: block\" href=\"/photo/11273/scenery_13711489/555755520.html\">                <img class=\"_j_lazyload\"                     style=\"height: 493px; width: 680px; background: rgb(252, 242, 220); display: block;\"                     src=\"/wKgE2l0DOfaAAkyuAAq9yS-ZqCw644.jpg\" alt=\"\">            </a>            <span class=\"pic_tag\">                <a href=\"/poi/34272580.html\" class=\"_j_anchor\" data-poiid=\"34272580\" target=\"_blank\"                   data-cs-p=\"ginfo_img_poi_new\">                    <i class=\"food\"></i>小豆海棠                </a>            </span>        </div>        <p class=\"_j_note_content _j_seqitem\" data-seq=\"555849255\">            PS:            <a href=\"/travel-scenic-spot/mafengwo/11273.html\" class=\"link _j_keyword_mdd\" data-kw=\"乐山\" target=\"_blank\">乐山</a>            吃面，可以是早上，也可以是半夜；可以配豆浆，也可以配啤酒。            <a href=\"/travel-scenic-spot/mafengwo/144126.html\" class=\"link _j_keyword_mdd\" data-kw=\"上高\" target=\"_blank\">上高</a>            中的时候，下了晚自习饿了、上网出来饿了，学生娃儿没有多少钱，那么最能满足的宵夜，一定是一碗面。审计局旁边的鸡杂面，教育局楼下的生椒牛肉面……我吞了一口口水！所以这里把宵夜吃的面一起推荐啦！<br>            <br>            ☆【牛儿风味小吃】张公桥与里仁街交叉口北50米        </p>        <div id=\"_j_photo_559558172\" data-seq=\"559558173\" data-pid=\"559558172\" class=\"add_pic _j_anchorcnt _j_seqitem\"             style=\"width:680px\" data-poiid=\"71284696\">            <a target=\"_blank\" style=\"display: block\" href=\"/photo/11273/scenery_13711489/559558172.html\">                <img class=\"_j_lazyload\"                     style=\"height: 394px; width: 680px; background: rgb(252, 242, 220); display: block;\"                     src=\"/wKgE2l0E7WCAGm5TAAqLWyMxoMA147.jpg\" alt=\"\">            </a>            <span class=\"pic_tag\">                <a href=\"/poi/71284696.html\" class=\"_j_anchor\" data-poiid=\"71284696\" target=\"_blank\"                   data-cs-p=\"ginfo_img_poi_new\">                    <i class=\"shopping\"></i>张公桥好吃街                </a>            </span>        </div>        <p class=\"_j_note_content _j_seqitem\" data-seq=\"559558174\">            这个画风一下就“夜生活”了哈，毕竟它位于著名的游客打卡街——张公桥美食街。<br>            我们先单纯的讲这碗面，酱汁诱人的炸酱面，是他们家的招牌之一，主营各类蒸菜、杂酱面、干绍面、牛肉面。混迹张公桥的社交一姐——小茗姑姑（顿时感觉天下姑姑都是厉害的姑姑哈哈哈哈），三下五除二给我们点好了杂酱面、蒸笼肉，吼着我们赶紧“huo”转，趁热吃才巴适！        </p>        <div id=\"_j_photo_555870453\" data-seq=\"555870454\" data-pid=\"555870453\" class=\"add_pic _j_anchorcnt _j_seqitem\"             style=\"width:680px\" data-poiid=\"71284696\">            <a target=\"_blank\" style=\"display: block\" href=\"/photo/11273/scenery_13711489/555870453.html\">                <img class=\"_j_lazyload\"                     style=\"height: 453px; width: 680px; background: rgb(252, 242, 220); display: block;\"                     src=\"/wKgE2l0DR72AJ_V9AAiEBYD68s8112.jpg\" alt=\"\">            </a>            <span class=\"pic_tag\">                <a href=\"/poi/71284696.html\" class=\"_j_anchor\" data-poiid=\"71284696\" target=\"_blank\"                   data-cs-p=\"ginfo_img_poi_new\">                    <i class=\"shopping\"></i>张公桥好吃街                </a>            </span>        </div>        <div id=\"_j_photo_555870472\" data-seq=\"555870474\" data-pid=\"555870472\" class=\"add_pic _j_anchorcnt _j_seqitem\"             style=\"width:680px\" data-poiid=\"71284696\">            <a target=\"_blank\" style=\"display: block\" href=\"/photo/11273/scenery_13711489/555870472.html\">                <img class=\"_j_lazyload\"                     style=\"height: 1020px; width: 680px; background: rgb(252, 242, 220); display: block;\"                     src=\"/wKgE2l0DR76ASwQXAAkhJtJac4A456.jpg\" alt=\"\">            </a>            <span class=\"pic_tag\">                <a href=\"/poi/71284696.html\" class=\"_j_anchor\" data-poiid=\"71284696\" target=\"_blank\"                   data-cs-p=\"ginfo_img_poi_new\">                    <i class=\"shopping\"></i>张公桥好吃街                </a>            </span>        </div>        <p class=\"_j_note_content _j_seqitem\" data-seq=\"556203451\">            关于面的记忆，还有深刻的高中早饭。作为一名热心的走读生，早上经常要承担帮住校生带早饭的重任。张三一两鸡杂，李四二牛肉，王五一两干哨……我提了大约2斤面吧，迟到了，异常醒目的被门卫逮到，学校是禁止带早饭进去的，所以那个可恶的门卫大哥安排我在校门口把2斤面吃完了再进去！WTF？？？            凭借我的才华与“美貌”，最后面肯定是没吃，但是从此成了班上令人尊敬的英雄哈哈哈哈！<br>        </p>    </div>    <div class=\"block-loading loading_forward\"></div></div>');
INSERT INTO `travel_content` VALUES (15, '<div class=\"va_con _j_master_content\" data-cs-t=\"ginfo_kw_hotel\">    <div class=\"block-loading loading_backward\"></div>    <div class=\"_j_content_box\">        <div data-seq=\"578529731\" data-index=\"1\" class=\"article_title _j_anchorcnt _j_seqitem\">            <h2 class=\"t9\"><span class=\"_j_anchor\">May Peace Be With You</span></h2>        </div>        <p class=\"_j_note_content _j_seqitem\" data-seq=\"578529452\">            2019年4月21日，            <a href=\"/travel-scenic-spot/mafengwo/11058.html\" class=\"link _j_keyword_mdd\" data-kw=\"斯里兰卡\"               target=\"_blank\">斯里兰卡</a>            首都            <a href=\"/travel-scenic-spot/mafengwo/11059.html\" class=\"link _j_keyword_mdd\" data-kw=\"科伦坡\" target=\"_blank\">科伦坡</a>            等多地先后发生8次连环炸弹袭击，涉及至少3座教堂及3家酒店。4月22日，            <a href=\"/travel-scenic-spot/mafengwo/11058.html\" class=\"link _j_keyword_mdd\" data-kw=\"斯里兰卡\"               target=\"_blank\">斯里兰卡</a>            发生第9次爆炸。4月24日，            <a href=\"/travel-scenic-spot/mafengwo/11058.html\" class=\"link _j_keyword_mdd\" data-kw=\"斯里兰卡\"               target=\"_blank\">斯里兰卡</a>            一电影院附近发生爆炸。死伤惨重。<br>            <br>            这个「微笑」的国度开始以一个「恐怖」的形态出现在更多人的视野里。<br>            <br>            2019年4月22日，外交部和            <a href=\"/travel-scenic-spot/mafengwo/21536.html\" class=\"link _j_keyword_mdd\" data-kw=\"中国\" target=\"_blank\">中国</a>            驻            <a href=\"/travel-scenic-spot/mafengwo/11058.html\" class=\"link _j_keyword_mdd\" data-kw=\"斯里兰卡\"               target=\"_blank\">斯里兰卡</a>            大使馆根据斯安全局势状况，发布了请            <a href=\"/travel-scenic-spot/mafengwo/21536.html\" class=\"link _j_keyword_mdd\" data-kw=\"中国\" target=\"_blank\">中国</a>            公民暂勿前往            <a href=\"/travel-scenic-spot/mafengwo/11058.html\" class=\"link _j_keyword_mdd\" data-kw=\"斯里兰卡\"               target=\"_blank\">斯里兰卡</a>            的安全提醒，有效期至2019年5月15日。当时间指到了5月15日时，又根据            <a href=\"/travel-scenic-spot/mafengwo/11058.html\" class=\"link _j_keyword_mdd\" data-kw=\"斯里兰卡\"               target=\"_blank\">斯里兰卡</a>            当前的安全形势，将该安全提醒调整为谨慎前往级别，有效期至2019年5月31日。<br>            <br>            然而，时间一天天过去，紧急状态仍然在一天天延长。6月22日，            <a href=\"/travel-scenic-spot/mafengwo/11058.html\" class=\"link _j_keyword_mdd\" data-kw=\"斯里兰卡\"               target=\"_blank\">斯里兰卡</a>            总统西里塞纳再次宣布，全国紧急状态再次延长一个月。紧急状态是为了保证安全，维护公共秩序。前往            <a href=\"/travel-scenic-spot/mafengwo/11058.html\" class=\"link _j_keyword_mdd\" data-kw=\"斯里兰卡\"               target=\"_blank\">斯里兰卡</a>            目前仍需谨慎谨慎再谨慎！<br>            <br>            当世人都感慨于            <a href=\"/travel-scenic-spot/mafengwo/66290.html\" class=\"link _j_keyword_mdd\" data-kw=\"和平\" target=\"_blank\">和平</a>            时代的战乱是多么的可怕时，你可知，            <a href=\"/travel-scenic-spot/mafengwo/11058.html\" class=\"link _j_keyword_mdd\" data-kw=\"斯里兰卡\"               target=\"_blank\">斯里兰卡</a>            这个国家，10岁以上的人都曾历经战乱。<br>            <br>            当你看到他们咧开嘴灿若阳光的微笑，你可曾想过清澈眼神背后的恐惧和哀伤？<br>            May peace be with you。<br>            <br>            愿爆炸后的            <a href=\"/travel-scenic-spot/mafengwo/11058.html\" class=\"link _j_keyword_mdd\" data-kw=\"斯里兰卡\"               target=\"_blank\">斯里兰卡</a>            可以恢复元气，再次向世人绽放灿烂的微笑。        </p>        <div id=\"_j_photo_578650904\" data-seq=\"578650906\" data-pid=\"578650904\" class=\"add_pic _j_anchorcnt _j_seqitem\"             style=\"width:680px\">            <a target=\"_blank\" style=\"display: block\" href=\"/photo/11058/scenery_14029413/578650904.html\">                <img class=\"\" style=\"height: 450px; width: 680px; background: rgb(252, 242, 220); display: block;\"                     src=\"/wKgE2l0LVqOANJM_AAJTu8k7HYg465.jpg\" alt=\"\">            </a>        </div>        <div data-seq=\"578530502\" data-index=\"2\" class=\"article_title _j_anchorcnt _j_seqitem\">            <h2 class=\"t9\"><span class=\"_j_anchor\">是什么驱使我二访斯里兰卡？</span></h2>        </div>        <p class=\"_j_note_content _j_seqitem\" data-seq=\"578530503\">            在爆炸前的23天前，我抵达了            <a href=\"/travel-scenic-spot/mafengwo/11059.html\" class=\"link _j_keyword_mdd\" data-kw=\"科伦坡\" target=\"_blank\">科伦坡</a>            。<br>            这是我第二次来到            <a href=\"/travel-scenic-spot/mafengwo/11058.html\" class=\"link _j_keyword_mdd\" data-kw=\"斯里兰卡\"               target=\"_blank\">斯里兰卡</a>            。<br>            <br>            说实话，我对            <a href=\"/travel-scenic-spot/mafengwo/11058.html\" class=\"link _j_keyword_mdd\" data-kw=\"斯里兰卡\"               target=\"_blank\">斯里兰卡</a>            并没什么特别的好感，什么微笑的国度，什么            <a href=\"/travel-scenic-spot/mafengwo/10182.html\" class=\"link _j_keyword_mdd\" data-kw=\"印度\" target=\"_blank\">印度</a>            洋上的一滴泪，什么浪漫的海边火车，这些我其实都没有体会到的。16年2月的第一次            <a href=\"/travel-scenic-spot/mafengwo/11058.html\" class=\"link _j_keyword_mdd\" data-kw=\"斯里兰卡\"               target=\"_blank\">斯里兰卡</a>            之行，对这个国家充满了不是很正面的印象——美瑞莎的海水不够清澈、高跷渔夫还要收费、餐食看起来脏脏的、            <a href=\"/travel-scenic-spot/mafengwo/10805.html\" class=\"link _j_keyword_mdd\" data-kw=\"日照\" target=\"_blank\">日照</a>            过于猛烈，身上总是粘粘乎乎、森林小火车拥挤的车厢中散发着种种不可描述的味道……总之，这是一趟不甚美丽毫不浪漫的出行。        </p>        <div id=\"_j_photo_582169711\" data-seq=\"582169712\" data-pid=\"582169711\" class=\"add_pic _j_anchorcnt _j_seqitem\"             style=\"width:680px\" data-poiid=\"9425241\">            <a target=\"_blank\" style=\"display: block\" href=\"/photo/11058/scenery_14029413/582169711.html\">                <img class=\"\" style=\"height: 510px; width: 680px; background: rgb(252, 242, 220); display: block;\"                     src=\"/wKgE2l0MaFOADhHAABMBoMJcV3g043.jpg\" alt=\"\">            </a>            <span class=\"pic_tag\">                <a href=\"/poi/9425241.html\" class=\"_j_anchor\" data-poiid=\"9425241\" target=\"_blank\"                   data-cs-p=\"ginfo_img_poi_new\">                    <i class=\"play\"></i>高山茶园火车                </a>            </span>        </div>        <p class=\"_j_note_content _j_seqitem\" data-seq=\"578651163\">            对于这样一个国度，理论来讲是不可能再此造访的。然而人算不如天算，去年7月，入了自由潜的坑。之后，师父和群里的小伙伴一直在讨论观鲸的事情——要去            <a href=\"/travel-scenic-spot/mafengwo/17753.html\" class=\"link _j_keyword_mdd\" data-kw=\"汤加\" target=\"_blank\">汤加</a>            看大翅鲸，要去斯里兰看蓝鲸和抹香鲸，要去            <a href=\"/travel-scenic-spot/mafengwo/11160.html\" class=\"link _j_keyword_mdd\" data-kw=\"挪威\" target=\"_blank\">挪威</a>            看虎鲸……听得我是心生荡漾、极向往之。但彼此我心中的            <a href=\"/travel-scenic-spot/mafengwo/11058.html\" class=\"link _j_keyword_mdd\" data-kw=\"斯里兰卡\"               target=\"_blank\">斯里兰卡</a>            的海水仍然停留在对美瑞莎的海水认知，谈不上浑浊但也绝不清澈；谈不上灰暗但也绝不蔚蓝；谈不上贫瘠但海底泛白的珊瑚让我觉得那么孤独。因此，一直在犹豫，又想亲眼看看那世界上最大生物，又暗自嘀咕，是否真如师父描述的那般美好。<br>            <br>            最终，所有的担心都抵不过好奇心的驱使。<br>            <br>            于是，在            <a href=\"/travel-scenic-spot/mafengwo/11058.html\" class=\"link _j_keyword_mdd\" data-kw=\"斯里兰卡\"               target=\"_blank\">斯里兰卡</a>            爆炸前的23天，我再次在            <a href=\"/travel-scenic-spot/mafengwo/11059.html\" class=\"link _j_keyword_mdd\" data-kw=\"科伦坡\" target=\"_blank\">科伦坡</a>            机场平稳落地。        </p>        <div id=\"_j_photo_578651195\" data-seq=\"578651196\" data-pid=\"578651195\" class=\"add_pic _j_anchorcnt _j_seqitem\"             style=\"width:680px\">            <a target=\"_blank\" style=\"display: block\" href=\"/photo/11058/scenery_14029413/578651195.html\">                <img class=\"_j_lazyload\"                     style=\"height: 510px; width: 680px; background: rgb(252, 242, 220); display: block;\"                     src=\"/wKgE2l0LVquABLCnAASNtNlh1Ys890.jpg\" alt=\"\">            </a>        </div>        <div data-seq=\"578531381\" data-index=\"3\" class=\"article_title _j_anchorcnt _j_seqitem\">            <h2 class=\"t9\"><span class=\"_j_anchor\">追鲸的日子啊，那是一段云上的时光</span></h2>        </div>        <p class=\"_j_note_content _j_seqitem\" data-seq=\"578531382\">            是的，这一次的            <a href=\"/travel-scenic-spot/mafengwo/11058.html\" class=\"link _j_keyword_mdd\" data-kw=\"斯里兰卡\"               target=\"_blank\">斯里兰卡</a>            ，就是为了追鲸而来。<br>            <br>            提起            <a href=\"/travel-scenic-spot/mafengwo/11058.html\" class=\"link _j_keyword_mdd\" data-kw=\"斯里兰卡\"               target=\"_blank\">斯里兰卡</a>            ，大多数人的第一反应都是高山茶园！海边火车！高跷渔夫！康堤佛牙寺！那么提起            <a href=\"/travel-scenic-spot/mafengwo/11058.html\" class=\"link _j_keyword_mdd\" data-kw=\"斯里兰卡\"               target=\"_blank\">斯里兰卡</a>            追鲸，大部分人的反应是在美瑞莎的海边，坐着大船出海追鲸。<br>            <br>            的确，美瑞莎追鲸不失为一项选择。<br>            <br>            在16年春节，在我还没有中毒自由潜时，在我第一次造访            <a href=\"/travel-scenic-spot/mafengwo/11058.html\" class=\"link _j_keyword_mdd\" data-kw=\"斯里兰卡\"               target=\"_blank\">斯里兰卡</a>            时，我选择在美瑞莎的海边，寻了一家追鲸船，在天刚蒙蒙亮的时候，吞下一粒强效晕船药，随船出海。<br>            <br>            在海上不知颠簸了多久，迷迷糊糊听到有人喊：“Look！Whale！”瞬间清醒，举起相机，抓到了鲸鱼下潜时高高扬在水面上的尾巴。        </p>        <div id=\"_j_photo_578651210\" data-seq=\"578651212\" data-pid=\"578651210\" class=\"add_pic _j_anchorcnt _j_seqitem\"             style=\"width:680px\">            <a target=\"_blank\" style=\"display: block\" href=\"/photo/11058/scenery_14029413/578651210.html\">                <img class=\"_j_lazyload\"                     style=\"height: 453px; width: 680px; background: rgb(252, 242, 220); display: block;\"                     src=\"/wKgE2l0LVquACxXMAAFGlz5aLyk886.jpg\" alt=\"\">            </a>        </div>        <p class=\"_j_note_content _j_seqitem\" data-seq=\"578651221\">            说实话，那次追鲸的体验不是很好，数百人挤在一条船上，味道本身就不是很美妙。再加上晕船体质的我，即便是提前吃了晕船药，也在船上吐得七荤八素。虽然运气极好，但也只看到了鲸鱼的大尾巴。<br>            <br>            谁能想，晕船已经病入膏肓的我，竟然爱上了潜水这项运动。喜欢潜水的朋友都知道，除了岸潜，出海都会坐快艇，运气好点能做一艘大点的船，但是大船又走不了太远。除了船宿，绝大部分跟着大船出海都是以跳岛游为主，潜水只是个附加体验罢了。而当快艇航行在无边无际的大海上时，那个颠簸，我想，你们都懂得。于是每次潜水对于我来讲，都是享受痛苦对半开。很多朋友问我，晕船这么严重，为何还要为难自己，非要去潜水呢。我认为，这就要看痛苦和享受哪个更占上风。而对于我来讲，潜水带来的快感是远远多于晕船带来的痛感。<br>            <br>            OK，扯远了。<br>            <br>            从那次看到鲸鱼的大尾巴之后，就对它庞大而美丽的身体念念不忘。这次二访            <a href=\"/travel-scenic-spot/mafengwo/11058.html\" class=\"link _j_keyword_mdd\" data-kw=\"斯里兰卡\"               target=\"_blank\">斯里兰卡</a>            的主要目的，就是追鲸。而追鲸的目的地也不是耳熟能详的美瑞莎，而是            <a href=\"/travel-scenic-spot/mafengwo/11058.html\" class=\"link _j_keyword_mdd\" data-kw=\"斯里兰卡\"               target=\"_blank\">斯里兰卡</a>            北边的            <a href=\"/travel-scenic-spot/mafengwo/64748.html\" class=\"link _j_keyword_mdd\" data-kw=\"亭可马里\"               target=\"_blank\">亭可马里</a>            。        </p>        <div data-seq=\"632932086\" data-index=\"4\" class=\"article_title _j_anchorcnt _j_seqitem\">            <h2 class=\"t9\"><span class=\"_j_anchor\">—观鲸地大赏</span></h2>        </div>        <p class=\"_j_note_content _j_seqitem\" data-seq=\"632934809\">            观鲸地：            <a href=\"/travel-scenic-spot/mafengwo/11160.html\" class=\"link _j_keyword_mdd\" data-kw=\"挪威\" target=\"_blank\">挪威</a>            <a href=\"/travel-scenic-spot/mafengwo/139778.html\" class=\"link _j_keyword_mdd\" data-kw=\"斯瓦尔巴群岛\"               target=\"_blank\">斯瓦尔巴群岛</a>            <a href=\"/travel-scenic-spot/mafengwo/17863.html\" class=\"link _j_keyword_mdd\" data-kw=\"朗伊尔城\"               target=\"_blank\">朗伊尔城</a>            <br>            最佳观赏时间：5-9月<br>            有幸邂逅：白鲸、长须鲸、座头鲸等<br>            <br>            <a href=\"/travel-scenic-spot/mafengwo/139778.html\" class=\"link _j_keyword_mdd\" data-kw=\"斯瓦尔巴群岛\"               target=\"_blank\">斯瓦尔巴群岛</a>            ，            <a href=\"/travel-scenic-spot/mafengwo/11160.html\" class=\"link _j_keyword_mdd\" data-kw=\"挪威\" target=\"_blank\">挪威</a>            语意为“寒冷海岸”，可以说是真正的极北苦寒之地了。而这里却是白鲸、长须鲸和座头鲸的海上乐园——它们在冰山与海面间穿梭游荡。想要看它们的身影你必须耐得住严寒，恐怕8mm的湿衣都无法抵御这里的严寒。<br>            <br>            观鲸地：            <a href=\"/travel-scenic-spot/mafengwo/10544.html\" class=\"link _j_keyword_mdd\" data-kw=\"新西兰\" target=\"_blank\">新西兰</a>            <a href=\"/travel-scenic-spot/mafengwo/117482.html\" class=\"link _j_keyword_mdd\" data-kw=\"凯库拉\"               target=\"_blank\">凯库拉</a>            <br>            最佳观赏时间：全年<br>            有幸邂逅：抹香鲸<br>            如果说起哪里一年四季都可以看到抹香鲸，那一定是位于            <a href=\"/travel-scenic-spot/mafengwo/10544.html\" class=\"link _j_keyword_mdd\" data-kw=\"新西兰\" target=\"_blank\">新西兰</a>            <a href=\"/travel-scenic-spot/mafengwo/191561.html\" class=\"link _j_keyword_mdd\" data-kw=\"南岛\" target=\"_blank\">南岛</a>            <a href=\"/travel-scenic-spot/mafengwo/10882.html\" class=\"link _j_keyword_mdd\" data-kw=\"坎特伯雷\"               target=\"_blank\">坎特伯雷</a>            去的            <a href=\"/travel-scenic-spot/mafengwo/117482.html\" class=\"link _j_keyword_mdd\" data-kw=\"凯库拉\"               target=\"_blank\">凯库拉</a>            了。            <a href=\"/travel-scenic-spot/mafengwo/117482.html\" class=\"link _j_keyword_mdd\" data-kw=\"凯库拉\"               target=\"_blank\">凯库拉</a>            海峡深达2000余米，再加            <a href=\"/travel-scenic-spot/mafengwo/10099.html\" class=\"link _j_keyword_mdd\" data-kw=\"上海\" target=\"_blank\">上海</a>            峡拥有独特而天然的海洋生态系统，使得这里成为抹香鲸的天然乐园。  <br>            <br>            观鲸地：            <a href=\"/travel-scenic-spot/mafengwo/57153.html\" class=\"link _j_keyword_mdd\" data-kw=\"多米尼克\"               target=\"_blank\">多米尼克</a>            最佳观赏时间：11月-次年6月<br>            有幸邂逅：座头鲸、短鳍领航鲸、伪虎鲸、抹香鲸、瓜头鲸<br>            <br>            和            <a href=\"/travel-scenic-spot/mafengwo/10544.html\" class=\"link _j_keyword_mdd\" data-kw=\"新西兰\" target=\"_blank\">新西兰</a>            的            <a href=\"/travel-scenic-spot/mafengwo/117482.html\" class=\"link _j_keyword_mdd\" data-kw=\"凯库拉\"               target=\"_blank\">凯库拉</a>            一样，在            <a href=\"/travel-scenic-spot/mafengwo/57153.html\" class=\"link _j_keyword_mdd\" data-kw=\"多米尼克\"               target=\"_blank\">多米尼克</a>            ，一年中的任何时候都有可能邂逅提醒事项最大的齿鲸——抹香鲸。甚至有鲸鱼生物学家将            <a href=\"/travel-scenic-spot/mafengwo/57153.html\" class=\"link _j_keyword_mdd\" data-kw=\"多米尼克\"               target=\"_blank\">多米尼克</a>            列为「世界上观察抹香鲸的最佳地点」。当然，除了抹香鲸，同样有机会邂逅座头鲸、短鳍领航鲸、伪虎鲸、瓜头鲸等多种鲸鱼。<br>            <br>            观鲸地：            <a href=\"/travel-scenic-spot/mafengwo/10455.html\" class=\"link _j_keyword_mdd\" data-kw=\"南非\" target=\"_blank\">南非</a>            <a href=\"/travel-scenic-spot/mafengwo/11655.html\" class=\"link _j_keyword_mdd\" data-kw=\"开普敦\" target=\"_blank\">开普敦</a>            <br>            最佳观赏时间：7-12月<br>            有幸邂逅：露脊鲸、座头鲸、布氏鲸、虎鲸<br>            在冬季和初春乍暖还寒之时，露脊鲸会离开寒冷的南极，来到气候温暖的            <a href=\"/travel-scenic-spot/mafengwo/10455.html\" class=\"link _j_keyword_mdd\" data-kw=\"南非\" target=\"_blank\">南非</a>            <a href=\"/travel-scenic-spot/mafengwo/11655.html\" class=\"link _j_keyword_mdd\" data-kw=\"开普敦\" target=\"_blank\">开普敦</a>            繁衍后代。当然，在            <a href=\"/travel-scenic-spot/mafengwo/11655.html\" class=\"link _j_keyword_mdd\" data-kw=\"开普敦\" target=\"_blank\">开普敦</a>            ，也可以偶遇座头鲸、布氏鲸和虎鲸等不同物种的鲸鱼。<br>            <br>            观鲸地：            <a href=\"/travel-scenic-spot/mafengwo/10177.html\" class=\"link _j_keyword_mdd\" data-kw=\"加拿大\" target=\"_blank\">加拿大</a>            努纳武特<br>            最佳观鲸时间：5月-9月<br>            有幸邂逅：独角鲸、弓头鲸、露脊鲸、蓝鲸、白鲸<br>            说起来有趣，鲸鱼会在温暖的地方繁衍后代，但是却会选择极寒之地作为猎食区。因此，如果想看到不同品种、数量繁多的鲸鱼，那就一定要向着寒冷的方向奔去。鲸鱼生活的最北的地方，大概就是            <a href=\"/travel-scenic-spot/mafengwo/10177.html\" class=\"link _j_keyword_mdd\" data-kw=\"加拿大\" target=\"_blank\">加拿大</a>            的努纳武特了吧，这里生活着独角鲸、弓头鲸、露脊鲸、蓝鲸、白鲸等超多品类的鲸鱼。但前提一定是，不怕冷！  <br>            <br>            观鲸地：            <a href=\"/travel-scenic-spot/mafengwo/11656.html\" class=\"link _j_keyword_mdd\" data-kw=\"墨西哥\" target=\"_blank\">墨西哥</a>            加利福尼亚半岛<br>            最佳观赏时间：12月-次年3月<br>            有幸邂逅：灰鲸、蓝鲸、座头鲸<br>            <a href=\"/travel-scenic-spot/mafengwo/11656.html\" class=\"link _j_keyword_mdd\" data-kw=\"墨西哥\" target=\"_blank\">墨西哥</a>            可真是个神奇的地方，虽然陆地上是广袤的沙漠和大片的仙人掌，但是水下却丰富多彩十分壮观。每年12月至次年3月，灰鲸、蓝鲸、座头鲸等多种鲸鱼都会长途跋涉，到这片温暖的水域过冬。 <br>            <br>            当然，除了这些地方，还有很多海域都可以邂逅大鲸鱼的身影哦～～～        </p>        <div id=\"_j_photo_633248280\" data-seq=\"633248281\" data-pid=\"633248280\" class=\"add_pic _j_anchorcnt _j_seqitem\"             style=\"width:680px\">            <a target=\"_blank\" style=\"display: block\" href=\"/photo/11058/scenery_14029413/633248280.html\">                <img class=\"_j_lazyload\"                     style=\"height: 510px; width: 680px; background: rgb(252, 242, 220); display: block;\"                     src=\"/wKgE2l0V0auAT3xzABPsAdF9HVs62.jpeg\" alt=\"\">            </a>        </div>        <div data-seq=\"578532007\" data-index=\"6\" class=\"article_title _j_anchorcnt _j_seqitem\">            <h2 class=\"t9\"><span class=\"_j_anchor\">— 亭可马里，荒芜中开出了一朵花</span></h2>        </div>        <p class=\"_j_note_content _j_seqitem\" data-seq=\"578532008\">            “            <a href=\"/travel-scenic-spot/mafengwo/64748.html\" class=\"link _j_keyword_mdd\" data-kw=\"亭可马里\"               target=\"_blank\">亭可马里</a>            是            <a href=\"/travel-scenic-spot/mafengwo/11058.html\" class=\"link _j_keyword_mdd\" data-kw=\"斯里兰卡\"               target=\"_blank\">斯里兰卡</a>            <a href=\"/travel-scenic-spot/mafengwo/16215.html\" class=\"link _j_keyword_mdd\" data-kw=\"东北\" target=\"_blank\">东北</a>            部港市。位于科迪亚            <a href=\"/travel-scenic-spot/mafengwo/136578.html\" class=\"link _j_keyword_mdd\" data-kw=\"尔湾\" target=\"_blank\">尔湾</a>            的北岸，全国最大的天然良港，战略要地。人口10万（2007）。”<br>            百度百科如是说。<br>            <br>            初抵            <a href=\"/travel-scenic-spot/mafengwo/64748.html\" class=\"link _j_keyword_mdd\" data-kw=\"亭可马里\"               target=\"_blank\">亭可马里</a>            ，印象着实不好。杂乱无章的街道、漫天飘散的「类咖喱味」，以及刚办完入住，就来了一个下马威——全市停电。是的，没错。落后如斯的            <a href=\"/travel-scenic-spot/mafengwo/64748.html\" class=\"link _j_keyword_mdd\" data-kw=\"亭可马里\"               target=\"_blank\">亭可马里</a>            每天晚上6:00-7:00日常停电，连备用发动机都没有。只能坐在楼下的露天餐厅里，点着蜡烛唠闲嗑。<br>            <br>            这里，可是东部海岸最好的观鲸地之一，在4-11月的雨季，大量的鲸鱼在孟加拉湾和阿拉伯海之间迁徙，沿经            <a href=\"/travel-scenic-spot/mafengwo/64748.html\" class=\"link _j_keyword_mdd\" data-kw=\"亭可马里\"               target=\"_blank\">亭可马里</a>            并在此觅食，据说出海不远就能看到著名的抹香鲸、蓝鲸等。<br>            <br>            既来之则安之，我们就在海边这个号称四星级的豆蔻酒店里安置下来。<br>            <br>            老板娘带着一个混血宝宝，时不时过来问我们有没有什么需要。<br>            <br>            厨子是个憨憨的中年大叔，有时会拿着猎枪出来打鸟，虽然一次也没打到。<br>            <br>            小妹超级可爱，在追鲸的前一天自习给我们讲出海追鲸注意事项。在知道我们这4个人里面就有两个潜水教练之后，及时刹住了话头。<br>            <br>            同住这家酒店的，有两到三个团队，都是教练带着学员们，大家（尤其是姑娘们）都想拍到一张和鲸鱼的合影。每天回来之后，大家最大的乐趣就是彼此询问，「怎么样，你有没有看到鲸鱼」。<br>            <br>            看到的人，喜气洋洋；没看到的人，心生羡慕，酸酸的气息弥漫在空气中。        </p>        <div data-seq=\"578532751\" data-index=\"7\" class=\"article_title _j_anchorcnt _j_seqitem\">            <h2 class=\"t9\"><span class=\"_j_anchor\">— 大蓝水啊！除了蓝什么都没有</span></h2>        </div>        <p class=\"_j_note_content _j_seqitem\" data-seq=\"578532752\">            第一天出海，激动到无以自拔，想象着一张和鲸鱼的同框照将会在朋友圈骗来多少赞，想象着可以和鲸鱼面对面，甚至可以伸手触碰它。<br>            <br>            然而，<br>            我，<br>            想多了。<br>            <br>            四个人一艘小快艇，外加一个领航员，主要负责寻找海上鲸鱼的踪迹，一个船长，主要负责和其他船队沟通，以及指引前进的方向。<br>            <br>            怀揣着激动到颤抖的心，我们出海了。<br>            很快，我们开入了外海，岸际线已经遥不可及。十几艘小快艇分布在汪洋大海上都已不见踪迹。放眼望去，茫茫大海中只有我们这一艘孤独的小快艇。船长和领航员说着我们听不懂的僧伽罗语，我们说着他们听不懂的中文。唯一的交集就是他们仅仅知道的几个英文单词：“HUNGRY！”“DRINK！”“WHALE！”“JUMP！”“LOOK！”。<br>            <br>            两个小时过去了，我们仍然一无所获。船长熄灭了发动机，任由小快艇随着海浪忽上忽下。不详的预感慢慢涌上来。<br>            <br>            果不其然，我晕船了。<br>            <br>            迅速地穿好装备，我以脑海中帅气的姿势跳入了海中。海水的清凉驱散了夏日的焦躁，略咸的口感让我不再那么头晕目眩。<br>            <br>            「花，下个深度试试」师父在不远处举着相机跟我说。<br>            <br>            「完，我有点害怕，万一下不去可咋整？」<br>            <br>            「下不去，我就把你的二星证收回来！」师父威胁到。<br>            <br>            深吸一口气，一个完美地鸭式探入了水中。        </p>        <div id=\"_j_photo_578651247\" data-seq=\"578651248\" data-pid=\"578651247\" class=\"add_pic _j_anchorcnt _j_seqitem\"             style=\"width:680px\" data-poiid=\"34909\">            <a target=\"_blank\" style=\"display: block\" href=\"/photo/11058/scenery_14029413/578651247.html\">                <img class=\"_j_lazyload\"                     style=\"height: 453px; width: 680px; background: rgb(252, 242, 220); display: block;\"                     src=\"/data:image/gif;base64,R0lGODlhAQABAIAAAP///wAAACH5BAEAAAAALAAAAAABAAEAAAICRAEAOw==\"                     data-src=\"/http://n1-q.mafengwo.net/s14/M00/4D/2D/wKgE2l0LVqyAbYewAAU6JG53iCw140.jpg?imageView2%2F2%2Fw%2F680%2Fq%2F90%7CimageMogr2%2Fstrip%2Fquality%2F90\"                     data-rt-src=\"/http://n1-q.mafengwo.net/s14/M00/4D/2D/wKgE2l0LVqyAbYewAAU6JG53iCw140.jpg?imageMogr2%2Fthumbnail%2F1360x%2Fstrip%2Fquality%2F90\"                     data-pid=\"578651247\" alt=\"\">            </a>            <span class=\"pic_tag\">                <a href=\"/poi/34909.html\" class=\"_j_anchor\" data-poiid=\"34909\" target=\"_blank\"                   data-cs-p=\"ginfo_img_poi_new\">                    <i class=\"house\"></i>亭可马里                </a>            </span>        </div>        <p class=\"_j_note_content _j_seqitem\" data-seq=\"578651258\">            缓缓踢动双腿，慢慢睁开眼睛，渐渐展开全身，感受大海带来的力量。<br>            <br>            <a href=\"/travel-scenic-spot/mafengwo/64748.html\" class=\"link _j_keyword_mdd\" data-kw=\"亭可马里\"               target=\"_blank\">亭可马里</a>            的水真干净啊，毫无杂质。<br>            <br>            目之所及全部都是纯净的蓝，纯净到不敢相信自己的眼睛——这也是第一次体验大蓝水的魅力。        </p>        <div id=\"_j_photo_578651353\" data-seq=\"578651354\" data-pid=\"578651353\" class=\"add_pic _j_anchorcnt _j_seqitem\"             style=\"width:680px\" data-poiid=\"34909\">            <a target=\"_blank\" style=\"display: block\" href=\"/photo/11058/scenery_14029413/578651353.html\">                <img class=\"_j_lazyload\"                     style=\"height: 1020px; width: 680px; background: rgb(252, 242, 220); display: block;\"                     src=\"/data:image/gif;base64,R0lGODlhAQABAIAAAP///wAAACH5BAEAAAAALAAAAAABAAEAAAICRAEAOw==\"                     data-src=\"/http://b2-q.mafengwo.net/s14/M00/4D/32/wKgE2l0LVq-AOuIUAANNufy0zGY302.jpg?imageView2%2F2%2Fw%2F680%2Fq%2F90%7CimageMogr2%2Fstrip%2Fquality%2F90\"                     data-rt-src=\"/http://b2-q.mafengwo.net/s14/M00/4D/32/wKgE2l0LVq-AOuIUAANNufy0zGY302.jpg?imageMogr2%2Fthumbnail%2F1360x%2Fstrip%2Fquality%2F90\"                     data-pid=\"578651353\" alt=\"\">            </a>            <span class=\"pic_tag\">                <a href=\"/poi/34909.html\" class=\"_j_anchor\" data-poiid=\"34909\" target=\"_blank\"                   data-cs-p=\"ginfo_img_poi_new\">                    <i class=\"house\"></i>亭可马里                </a>            </span>        </div>    </div>    <div class=\"block-loading loading_forward\"></div></div>');
INSERT INTO `travel_content` VALUES (16, '<div class=\"va_con _j_master_content\" data-cs-t=\"ginfo_kw_hotel\">    <div class=\"block-loading loading_backward\"></div>    <div class=\"_j_content_box\">        <div data-seq=\"433195556\" data-index=\"1\" class=\"article_title _j_anchorcnt _j_seqitem\">            <h2 class=\"t9\"><span class=\"_j_anchor\">前言</span></h2>        </div>        <p class=\"_j_note_content _j_seqitem\" data-seq=\"433195673\">            本文主要篇幅与《请回答1988》有关，<br>            若不感兴趣请通过目录直接跳转后页章节，<br>            风景篇<br>            ★南山塔看            <a href=\"/travel-scenic-spot/mafengwo/10130.html\" class=\"link _j_keyword_mdd\" data-kw=\"首尔\" target=\"_blank\">首尔</a>            夜景<br>            ★            <a href=\"/travel-scenic-spot/mafengwo/11016.html\" class=\"link _j_keyword_mdd\" data-kw=\"仁川\" target=\"_blank\">仁川</a>            港月尾岛看日落<br>            都是值得一去的地方，<br>            另文末附少许实用信息~<br>            现附上风景照两张~        </p>        <div id=\"_j_photo_433193664\" data-seq=\"433193670\" data-pid=\"433193664\" class=\"add_pic _j_anchorcnt _j_seqitem\"             style=\"width:680px\" data-poiid=\"16048\">            <a target=\"_blank\" style=\"display: block\" href=\"/photo/10130/scenery_12270490/433193664.html\">                <img class=\"\" style=\"height: 453px; width: 680px; background: rgb(252, 242, 220); display: block;\"                     src=\"/wKgEaVxxeu2ABEXdAAXKjI7eq_g87.jpeg\" alt=\"\">            </a>            <span class=\"pic_tag\">                <a href=\"/poi/16048.html\" class=\"_j_anchor\" data-poiid=\"16048\" target=\"_blank\"                   data-cs-p=\"ginfo_img_poi_new\">                    <i class=\"house\"></i>N首尔塔                </a>            </span>        </div>        <p class=\"_j_note_content _j_seqitem\" data-seq=\"432803079\">            之前看过网上有个鄙视链，<br>            看英剧的鄙视看美剧的，<br>            看美剧的鄙视看日剧的，<br>            看日剧的鄙视看韩剧的……<br>            曾经我也是其中一员，<br>            说起韩剧，嗤之以鼻，<br>            而自从大学临近毕业时看了韩剧入坑以后，<br>            逐渐改变了自己的观点，<br>            虽然很多剧情比较无语，但是大多数剧都制作精良，有可取之处。<br>            而还有很多是情节也经得起推敲的。<br>            目前我看过的韩剧其实并不多，也就十几部，<br>            但是《请回答》系列当之无愧名列前茅，<br>            其中《请回答1988》更是我心中的NO1，没有之一。<br>            那是青春的悸动与憧憬，也是中年的现实与隐忍，<br>            是两代人的故事，却也串起了无数人的回忆与共鸣。<br>            我好像在每个人的身上都看到了我自己，<br>            来不及和青春说再见，却也会想象步入中年后会不会也有此般模样。<br>            <br>            另一部比较偏爱的是《未生》，<br>            初入职场的我看了初入职场的张格莱，<br>            时常被打鸡血，<br>            无数个想放弃的日日夜夜，<br>            我都靠看一集《未生》来说服自己，<br>            现在想来有些中二，<br>            但也确确实实有一些精神的慰藉吧，<br>            努力总会有回报，或多或更多。<br>            <br>            于是，此次去            <a href=\"/travel-scenic-spot/mafengwo/10184.html\" class=\"link _j_keyword_mdd\" data-kw=\"韩国\" target=\"_blank\">韩国</a>            ，并未做任何攻略，<br>            临行前匆匆查了一下《请回答1988》的拍摄地，<br>            就出发了~<br>            德善，阿泽，正焕，善宇，东龙，我来找你们啦~        </p>        <div id=\"_j_photo_433193665\" data-seq=\"433193671\" data-pid=\"433193665\" class=\"add_pic _j_anchorcnt _j_seqitem\"             style=\"width:680px\">            <a target=\"_blank\" style=\"display: block\" href=\"/photo/10130/scenery_12270490/433193665.html\">                <img class=\"\" style=\"height: 453px; width: 680px; background: rgb(252, 242, 220); display: block;\"                     src=\"/wKgEaVxxewCADkDGAAb_ddwiwKQ19.jpeg\" alt=\"\">            </a>        </div>        <p class=\"_j_note_content _j_seqitem\" data-seq=\"440171564\">            以下内容以剧情的发展顺序来写，并非我的游览顺序        </p>        <div data-seq=\"433194155\" data-index=\"3\" class=\"article_title _j_anchorcnt _j_seqitem\">            <h2 class=\"t9\"><span class=\"_j_anchor\">仁川英格兰王炸猪排——需要被接受的金社长</span></h2>        </div>        <p class=\"_j_note_content _j_seqitem\" data-seq=\"440140647\">            第四集的场景这一次去了两个地方，<br>            一个是正焕一家吃饭的餐厅，<br>            一个是德善爸妈吃面的馆子，<br>            让我们回忆一下……<br>            前情提要，金社长作为一个搞怪而又活泼的人，<br>            在这个家里有点格格不入，<br>            这一集着重以他的角度讲了家庭内的理解与接纳。<br>            话说在金社长的要求下，一家四口来到了炸猪排店。<br>            服务员推荐说店里的嫩炸牛排好吃，<br>            金社长想也没想，说要四个炸猪排。<br>            结果正峰和正焕两人立马表示自己要吃牛排，<br>            豹子女士抢过来点单，两个猪排两个牛排。<br>            就此埋下伏笔。        </p>        <div id=\"_j_photo_440142553\" data-seq=\"440142555\" data-pid=\"440142553\" class=\"add_pic _j_anchorcnt _j_seqitem\"             style=\"width:680px\">            <a target=\"_blank\" style=\"display: block\" href=\"/photo/10130/scenery_12270490/440142553.html\">                <img class=\"_j_lazyload\"                     style=\"height: 442px; width: 680px; background: rgb(252, 242, 220); display: block;\"                     src=\"/wKgEaVyNAF2AGNLuAAtXWQf8jIQ555.png\" alt=\"\">            </a>        </div>        <div id=\"_j_photo_440142554\" data-seq=\"440142556\" data-pid=\"440142554\" class=\"add_pic _j_anchorcnt _j_seqitem\"             style=\"width:680px\">            <a target=\"_blank\" style=\"display: block\" href=\"/photo/10130/scenery_12270490/440142554.html\">                <img class=\"_j_lazyload\"                     style=\"height: 441px; width: 680px; background: rgb(252, 242, 220); display: block;\"                     src=\"/wKgEaVyNAF6AZHKNAAslOkHjgbU241.png\" alt=\"\">            </a>        </div>        <p class=\"_j_note_content _j_seqitem\" data-seq=\"440151553\">            最后饭局接近尾声，热心的服务生提出要给大家照合影，<br>            金社长一口答应满心欢喜，<br>            其他人要么说不照，要么就吃自己的，<br>            搞得服务生也甚是尴尬，不知如何是好，<br>            但在强烈要求下，大家还是合影一张！<br>        </p>        <div id=\"_j_photo_440153277\" data-seq=\"440153278\" data-pid=\"440153277\" class=\"add_pic _j_anchorcnt _j_seqitem\"             style=\"width:627px\">            <a target=\"_blank\" style=\"display: block\" href=\"/photo/10130/scenery_12270490/440153277.html\">                <img class=\"_j_lazyload\"                     style=\"height: 2048px; width: 627px; background: rgb(252, 242, 220); display: block;\"                     src=\"/wKgEaVyNBq-AROhgAAOstKYMbJQ51.jpeg\" alt=\"\">            </a>        </div>        <p class=\"_j_note_content _j_seqitem\" data-seq=\"440153637\">            短短几分钟的戏份，就放入了这么多的冲突，<br>            但确实又很贴近生活，<br>            在一个家中，若总得不到其他人的支持，<br>            终会丢失那个原本快乐的自己，<br>            所以这集后来，金社长一直闷闷不乐，也不和大家说话了。<br>            正焕发现了这个情况，问东龙该怎么办，<br>            东龙说：很简单，接受他！<br>        </p>        <div id=\"_j_photo_440156429\" data-seq=\"440156430\" data-pid=\"440156429\" class=\"add_pic _j_anchorcnt _j_seqitem\"             style=\"width:318px\">            <a target=\"_blank\" style=\"display: block\" href=\"/photo/10130/scenery_12270490/440156429.html\">                <img class=\"_j_lazyload\"                     style=\"height: 443px; width: 318px; background: rgb(252, 242, 220); display: block;\"                     src=\"/wKgEaVyNCKCAATCIAAHhiJt3asQ11.jpeg\" alt=\"\">            </a>        </div>        <p class=\"_j_note_content _j_seqitem\" data-seq=\"440156897\">            此时，金社长在家独自吃着拉面，<br>            豹子女士看到了，给他了一碟泡菜，<br>            可他并不想吃，也不说话。<br>            突然有开门的声音，豹子女士以为是德善来了，<br>            直接让德善来厨房，<br>            金社长一听是自己的知己来了，<br>            立马转身准备来一把只有他们俩才玩的游戏<br>            （弱弱说一句，这游戏看起来很弱智，其实我也想玩一下）<br>            哪知一转身，看到的是自己的儿子，正焕，<br>            一时不知所措，最怕空气突然安静。<br>            正焕小小犹豫之后，出乎意料的陪金社长玩了起来，<br>            结束后两人都略显尴尬，豹子女士一脸怀疑地看着眼前发生的一切<br>            正焕拿了瓶饮料就出去了，<br>            金社长这才眉开眼笑，恢复生机，拉面就着泡菜吃得吧唧吧唧的，看得我都饿了。<br>            我想，所谓的“接受他”也不是要多么严肃，<br>            哪怕只是一点认可，就让人觉得满足。<br>        </p>        <p class=\"_j_note_content _j_seqitem\" data-seq=\"440190754\">            此话一出，既是事实，又无法反驳，<br>            对方辩友只能另辟蹊径，表示自己没做什么错事，<br>            我没有错！比起那些渣男，我算好的了。<br>        </p>    </div>    <div class=\"block-loading loading_forward\"></div></div>');
INSERT INTO `travel_content` VALUES (17, '<p><img src=\"http://img.baidu.com/hi/jx2/j_0001.gif\"/><img src=\"http://img.baidu.com/hi/jx2/j_0013.gif\"/><img src=\"http://img.baidu.com/hi/jx2/j_0001.gif\"/>ffffgagag</p>');
INSERT INTO `travel_content` VALUES (18, '<p>aaa</p>');
INSERT INTO `travel_content` VALUES (19, '<p>vbvvv</p>');

-- ----------------------------
-- Table structure for user
-- ----------------------------
DROP TABLE IF EXISTS `user`;
CREATE TABLE `user`  (
  `id` bigint(20) NOT NULL AUTO_INCREMENT,
  `nickname` varchar(255) CHARACTER SET utf8 COLLATE utf8_general_ci NULL DEFAULT NULL,
  `phone` varchar(255) CHARACTER SET utf8 COLLATE utf8_general_ci NULL DEFAULT NULL,
  `email` varchar(255) CHARACTER SET utf8 COLLATE utf8_general_ci NULL DEFAULT NULL,
  `password` varchar(255) CHARACTER SET utf8 COLLATE utf8_general_ci NULL DEFAULT NULL,
  `level` int(11) NULL DEFAULT NULL,
  `gender` int(11) NULL DEFAULT NULL,
  `city` varchar(255) CHARACTER SET utf8 COLLATE utf8_general_ci NULL DEFAULT NULL,
  `birthday` date NULL DEFAULT NULL,
  `headImgUrl` varchar(255) CHARACTER SET utf8 COLLATE utf8_general_ci NULL DEFAULT NULL,
  `info` varchar(255) CHARACTER SET utf8 COLLATE utf8_general_ci NULL DEFAULT NULL,
  `vip` bit(1) NULL DEFAULT b'0',
  `follownum` int(11) NULL DEFAULT NULL,
  `fansnum` int(11) NULL DEFAULT NULL,
  `honey` bigint(255) NULL DEFAULT NULL,
  `viewnum` int(11) NULL DEFAULT NULL,
  `todaynum` int(11) NULL DEFAULT NULL,
  `address` varchar(255) CHARACTER SET utf8 COLLATE utf8_general_ci NULL DEFAULT NULL,
  PRIMARY KEY (`id`) USING BTREE
) ENGINE = InnoDB AUTO_INCREMENT = 6 CHARACTER SET = utf8 COLLATE = utf8_general_ci ROW_FORMAT = Compact;

-- ----------------------------
-- Records of user
-- ----------------------------
INSERT INTO `user` VALUES (1, '逍遥', '138000000000', 'xiaoyao@163.com', '123', 1, 1, '东莞', '1997-02-20', '/6a3ee97b-a688-4ece-a693-3a7ec519f6b0.png', '一场寒芒先到,随后枪出如龙!666', b'0', 4, 32, 28, NULL, 10, NULL);
INSERT INTO `user` VALUES (2, 'bunny', '13666666666', 'bunny@163.com', '123', 1, 2, '重庆', '1999-04-01', 'http://b3-q.mafengwo.net/s9/M00/B2/19/wKgBs1aVP9uAeflmAASv31idm1M01.jpeg?imageMogr2%2Fthumbnail%2F%2148x48r%2Fgravity%2FCenter%2Fcrop%2F%2148x48%2Fquality%2F90', '凡所有相，皆是虚妄，若见诸相非相，即见如来', b'0', 22, 23, 36, NULL, 5, NULL);
INSERT INTO `user` VALUES (3, '晴空', '13000000000', 'bunny@163.com', '123', 2, 1, '重庆', '2019-11-06', 'http://n1-q.mafengwo.net/s9/M00/D3/93/wKgBs1da3ceAFTPMAACjdPpGr3M65.jpeg?imageMogr2%2Fthumbnail%2F%2148x48r%2Fgravity%2FCenter%2Fcrop%2F%2148x48%2Fquality%2F90', '一切有为法，如梦幻泡影，如露亦如电，应作如是观', b'0', 4, 23, 36, NULL, 5, NULL);
INSERT INTO `user` VALUES (4, '依旧', '13400000000', 'bunny@163.com', '123', 3, 2, '重庆', '2000-06-28', 'http://p3-q.mafengwo.net/s8/M00/ED/05/wKgBpVYUydOAKdaaAAlyxu5BVPc94.jpeg?imageMogr2%2Fthumbnail%2F%2148x48r%2Fgravity%2FCenter%2Fcrop%2F%2148x48%2Fquality%2F90', '凡所有相，皆是虚妄，若见诸相非相，即见如来', b'0', 22, 23, 36, NULL, 5, NULL);
INSERT INTO `user` VALUES (5, '文刀', '12555555554', 'bunny@163.com', '123', 2, 3, '重庆', '1996-07-01', 'http://n4-q.mafengwo.net/s11/M00/1A/8F/wKgBEFr-7WKAfFPiAABz4qeKy-c65.jpeg?imageMogr2%2Fthumbnail%2F%2148x48r%2Fgravity%2FCenter%2Fcrop%2F%2148x48%2Fquality%2F90', '即见如来', b'0', 4, 23, 36, NULL, 5, NULL);

-- ----------------------------
-- Table structure for userinfo
-- ----------------------------
DROP TABLE IF EXISTS `userinfo`;
CREATE TABLE `userinfo`  (
  `id` bigint(20) NOT NULL AUTO_INCREMENT,
  `nickname` varchar(255) CHARACTER SET utf8 COLLATE utf8_general_ci NULL DEFAULT NULL,
  `phone` varchar(255) CHARACTER SET utf8 COLLATE utf8_general_ci NULL DEFAULT NULL,
  `email` varchar(255) CHARACTER SET utf8 COLLATE utf8_general_ci NULL DEFAULT NULL,
  `password` varchar(255) CHARACTER SET utf8 COLLATE utf8_general_ci NULL DEFAULT NULL,
  `level` int(11) NULL DEFAULT NULL,
  `gender` int(11) NULL DEFAULT NULL,
  `city` varchar(255) CHARACTER SET utf8 COLLATE utf8_general_ci NULL DEFAULT NULL,
  `birthday` date NULL DEFAULT NULL,
  `headImgUrl` varchar(255) CHARACTER SET utf8 COLLATE utf8_general_ci NULL DEFAULT NULL,
  `info` varchar(255) CHARACTER SET utf8 COLLATE utf8_general_ci NULL DEFAULT NULL,
  PRIMARY KEY (`id`) USING BTREE
) ENGINE = InnoDB AUTO_INCREMENT = 6 CHARACTER SET = utf8 COLLATE = utf8_general_ci ROW_FORMAT = Compact;

-- ----------------------------
-- Records of userinfo
-- ----------------------------
INSERT INTO `userinfo` VALUES (1, '逍遥', '13888888888', 'xiaoyao@163.com', '123', 1, 2, '广州', '1997-10-01', '/images/xiaoyao.jpg', '一切有为法，如梦幻泡影，如露亦如电，应作如是观');
INSERT INTO `userinfo` VALUES (2, 'bunny', '13666666666', 'bunny@163.com', '123', 1, 1, '重庆', '1999-04-01', '/images/default.png', '凡所有相，皆是虚妄，若见诸相非相，即见如来');
INSERT INTO `userinfo` VALUES (3, '晴空', '13000000000', 'bunny@163.com', '123', 2, 3, '广州', '2019-11-06', 'http://n1-q.mafengwo.net/s9/M00/D3/93/wKgBs1da3ceAFTPMAACjdPpGr3M65.jpeg?imageMogr2%2Fthumbnail%2F%2148x48r%2Fgravity%2FCenter%2Fcrop%2F%2148x48%2Fquality%2F90', '即见如来');
INSERT INTO `userinfo` VALUES (4, '依旧', '13400000000', 'bunny@163.com', '123', 3, 3, '重庆', '2000-06-28', 'http://p3-q.mafengwo.net/s8/M00/ED/05/wKgBpVYUydOAKdaaAAlyxu5BVPc94.jpeg?imageMogr2%2Fthumbnail%2F%2148x48r%2Fgravity%2FCenter%2Fcrop%2F%2148x48%2Fquality%2F90', '哈哈');
INSERT INTO `userinfo` VALUES (5, '文刀', '12555555554', 'bunny@163.com', '123', 2, 3, '广州\r\n', '1996-07-01', 'http://n4-q.mafengwo.net/s11/M00/1A/8F/wKgBEFr-7WKAfFPiAABz4qeKy-c65.jpeg?imageMogr2%2Fthumbnail%2F%2148x48r%2Fgravity%2FCenter%2Fcrop%2F%2148x48%2Fquality%2F90', '诸相非相');

-- ----------------------------
-- Table structure for view
-- ----------------------------
DROP TABLE IF EXISTS `view`;
CREATE TABLE `view`  (
  `id` bigint(20) NOT NULL AUTO_INCREMENT,
  `name` varchar(255) CHARACTER SET utf8mb4 COLLATE utf8mb4_general_ci NULL DEFAULT NULL,
  `engName` varchar(255) CHARACTER SET utf8mb4 COLLATE utf8mb4_general_ci NULL DEFAULT NULL,
  `dest_id` int(20) NULL DEFAULT NULL,
  `parent_id` int(11) NULL DEFAULT NULL,
  `type` int(11) NULL DEFAULT NULL COMMENT '//0广州景点//1必游//2热门//3内部景点',
  `img` varchar(255) CHARACTER SET utf8mb4 COLLATE utf8mb4_general_ci NULL DEFAULT NULL,
  `hot` bit(1) NULL DEFAULT NULL,
  `info` varchar(255) CHARACTER SET utf8mb4 COLLATE utf8mb4_general_ci NULL DEFAULT NULL,
  `tel` varchar(255) CHARACTER SET utf8mb4 COLLATE utf8mb4_general_ci NULL DEFAULT NULL,
  `link` varchar(255) CHARACTER SET utf8mb4 COLLATE utf8mb4_general_ci NULL DEFAULT NULL,
  `takeTime` varchar(255) CHARACTER SET utf8mb4 COLLATE utf8mb4_general_ci NULL DEFAULT NULL,
  `summary` text CHARACTER SET utf8mb4 COLLATE utf8mb4_general_ci NULL,
  `lastUpdateTime` datetime(0) NULL DEFAULT NULL,
  `createTime` datetime(0) NULL DEFAULT NULL,
  `commentnum` int(11) NULL DEFAULT NULL,
  `favornum` int(11) NULL DEFAULT NULL,
  `visitnum` int(11) NULL DEFAULT NULL,
  PRIMARY KEY (`id`) USING BTREE
) ENGINE = InnoDB AUTO_INCREMENT = 43 CHARACTER SET = utf8mb4 COLLATE = utf8mb4_general_ci ROW_FORMAT = Compact;

-- ----------------------------
-- Records of view
-- ----------------------------
INSERT INTO `view` VALUES (1, '广州塔', 'Canton Tower', 3261, NULL, 1, '/guangzhouta1.jpeg,/guangzhouta2.jpeg,/guangzhouta3.jpeg', b'1', '中国国内第一高塔，不仅有着变换的色彩，还可展现出动人的空中交响乐', '020-89338222', 'http://www.cantontower.com/', '3-4小时', '·广州塔是广州的地标，塔高600米，为国内第一高塔，可以俯瞰广州全景。<br>\n            ·其头尾相当，腰身玲珑细长，又有“小蛮腰”之称，到晚上会亮灯，即使不游塔，也可来此拍摄外观。<br>\n            ·包括摩天轮、珠江摄影观景平台、蜘蛛侠栈道等景点，大部分以观景摄影为主。<br>\n            ·一般4点半-5点可以到达电视塔顶，观看日落及夜景。', '2019-05-06 07:53:13', '2019-05-06 08:53:33', 5611, 90, 5611);
INSERT INTO `view` VALUES (2, '沙面岛', 'Shameen Island', 3261, NULL, 1, '\r\n/shamiandao1.jpeg,/shamiandao2.jpeg,/shamiandao3.jpeg', b'1', '广州租界最后的“世外桃源”', '0757-85993319', NULL, '1-3小时', '·沙面是广州重要商埠，历经百年，在宋元明清时期为国内外通商要津，鸦片战争后沦为英、法租界。<br>\r\n·我国近代史与租界史的缩影，岛上欧陆风情建筑形成了独特的露天建筑“博物馆”。<br>\r\n·露德天主教圣母堂、沙面基督堂、海关馆舍、英国雪厂、汇丰银行等建筑都独具特色。<br>\r\n·岛上有如欧洲小镇，咖啡馆、教堂、餐厅以及酒吧出片率都很高，到这里拍照是个不错的选择。\r\n', '2019-06-08 13:08:09', '2019-06-05 13:08:20', 4677, 90, 4677);
INSERT INTO `view` VALUES (3, '陈家祠', 'Chenjia Ci', 3261, NULL, 1, '/chenjiaci1.jpeg,/chenjiaci2.jpeg,/chenjiaci3.jpeg', b'1', '在此能感受建筑的精美，家族的兴衰，感受历史的传承', '020-81814559;020-81817371', NULL, '1-3小时', '·原称陈氏书院，建于清光绪十四年，是广东现存规模最大、保存最完整、装饰最精美的中国清代宗祠建筑。<br>\r\n·主体建筑为五座三进、九堂六院，以大门、聚贤堂和后座为中轴线，由大小19座建筑组成建筑群体，各个单体建筑之间既独立又互相联系。<br>\r\n·祠内现仍可见精美建筑，遍布在祠堂内外的木雕、石雕、砖雕、泥塑、陶塑、铁铸工艺等装饰物件。', '2019-07-17 13:08:34', '2019-07-09 13:08:44', 2298, 90, 2298);
INSERT INTO `view` VALUES (4, '白云山', 'Baiyun Mountain', 3261, NULL, 1, '/baiyunshan1.jpeg,/baiyunshan2.jpeg,/baiyunshan3.jpeg', b'1', '南粤名山之一，广州有名的踏青胜地', '020-37222222', 'http://www.baiyunshan.com.cn/', '3小时以上', '·白云山是南粤名山之一，被称为羊城第一秀、南越第一山。<br>\r\n·由30多座山峰组成，登高可俯览全市，遥望珠江，是知名的踏青胜地。<br>\r\n·每当雨后天晴或暮春时节，山间白云缭绕，白云山名由此而来。<br>\r\n·分为明珠楼、摩星岭、鸣春谷、三台岭、麓湖、飞鹅岭及荷依岭七个游览区。<br>\r\n·景区内还能体验滑草、滑道、小型蹦极等娱乐项目。\r\n', '2019-07-27 13:08:53', '2019-11-19 13:09:07', 2230, 90, 2230);
INSERT INTO `view` VALUES (5, '越秀公园', 'Yuexiu Park', 3261, NULL, 1, '\r\n\r\n/yuexiupark1.jpeg,/yuexiupark2.jpeg,/yuexiupark3.jpeg', b'1', '羊城八景之一，内有“五羊石雕”', '020-86661950', 'http://www.yuexiupark-gz.com/', '1-3小时', '·广州最大的公园，自然风光优美，适合散步和锻炼身体。<br>\r\n·由主峰越井岗及周围桂花岗、木壳岗、鲤鱼岗等七个山岗和北秀、南秀、东秀三个人工湖组成。<br>\r\n·公园内有很多古迹，包括五羊石像、中山纪念碑、广州古城墙、四方炮台等。<br>\r\n·除了自然风光和古迹，公园内还有体育场、游泳场、金印游乐场等文化娱乐场所。<br>\r\n·公园西门口站附近就是光孝寺，还可以一天内游玩光孝寺及陈家祠。', '2019-08-24 13:09:13', '2019-07-10 13:09:22', 1927, 90, 1927);
INSERT INTO `view` VALUES (6, '黄埔军校旧址', NULL, 3261, NULL, 2, '/lingnanyingxiangyuan.jpeg', b'1', '孙中山于1924年创办的，是世界历史上四大军校之一。', NULL, NULL, NULL, NULL, '2019-09-11 15:12:07', '2019-05-06 08:53:33', 1812, 90, 1812);
INSERT INTO `view` VALUES (7, '上下步行街', NULL, 3261, NULL, 2, '/lingnanyingxiangyuan.jpeg', b'1', '中西合璧的西关风情特色，在此感受独特的岭南商业文化', NULL, NULL, NULL, NULL, '2019-09-10 15:12:14', '2019-05-06 08:53:33', 1800, 90, 1800);
INSERT INTO `view` VALUES (8, '中山大学', NULL, 3261, NULL, 2, '/lingnanyingxiangyuan.jpeg', b'1', '中国南方科学研究与人才培养的重地', NULL, NULL, NULL, NULL, '2019-05-06 07:53:13', '2019-05-06 08:53:33', 1700, 90, 1700);
INSERT INTO `view` VALUES (9, '广州长隆旅游度假区', NULL, 3261, NULL, 2, '/lingnanyingxiangyuan.jpeg', b'1', '整个度假区很适合带孩子游玩，家庭周末出游的上佳选择', NULL, NULL, NULL, NULL, '2019-05-06 07:53:13', '2019-05-06 08:53:33', 1698, 90, 1698);
INSERT INTO `view` VALUES (10, '小洲村', NULL, 3261, NULL, 2, '/lingnanyingxiangyuan.jpeg', b'1', '保留岭南水乡小桥流水人家的生活情态。', NULL, NULL, NULL, NULL, '2019-05-06 07:53:13', '2019-05-06 08:53:33', 1617, 90, 1617);
INSERT INTO `view` VALUES (11, '岭南印象园', NULL, 3261, NULL, 2, '/lingnanyingxiangyuan.jpeg', b'1', '体验岭南乡土风情和民俗文化的好去处', NULL, NULL, NULL, NULL, '2019-05-06 07:53:13', '2019-05-06 08:53:33', 1583, 90, 1583);
INSERT INTO `view` VALUES (12, '宝墨园', NULL, 3261, NULL, 2, '/lingnanyingxiangyuan.jpeg', b'1', '宝墨园是集古典建筑、岭南园林于一体的古建筑园林且具有一定的参观价值', NULL, NULL, NULL, NULL, '2019-07-17 13:08:34', '2019-05-06 08:53:33', 1573, 90, 1573);
INSERT INTO `view` VALUES (13, '西汉南越王博物馆', NULL, 3261, NULL, 2, '/lingnanyingxiangyuan.jpeg', b'1', '岭南规模最大汉代彩绘墓室，各式出土文物', NULL, NULL, NULL, NULL, '2019-07-17 13:08:34', '2019-05-06 08:53:33', 1478, 78, 1478);
INSERT INTO `view` VALUES (14, '红专厂创意园', NULL, 3261, NULL, 2, '/lingnanyingxiangyuan.jpeg', b'1', '浓浓的怀旧风，文艺范十足', NULL, NULL, NULL, NULL, '2019-07-17 13:08:34', '2019-05-06 08:53:33', 1427, 78, 1427);
INSERT INTO `view` VALUES (15, '华南植物园', NULL, 3261, NULL, 2, '/lingnanyingxiangyuan.jpeg', b'1', '全国三大植物园之一，深秋的时候别有一番风味', NULL, NULL, NULL, NULL, '2019-06-08 13:08:09', '2019-05-06 08:53:33', 1420, 78, 1420);
INSERT INTO `view` VALUES (16, '六榕寺', NULL, 3261, 1, 3, '/lingnanyingxiangyuan.jpeg', b'0', NULL, NULL, NULL, NULL, NULL, '2019-06-08 13:08:09', '2019-05-06 08:53:33', 700, 78, 1356);
INSERT INTO `view` VALUES (17, '琶洲塔', NULL, 3261, 1, 3, '/lingnanyingxiangyuan.jpeg', b'0', NULL, NULL, NULL, NULL, NULL, '2019-06-08 13:08:09', '2019-05-06 08:53:33', 548, 78, 126);
INSERT INTO `view` VALUES (18, '雁塔公园', NULL, 3261, 1, 3, '/lingnanyingxiangyuan.jpeg', b'0', NULL, NULL, NULL, NULL, NULL, '2019-06-08 13:08:09', '2019-05-06 08:53:33', 438, 78, 40);
INSERT INTO `view` VALUES (19, '仙姑塔', NULL, 3261, 1, 3, '/lingnanyingxiangyuan.jpeg', b'0', NULL, NULL, NULL, NULL, NULL, '2019-07-27 13:08:53', '2019-05-06 08:53:33', 390, 78, 22);
INSERT INTO `view` VALUES (20, '广州塔摩天轮', NULL, 3261, 1, 3, '/lingnanyingxiangyuan.jpeg', b'0', NULL, NULL, NULL, NULL, NULL, '2019-07-27 13:08:53', '2019-05-06 08:53:33', 380, 78, 80);
INSERT INTO `view` VALUES (21, '水博苑', NULL, 3261, 1, 3, '/lingnanyingxiangyuan.jpeg', b'0', NULL, NULL, NULL, NULL, NULL, '2019-07-27 13:08:53', '2019-05-06 08:53:33', 372, 78, 1);
INSERT INTO `view` VALUES (22, '450米观景平台', NULL, 3261, 1, 3, '/lingnanyingxiangyuan.jpeg', b'0', NULL, NULL, NULL, NULL, NULL, '2019-07-27 13:08:53', '2019-05-06 08:53:33', 289, 78, 4);
INSERT INTO `view` VALUES (23, '广州塔广场', NULL, 3261, 1, 3, '/lingnanyingxiangyuan.jpeg', b'0', NULL, NULL, NULL, NULL, NULL, '2019-07-27 13:08:53', '2019-05-06 08:53:33', 238, 78, 49);
INSERT INTO `view` VALUES (24, '荔枝湾古塔', NULL, 3261, 1, 3, '/lingnanyingxiangyuan.jpeg', b'0', NULL, NULL, NULL, NULL, NULL, '2019-08-24 13:09:13', '2019-05-06 08:53:33', 210, 78, 14);
INSERT INTO `view` VALUES (25, '花果山公园', NULL, 3261, 1, 3, '/lingnanyingxiangyuan.jpeg', b'0', NULL, NULL, NULL, NULL, NULL, '2019-08-24 13:09:13', '2019-05-06 08:53:33', 190, 78, 1);
INSERT INTO `view` VALUES (26, '文塔公园', NULL, 3261, 1, 3, '/lingnanyingxiangyuan.jpeg', b'0', NULL, NULL, NULL, NULL, NULL, '2019-08-24 13:09:13', '2019-05-06 08:53:33', 180, 78, 2);
INSERT INTO `view` VALUES (27, '文峰塔', NULL, 3261, 1, 3, '/lingnanyingxiangyuan.jpeg', b'0', NULL, NULL, NULL, NULL, NULL, '2019-08-24 13:09:13', '2019-05-06 08:53:33', 178, 78, 8);
INSERT INTO `view` VALUES (28, '小洲村', NULL, 3261, 2, 3, '/lingnanyingxiangyuan.jpeg', b'0', NULL, NULL, NULL, NULL, NULL, '2019-08-24 13:09:13', '2019-05-06 08:53:33', 176, 78, 176);
INSERT INTO `view` VALUES (29, '溪头村', NULL, 3261, 2, 3, '/lingnanyingxiangyuan.jpeg', b'0', NULL, NULL, NULL, NULL, NULL, '2019-09-10 15:12:14', '2019-05-06 08:53:33', 168, 50, 168);
INSERT INTO `view` VALUES (30, '钱岗古村', NULL, 3261, 2, 3, '/lingnanyingxiangyuan.jpeg', b'0', NULL, NULL, NULL, NULL, NULL, '2019-09-10 15:12:14', '2019-05-06 08:53:33', 165, 50, 165);
INSERT INTO `view` VALUES (31, '梯面镇', NULL, 3261, 3, 3, '/lingnanyingxiangyuan.jpeg', b'0', NULL, NULL, NULL, NULL, NULL, '2019-09-10 15:12:14', '2019-05-06 08:53:33', 163, 50, 163);
INSERT INTO `view` VALUES (32, '万顷沙镇', NULL, 3261, 3, 3, '/lingnanyingxiangyuan.jpeg', b'0', NULL, NULL, NULL, NULL, NULL, '2019-09-10 15:12:14', '2019-05-06 08:53:33', 153, 50, 153);
INSERT INTO `view` VALUES (33, '莲花山旅游区', NULL, 3261, 3, 3, '/lingnanyingxiangyuan.jpeg', b'0', NULL, NULL, NULL, NULL, NULL, '2019-09-10 15:12:14', '2019-05-06 08:53:33', 152, 50, 152);
INSERT INTO `view` VALUES (34, '黄花岗七十二烈士', NULL, 3261, 4, 3, '/lingnanyingxiangyuan.jpeg', b'0', NULL, NULL, NULL, NULL, NULL, '2019-09-10 15:12:14', '2019-05-06 08:53:33', 134, 50, 134);
INSERT INTO `view` VALUES (35, '华南植物园', NULL, 3261, 4, 3, '/lingnanyingxiangyuan.jpeg', b'0', NULL, NULL, NULL, NULL, NULL, '2019-09-10 15:12:14', '2019-05-06 08:53:33', 124, 50, 124);
INSERT INTO `view` VALUES (36, '百万葵园', NULL, 3261, 4, 3, '/lingnanyingxiangyuan.jpeg', b'0', NULL, NULL, NULL, NULL, NULL, '2019-09-10 15:12:14', '2019-05-06 08:53:33', 118, 50, 118);
INSERT INTO `view` VALUES (37, '石室圣心大教堂', NULL, 3261, 5, 3, '/lingnanyingxiangyuan.jpeg', b'0', NULL, NULL, NULL, NULL, NULL, '2019-09-10 15:12:14', '2019-05-06 08:53:33', 109, 50, 109);
INSERT INTO `view` VALUES (38, '中山纪念堂', NULL, 3261, 5, 3, '/lingnanyingxiangyuan.jpeg', b'0', NULL, NULL, NULL, NULL, NULL, '2019-09-10 15:12:14', '2019-05-06 08:53:33', 98, 50, 98);
INSERT INTO `view` VALUES (39, '沙面公园', NULL, 3261, 2, 3, '/lingnanyingxiangyuan.jpeg', b'0', NULL, NULL, NULL, NULL, NULL, '2019-09-10 15:12:14', '2019-05-06 08:53:33', 67, 50, 67);
INSERT INTO `view` VALUES (40, '广州美术馆', NULL, 3261, 5, 3, '/lingnanyingxiangyuan.jpeg', b'0', NULL, NULL, NULL, NULL, NULL, '2019-09-10 15:12:14', '2019-05-06 08:53:33', 43, 50, 43);
INSERT INTO `view` VALUES (41, '广州博物馆', NULL, 3261, 4, 3, '/lingnanyingxiangyuan.jpeg', b'0', NULL, NULL, NULL, NULL, NULL, '2019-09-10 15:12:14', '2019-05-06 08:53:33', 11, 50, 11);
INSERT INTO `view` VALUES (42, '广州景点', NULL, 3261, NULL, 0, '/lingnanyingxiangyuan.jpeg', NULL, NULL, NULL, NULL, NULL, '这个城市没有冬天，没有寒冷，永远都是那么暖意洋洋，永远都是那么热火朝天；这个城市的每一条街道，都灯火辉煌，明亮耀眼；广州大多数景点都需要1天的时间来游览，最有特色是有着异域风情的沙面和拥有130多年历史的石室圣心大教堂。另外陈家祠、现代化建筑广州塔和已有2100多年历史的南越王墓也是值得一看的地方。', NULL, NULL, NULL, NULL, NULL);

-- ----------------------------
-- Table structure for view_comment
-- ----------------------------
DROP TABLE IF EXISTS `view_comment`;
CREATE TABLE `view_comment`  (
  `id` bigint(20) NOT NULL AUTO_INCREMENT COMMENT '//景点点评的id',
  `view_id` bigint(20) NULL DEFAULT NULL COMMENT '//景点id',
  `user_id` bigint(20) NULL DEFAULT NULL COMMENT '//点评用户的id',
  `starNum` int(10) NULL DEFAULT NULL COMMENT '//总体评价的星星',
  `img` varchar(255) CHARACTER SET utf8mb4 COLLATE utf8mb4_general_ci NULL DEFAULT NULL COMMENT '//图片地址',
  `content` text CHARACTER SET utf8mb4 COLLATE utf8mb4_general_ci NULL COMMENT '//文本',
  `createTime` datetime(0) NULL DEFAULT NULL COMMENT '//创建时间',
  `sceneNum` int(10) NULL DEFAULT NULL COMMENT '//风光评价的星星',
  `specialNum` int(10) NULL DEFAULT NULL COMMENT '//特色评价的星星',
  `serviceNum` int(10) NULL DEFAULT NULL COMMENT '//服务评价的星星',
  `type` varchar(255) CHARACTER SET utf8mb4 COLLATE utf8mb4_general_ci NULL DEFAULT NULL COMMENT '//2好评1中评0差评',
  `thumbsupnum` int(11) NULL DEFAULT NULL COMMENT '//点赞数',
  `goldenComment` bit(1) NULL DEFAULT NULL COMMENT '//是否是金牌点评',
  `hasImg` bit(1) NULL DEFAULT NULL COMMENT '//是否有图',
  PRIMARY KEY (`id`) USING BTREE
) ENGINE = InnoDB AUTO_INCREMENT = 23 CHARACTER SET = utf8mb4 COLLATE = utf8mb4_general_ci ROW_FORMAT = Compact;

-- ----------------------------
-- Records of view_comment
-- ----------------------------
INSERT INTO `view_comment` VALUES (1, 1, 1, 4, '/comment1.jpeg,/comment2.jpeg,/comment3.jpeg,/comment4.jpeg', '<p class=\"rev-txt\">这个广州地标建筑，外观还是挺漂亮的，小蛮腰！<br>\r\n                                    至于登塔后的景色，我觉得在高处看，所有城市的景色真的都差不多，所以并没有多少惊艳的感觉，塔顶的摩天轮可以坐坐，起码可以360度看看整个城市的景色，能看得到下面的珠江。<br>\r\n                                    至于什么白云观景大厅，星空观景大厅，真是挺无聊的，只不过是屋顶的天棚是蓝天白云的装饰风格和星空的装饰风格而已，人很多，闹哄哄的，然后必须吐槽一下照片，登塔的时候在绿幕前给拍张照片，然后电脑合成一下，一张要120元，2张160元，这种最简单的换背景PS技术，卖这个价格我也是服气的。吐糟吐糟！\r\n                                </p>', '2019-11-20 17:21:50', 5, 5, 3, '2', 24, b'1', b'1');
INSERT INTO `view_comment` VALUES (2, 1, 2, 4, '/comment5.jpeg,/comment5.jpeg,/comment5.jpeg,/comment5.jpeg', '<p class=\"rev-txt\">广州塔–<br>\r\n                                    广州多年的地标<br>\r\n                                    可先前往广州地铁博物馆参观<br>\r\n                                    再乘坐有轨电车🚃🚃🚃<br>\r\n                                    经过7.7公里长的草地轨道<br>\r\n                                    沿着江边看风景<br>\r\n                                    珠江新城CBD<br>\r\n                                    还有猎德大桥，会展中心，琶洲塔，琶洲大桥，广州塔…轻轨一程只要3块~</p>', '2019-10-24 19:24:30', 5, 4, 3, '2', 23, b'1', b'1');
INSERT INTO `view_comment` VALUES (3, 1, 1, 3, '/baiyunshan1.jpeg,/baiyunshan1.jpeg,/baiyunshan1.jpeg', '<p class=\"rev-txt\">广州塔又称广州新电视塔，昵称小蛮腰。位于广州市海珠区赤岗塔附近，距离珠江南岸125米。广州塔塔身主体高454米，天线桅杆高146米，总高度600米。是中国第一高塔，世界第二高塔，仅次于东京晴空塔。广州塔塔身168~334.4米处设有“蜘蛛侠栈道”，是世界最高最长的空中漫步云梯。塔身422.8米处设有旋转餐厅，是世界最高的旋转餐厅。塔身顶部450~454米处设有摩天轮，是世界最高摩天轮。天线桅杆455~485米处设有“极速云霄”速降游乐项目，是世界最高的垂直速降游乐项目。天线桅杆488米处设有户外摄影观景平台，是世界最高的户外观景平台，超越了迪拜哈利法塔的442米室外观景平台，以及加拿大国家电视塔447米的“天空之盖”的高度。<br></p>\r\n', '2019-09-25 19:26:24', 3, 4, 3, '1', 15, b'0', b'1');
INSERT INTO `view_comment` VALUES (4, 1, 2, 3, '/baiyunshan1.jpeg,/baiyunshan1.jpeg,/baiyunshan1.jpeg', '<p class=\"rev-txt\">test</p>', '2019-08-21 19:30:08', 4, 4, 3, '1', 4, b'0', b'1');
INSERT INTO `view_comment` VALUES (5, 1, 1, 3, '/baiyunshan1.jpeg,/baiyunshan1.jpeg,/baiyunshan1.jpeg', 'ff', '2019-11-24 22:29:22', 4, 4, 0, '1', 0, b'0', b'1');
INSERT INTO `view_comment` VALUES (6, 1, 1, 3, '/baiyunshan1.jpeg,/baiyunshan1.jpeg,/baiyunshan1.jpeg', 'ff', '2019-11-24 22:29:27', 4, 4, 0, '1', 0, b'0', b'1');
INSERT INTO `view_comment` VALUES (7, 1, 1, 4, NULL, 'dzd', '2019-11-24 22:31:50', 5, 5, 5, '2', 0, b'0', b'0');
INSERT INTO `view_comment` VALUES (8, 1, 1, 4, NULL, 'jsaj\ndjadj\ndjpoasjd', '2019-11-24 22:34:28', 5, 5, 5, '2', 0, b'0', b'0');
INSERT INTO `view_comment` VALUES (15, 1, 1, 4, NULL, 'ddsaf', '2019-11-25 19:40:17', 4, 5, 5, '2', 0, b'0', b'0');
INSERT INTO `view_comment` VALUES (16, 1, 1, 4, NULL, 'ddsaf', '2019-11-25 19:40:12', 4, 5, 5, '2', 0, b'0', b'0');
INSERT INTO `view_comment` VALUES (17, 1, 1, 4, '/bf15d2a2-373f-4763-a97e-31514ec5f75f.jpg,', 'k;l;', '2019-11-25 19:47:01', 4, 4, 5, '2', 0, b'0', b'1');
INSERT INTO `view_comment` VALUES (18, 1, 1, 4, '/bf15d2a2-373f-4763-a97e-31514ec5f75f.jpg,/708a0a10-d5fe-4851-8ca1-ac3d39d3eddb.png,/fa1c03ac-d990-4551-9462-bff7f95d32e9.jpeg,', 'k;l;', '2019-11-25 19:47:40', 4, 4, 5, '2', 0, b'0', b'1');
INSERT INTO `view_comment` VALUES (19, 1, 1, 4, '/b4296e25-b49d-4ddc-ad29-fbfde72780e1.jpg,/655def3b-9c87-44f2-8eb5-a157ade9814f.jpg,', 'ffrewg', '2019-11-25 20:04:15', 5, 4, 5, '2', 0, b'0', b'1');
INSERT INTO `view_comment` VALUES (20, 1, 1, 0, '', '潇洒潇洒', '2019-11-26 20:34:36', 0, 0, 0, '0', 0, b'0', b'0');
INSERT INTO `view_comment` VALUES (21, 1, 1, 3, '/ecb3bcb1-e62f-4b37-8a5c-af528013e3c1.jpeg,/4da3c21b-71d8-41d5-abf0-f492e6698f50.jpeg,', '点评测试', '2019-11-27 09:36:07', 2, 1, 3, '1', 0, b'0', b'1');
INSERT INTO `view_comment` VALUES (22, 1, 1, 3, '/3fbb45cc-71ce-4e4f-a8fe-27273227b4f2.jpg,', '一般般', '2019-11-27 11:24:17', 3, 3, 3, '1', 0, b'0', b'1');

-- ----------------------------
-- Table structure for view_content
-- ----------------------------
DROP TABLE IF EXISTS `view_content`;
CREATE TABLE `view_content`  (
  `id` int(20) NULL DEFAULT NULL,
  `content` text CHARACTER SET utf8mb4 COLLATE utf8mb4_general_ci NULL
) ENGINE = InnoDB CHARACTER SET = utf8mb4 COLLATE = utf8mb4_general_ci ROW_FORMAT = Compact;

-- ----------------------------
-- Records of view_content
-- ----------------------------
INSERT INTO `view_content` VALUES (1, '<dl>\n            <dt>交通</dt>\n            <dd>地铁：乘坐APM线或者3号线至赤岗塔站；<br>\n                公交：乘坐121、121A、204、夜42、旅游2线至赤岗塔站。\n            </dd>\n        </dl>\n        <dl>\n            <dt>门票</dt>\n            <dd>\n                <div >\n                    <div> 433米白云星空观光票:150人民币；450米塔顶游乐套票:228人民币；460米摩天轮游乐套票:298人民币；488米一塔倾城游乐套票:398人民币 (1月1日-12月31日\n                        周一-周日)<br>\n                        半票:1.2米至1.5米儿童实行半票优惠<br>\n                        免票:6周岁及以下或1.2米及以下儿童免票（每名非免票成人限带一名免票儿童进场）<br>\n                    </div>\n\n                </div>\n               \n            </dd>\n        </dl>\n        <dl>\n            <dt>开放时间</dt>\n            <dd>\n                <div>09:30-22:30；停止入场时间:22:00 (1月1日-12月31日 周一-周日)<br>\n                    tips:<br>\n                    摩天轮：10:00-22:30；逢周一：15:00-22:30；每月最后一周周一：17:00-22:30。<br>\n                    极速云霄：10:00-22:30；逢周一：12:00-22:30；每月最后一周周一：17:00-22:30。<br>\n                    广州塔实行分时段观光游览，门票以2小时为一个时段。入塔时间为:09:30、12:00、14:00、16:00、20:00\n                </div>\n               \n            </dd>\n        </dl>');
INSERT INTO `view_content` VALUES (2, '<dl>\r\n            <dt>交通</dt>\r\n            <dd>1、可在广州火车站总站坐823路（坐11站）到市中医院站下，走约110米到沙面岛。<br>\r\n                2、从广州站乘坐出租车：共行驶5.9公里，费用18元（费用仅供参考，不含过路费和过桥费）。<br>\r\n	3、乘坐地铁1号线到黄沙站D出口天桥对面，出站后走约10分钟可到。\r\n            </dd>\r\n        </dl>\r\n        <dl>\r\n            <dt>门票</dt>\r\n            <dd>\r\n                <div >\r\n                    <div> \r\n		免费<br>\r\n	 </div>\r\n\r\n                </div>\r\n               \r\n            </dd>\r\n        </dl>\r\n        <dl>\r\n            <dt>开放时间</dt>\r\n            <dd>\r\n                <div>\r\n	全天<br>\r\n                 </div>\r\n               \r\n            </dd>\r\n        </dl>');
INSERT INTO `view_content` VALUES (3, '<dl>\r\n            <dt>交通</dt>\r\n            <dd>1、地铁1号线在陈家祠站下车即到。<br>\r\n	2、乘坐公交85、88、104、107、109、114、128、193、204、233、250、260、268、286路陈家祠站下；或3、公交15、52、55、105、133、196、207、232、223、549、555路至荔湾路站下。<br>\r\n            </dd>\r\n        </dl>\r\n        <dl>\r\n            <dt>门票</dt>\r\n            <dd>\r\n                <div >\r\n                    <div> 普通票:10人民币 (1月1日-12月31日 周一-周日)<br>\r\n		半票:学生及退休人员凭证<br>\r\n		免票:70岁以上老人<br>\r\n		\r\n                    </div>\r\n\r\n                </div>\r\n               \r\n            </dd>\r\n        </dl>\r\n        <dl>\r\n            <dt>开放时间</dt>\r\n            <dd>\r\n                <div>08:30-17:30 (1月1日-12月31日 周一-周日)<br>\r\n                       </div>\r\n               \r\n            </dd>\r\n        </dl>');
INSERT INTO `view_content` VALUES (4, '<dl>\r\n            <dt>交通</dt>\r\n            <dd>1、在越华路上乘到白云山的专线车；<br>\r\n	2、乘11路公交车至沙河濂泉路再步行上山；<br>\r\n	3、乘24、257、223、36、285、540路公交车先到云台花园，再乘缆车（全长1672米）上山 。<br>\r\n            </dd>\r\n        </dl>\r\n        <dl>\r\n            <dt>门票</dt>\r\n            <dd>\r\n                <div >\r\n                    <div> 普通票:5人民币；年票:200人民币；月票:20人民币；索道:上山单程票25人民币/下山单程票20人民币；云台花园/鸣春谷:10人民币；碑林/摩星岭/桃花涧:5人民币 (1月1日-12月31日 周一-周日)<br>\r\n		半票:持有效证件的全日制大学本科及以下学生、 6岁至18岁未成年人、60岁至64岁老人<br>\r\n		免票:6岁或身高1.2米以下儿童、65岁以上老人、现役军人、军队离退休干部、残疾人凭有效证件<br>\r\n		tips:<br>\r\n		景区非常大，建议提前浏览官网规划好游览线路。<br>\r\n                    </div>\r\n\r\n                </div>\r\n               \r\n            </dd>\r\n        </dl>\r\n        <dl>\r\n            <dt>开放时间</dt>\r\n            <dd>\r\n                <div>全天09:00-18:00(索道) (1月1日-12月31日 周一-周日)<br>\r\n                       </div>\r\n               \r\n            </dd>\r\n        </dl>');
INSERT INTO `view_content` VALUES (5, '<dl>\r\n            <dt>交通</dt>\r\n            <dd>5、6、10、21、24、33、58、63、101、122、127路公交车至越秀公园站下；也可乘地铁2号线越秀公园站B1出口下，出站往反方向走约几十米即可到达大门。<br>\r\n               \r\n            </dd>\r\n        </dl>\r\n        <dl>\r\n            <dt>门票</dt>\r\n            <dd>\r\n                <div >\r\n                    <div>免费<br>\r\n                    </div>\r\n\r\n                </div>\r\n               \r\n            </dd>\r\n        </dl>\r\n        <dl>\r\n            <dt>开放时间</dt>\r\n            <dd>\r\n                <div>06:00-22:00 (1月1日-12月31日 周一-周日)<br>\r\n                    \r\n                </div>\r\n               \r\n            </dd>\r\n        </dl>\r\n');

-- ----------------------------
-- Table structure for view_tag
-- ----------------------------
DROP TABLE IF EXISTS `view_tag`;
CREATE TABLE `view_tag`  (
  `id` int(10) NOT NULL AUTO_INCREMENT,
  `name` varchar(255) CHARACTER SET utf8mb4 COLLATE utf8mb4_general_ci NULL DEFAULT NULL,
  PRIMARY KEY (`id`) USING BTREE
) ENGINE = InnoDB AUTO_INCREMENT = 6 CHARACTER SET = utf8mb4 COLLATE = utf8mb4_general_ci ROW_FORMAT = Compact;

-- ----------------------------
-- Records of view_tag
-- ----------------------------
INSERT INTO `view_tag` VALUES (1, '周边古村落');
INSERT INTO `view_tag` VALUES (2, '羊城八景');
INSERT INTO `view_tag` VALUES (3, '赏花佳地');
INSERT INTO `view_tag` VALUES (4, '老建筑');
INSERT INTO `view_tag` VALUES (5, '小清新地儿');

-- ----------------------------
-- Table structure for view_tag_relation
-- ----------------------------
DROP TABLE IF EXISTS `view_tag_relation`;
CREATE TABLE `view_tag_relation`  (
  `view_id` int(11) NULL DEFAULT NULL,
  `tag_id` int(11) NULL DEFAULT NULL
) ENGINE = InnoDB CHARACTER SET = utf8mb4 COLLATE = utf8mb4_general_ci ROW_FORMAT = Compact;

-- ----------------------------
-- Records of view_tag_relation
-- ----------------------------
INSERT INTO `view_tag_relation` VALUES (28, 1);
INSERT INTO `view_tag_relation` VALUES (29, 1);
INSERT INTO `view_tag_relation` VALUES (30, 1);
INSERT INTO `view_tag_relation` VALUES (31, 1);
INSERT INTO `view_tag_relation` VALUES (32, 1);
INSERT INTO `view_tag_relation` VALUES (3, 2);
INSERT INTO `view_tag_relation` VALUES (4, 2);
INSERT INTO `view_tag_relation` VALUES (5, 2);
INSERT INTO `view_tag_relation` VALUES (33, 2);
INSERT INTO `view_tag_relation` VALUES (34, 2);
INSERT INTO `view_tag_relation` VALUES (5, 3);
INSERT INTO `view_tag_relation` VALUES (35, 3);
INSERT INTO `view_tag_relation` VALUES (36, 3);
INSERT INTO `view_tag_relation` VALUES (37, 4);
INSERT INTO `view_tag_relation` VALUES (38, 4);
INSERT INTO `view_tag_relation` VALUES (28, 5);
INSERT INTO `view_tag_relation` VALUES (14, 5);
INSERT INTO `view_tag_relation` VALUES (2, 5);
INSERT INTO `view_tag_relation` VALUES (16, 4);

SET FOREIGN_KEY_CHECKS = 1;
